Strain_Name,Has_BamA,Best_Evalue,Hit_Locus_Tag,Final_Classification
GCF_000008925.1,False,,Clean,Monoderm (Keep)
GCF_000009865.1,False,,Clean,Monoderm (Keep)
GCF_000009585.1,False,,Clean,Monoderm (Keep)
GCF_000008245.1,False,,Clean,Monoderm (Keep)
GCF_000008365.1,False,,Clean,Monoderm (Keep)
GCF_000008305.1,False,,Clean,Monoderm (Keep)
GCF_000009665.1,False,,Clean,Monoderm (Keep)
GCF_000010585.1,False,,Clean,Monoderm (Keep)
GCF_000008205.1,False,,Clean,Monoderm (Keep)
GCF_000008225.1,False,,Clean,Monoderm (Keep)
GCF_000007525.1,False,,Clean,Monoderm (Keep)
GCF_000006625.1,False,,Clean,Monoderm (Keep)
GCF_000010185.1,False,,Clean,Monoderm (Keep)
GCF_000007645.1,False,,Clean,Monoderm (Keep)
GCF_000008405.1,False,,Clean,Monoderm (Keep)
GCF_000007485.1,False,,Clean,Monoderm (Keep)
GCF_000006605.1,False,,Clean,Monoderm (Keep)
GCF_000010125.1,False,,Clean,Monoderm (Keep)
GCF_000009645.1,False,,Clean,Monoderm (Keep)
GCF_000009685.1,False,,Clean,Monoderm (Keep)
GCF_000005825.2,False,,Clean,Monoderm (Keep)
GCF_000009785.1,False,,Clean,Monoderm (Keep)
GCF_000008945.1,False,,Clean,Monoderm (Keep)
GCF_000008505.1,False,,Clean,Monoderm (Keep)
GCF_000007625.1,False,,Clean,Monoderm (Keep)
GCF_000007785.1,False,,Clean,Monoderm (Keep)
GCF_000010265.1,False,,Clean,Monoderm (Keep)
GCF_000009205.2,False,,Clean,Monoderm (Keep)
GCF_000007825.1,False,,Clean,Monoderm (Keep)
GCF_000010225.1,False,,Clean,Monoderm (Keep)
GCF_000008765.1,False,,Clean,Monoderm (Keep)
GCF_000011225.1,False,,Clean,Monoderm (Keep)
GCF_000009805.1,False,,Clean,Monoderm (Keep)
GCF_000008005.1,False,,Clean,Monoderm (Keep)
GCF_000009025.1,False,,Clean,Monoderm (Keep)
GCF_000010105.1,False,,Clean,Monoderm (Keep)
GCF_000011025.1,False,,Clean,Monoderm (Keep)
GCF_000007285.1,False,,Clean,Monoderm (Keep)
GCF_000008065.1,False,,Clean,Monoderm (Keep)
GCF_000006785.2,False,,Clean,Monoderm (Keep)
GCF_000009545.1,False,,Clean,Monoderm (Keep)
GCF_000009385.1,False,,Clean,Monoderm (Keep)
GCF_000010705.1,False,,Clean,Monoderm (Keep)
GCF_000010145.1,False,,Clean,Monoderm (Keep)
GCF_000010005.1,False,,Clean,Monoderm (Keep)
GCF_000007425.1,False,,Clean,Monoderm (Keep)
GCF_000007265.1,False,,Clean,Monoderm (Keep)
GCF_000010425.1,False,,Clean,Monoderm (Keep)
GCF_000006885.1,False,,Clean,Monoderm (Keep)
GCF_000007045.1,False,,Clean,Monoderm (Keep)
GCF_000008445.1,False,,Clean,Monoderm (Keep)
GCF_000006865.1,False,,Clean,Monoderm (Keep)
GCF_000008345.1,False,,Clean,Monoderm (Keep)
GCF_000011045.1,False,,Clean,Monoderm (Keep)
GCF_000010285.1,False,,Clean,Monoderm (Keep)
GCF_000008285.1,False,,Clean,Monoderm (Keep)
GCF_000007085.1,False,,Clean,Monoderm (Keep)
GCF_000007465.2,False,,Clean,Monoderm (Keep)
GCF_000010465.1,False,,Clean,Monoderm (Keep)
GCF_000009005.1,False,,Clean,Monoderm (Keep)
GCF_000009405.1,False,,Clean,Monoderm (Keep)
GCF_000007665.1,False,,Clean,Monoderm (Keep)
GCF_000009425.1,False,,Clean,Monoderm (Keep)
GCF_000009905.1,False,,Clean,Monoderm (Keep)
GCF_000010445.1,False,,Clean,Monoderm (Keep)
GCF_000011145.1,False,,Clean,Monoderm (Keep)
GCF_000009825.1,False,,Clean,Monoderm (Keep)
GCF_000008585.1,False,,Clean,Monoderm (Keep)
GCF_000008425.1,False,,Clean,Monoderm (Keep)
GCF_000010685.1,False,,Clean,Monoderm (Keep)
GCF_000009445.1,False,,Clean,Monoderm (Keep)
GCF_000008165.1,False,,Clean,Monoderm (Keep)
GCF_000007845.1,False,,Clean,Monoderm (Keep)
GCF_000007865.1,False,,Clean,Monoderm (Keep)
GCF_000009045.1,False,,Clean,Monoderm (Keep)
GCF_000010045.1,False,,Clean,Monoderm (Keep)
GCF_000010165.1,False,,Clean,Monoderm (Keep)
GCF_000010805.1,False,,Clean,Monoderm (Keep)
GCF_000011445.1,False,,Clean,Monoderm (Keep)
GCF_000012225.1,False,,Clean,Monoderm (Keep)
GCF_000011525.1,False,,Clean,Monoderm (Keep)
GCF_000011305.1,False,,Clean,Monoderm (Keep)
GCF_000011905.1,False,,Clean,Monoderm (Keep)
GCF_000011285.1,False,,Clean,Monoderm (Keep)
GCF_000009765.2,False,,Clean,Monoderm (Keep)
GCF_000011505.1,False,,Clean,Monoderm (Keep)
GCF_000011265.1,False,,Clean,Monoderm (Keep)
GCF_000011245.1,False,,Clean,Monoderm (Keep)
GCF_000011325.1,False,,Clean,Monoderm (Keep)
GCF_000010605.1,False,,Clean,Monoderm (Keep)
GCF_000012765.1,False,,Clean,Monoderm (Keep)
GCF_000011925.1,False,,Clean,Monoderm (Keep)
GCF_000011765.3,False,,Clean,Monoderm (Keep)
GCF_000011825.1,False,,Clean,Monoderm (Keep)
GCF_000011845.1,False,,Clean,Monoderm (Keep)
GCF_000011665.1,False,,Clean,Monoderm (Keep)
GCF_000011985.1,False,,Clean,Monoderm (Keep)
GCF_000012165.2,False,,Clean,Monoderm (Keep)
GCF_000012705.1,False,,Clean,Monoderm (Keep)
GCF_000011645.1,False,,Clean,Monoderm (Keep)
GCF_000011625.1,False,,Clean,Monoderm (Keep)
GCF_000013505.1,False,,Clean,Monoderm (Keep)
GCF_000013545.1,False,,Clean,Monoderm (Keep)
GCF_000013425.1,False,,Clean,Monoderm (Keep)
GCF_000014545.1,False,,Clean,Monoderm (Keep)
GCF_000014485.1,False,,Clean,Monoderm (Keep)
GCF_000013845.2,False,,Clean,Monoderm (Keep)
GCF_000014465.1,False,,Clean,Monoderm (Keep)
GCF_000012045.1,False,,Clean,Monoderm (Keep)
GCF_000014445.1,False,,Clean,Monoderm (Keep)
GCF_000014525.1,False,,Clean,Monoderm (Keep)
GCF_000013465.1,False,,Clean,Monoderm (Keep)
GCF_000014405.1,False,,Clean,Monoderm (Keep)
GCF_000015385.1,False,,Clean,Monoderm (Keep)
GCF_000014505.1,False,,Clean,Monoderm (Keep)
GCF_000014385.1,False,,Clean,Monoderm (Keep)
GCF_000013485.1,False,,Clean,Monoderm (Keep)
GCF_000014425.1,False,,Clean,Monoderm (Keep)
GCF_000014125.1,False,,Clean,Monoderm (Keep)
GCF_000014205.1,False,,Clean,Monoderm (Keep)
GCF_000014365.2,False,,Clean,Monoderm (Keep)
GCF_000012865.1,False,,Clean,Monoderm (Keep)
GCF_000014725.1,False,,Clean,Monoderm (Keep)
GCF_000015025.1,False,,Clean,Monoderm (Keep)
GCF_000014185.1,False,,Clean,Monoderm (Keep)
GCF_000013285.1,False,,Clean,Monoderm (Keep)
GCF_000017085.1,False,,Clean,Monoderm (Keep)
GCF_000016805.1,False,,Clean,Monoderm (Keep)
GCF_000017065.1,False,,Clean,Monoderm (Keep)
GCF_000015745.1,False,,Clean,Monoderm (Keep)
GCF_000017005.1,False,,Clean,Monoderm (Keep)
GCF_000016505.1,False,,Clean,Monoderm (Keep)
GCF_000014925.1,False,,Clean,Monoderm (Keep)
GCF_000013925.1,False,,Clean,Monoderm (Keep)
GCF_000016825.1,False,,Clean,Monoderm (Keep)
GCF_000015865.1,False,,Clean,Monoderm (Keep)
GCF_000016545.1,False,,Clean,Monoderm (Keep)
GCF_000017045.1,False,,Clean,Monoderm (Keep)
GCF_000016145.1,False,,Clean,Monoderm (Keep)
GCF_000017025.1,False,,Clean,Monoderm (Keep)
GCF_000016165.1,False,,Clean,Monoderm (Keep)
GCF_000015785.2,False,,Clean,Monoderm (Keep)
GCF_000013345.1,False,,Clean,Monoderm (Keep)
GCF_000015065.1,False,,Clean,Monoderm (Keep)
GCF_000014985.1,False,,Clean,Monoderm (Keep)
GCF_000015305.1,False,,Clean,Monoderm (Keep)
GCF_000017425.1,False,,Clean,Monoderm (Keep)
GCF_000015265.1,False,,Clean,Monoderm (Keep)
GCF_000015005.1,False,,Clean,Monoderm (Keep)
GCF_000017305.1,False,,Clean,Monoderm (Keep)
GCF_000016665.1,False,,Clean,Monoderm (Keep)
GCF_000016985.1,False,,Clean,Monoderm (Keep)
GCF_000016925.1,False,,Clean,Monoderm (Keep)
GCF_000016425.1,False,,Clean,Monoderm (Keep)
GCF_000017805.1,False,,Clean,Monoderm (Keep)
GCF_000016965.1,False,,Clean,Monoderm (Keep)
GCF_000017885.4,False,,Clean,Monoderm (Keep)
GCF_000019345.1,False,,Clean,Monoderm (Keep)
GCF_000019025.1,False,,Clean,Monoderm (Keep)
GCF_000019825.1,False,,Clean,Monoderm (Keep)
GCF_000018125.1,False,,Clean,Monoderm (Keep)
GCF_000019005.1,False,,Clean,Monoderm (Keep)
GCF_000018185.1,False,,Clean,Monoderm (Keep)
GCF_000017965.1,False,,Clean,Monoderm (Keep)
GCF_000019985.1,False,,Clean,Monoderm (Keep)
GCF_000018425.1,False,,Clean,Monoderm (Keep)
GCF_000019265.1,False,,Clean,Monoderm (Keep)
GCF_000019165.1,False,,Clean,Monoderm (Keep)
GCF_000020065.1,False,,Clean,Monoderm (Keep)
GCF_000021265.1,False,,Clean,Monoderm (Keep)
GCF_000020005.1,False,,Clean,Monoderm (Keep)
GCF_000019905.1,False,,Clean,Monoderm (Keep)
GCF_000023685.1,False,,Clean,Monoderm (Keep)
GCF_000018825.1,False,,Clean,Monoderm (Keep)
GCF_000019545.1,False,,Clean,Monoderm (Keep)
GCF_000020165.1,False,,Clean,Monoderm (Keep)
GCF_000019305.1,False,,Clean,Monoderm (Keep)
GCF_000019245.4,False,,Clean,Monoderm (Keep)
GCF_000018785.1,False,,Clean,Monoderm (Keep)
GCF_000023165.1,False,,Clean,Monoderm (Keep)
GCF_000019065.1,False,,Clean,Monoderm (Keep)
GCF_000021425.1,False,,Clean,Monoderm (Keep)
GCF_000018345.1,False,,Clean,Monoderm (Keep)
GCF_000021685.1,False,,Clean,Monoderm (Keep)
GCF_000019085.1,False,,Clean,Monoderm (Keep)
GCF_000020765.1,False,,Clean,Monoderm (Keep)
GCF_000018985.1,False,,Clean,Monoderm (Keep)
GCF_000018965.1,False,,Clean,Monoderm (Keep)
GCF_000018325.1,False,,Clean,Monoderm (Keep)
GCF_000018885.1,False,,Clean,Monoderm (Keep)
GCF_000020425.1,False,,Clean,Monoderm (Keep)
GCF_000021185.1,False,,Clean,Monoderm (Keep)
GCF_000020485.1,True,5.4e-54,HORE_RS09195,Diderm (Exclude)
GCF_000019045.1,False,,Clean,Monoderm (Keep)
GCF_000018685.1,False,,Clean,Monoderm (Keep)
GCF_000018865.1,False,,Clean,Monoderm (Keep)
GCF_000020345.1,False,,Clean,Monoderm (Keep)
GCF_000022905.1,False,,Clean,Monoderm (Keep)
GCF_000023845.1,False,,Clean,Monoderm (Keep)
GCF_000022325.1,False,,Clean,Monoderm (Keep)
GCF_000022705.1,False,,Clean,Monoderm (Keep)
GCF_000022965.1,False,,Clean,Monoderm (Keep)
GCF_000023145.1,False,,Clean,Monoderm (Keep)
GCF_000023205.1,False,,Clean,Monoderm (Keep)
GCF_000023265.1,False,,Clean,Monoderm (Keep)
GCF_000023885.1,False,,Clean,Monoderm (Keep)
GCF_000023085.1,False,,Clean,Monoderm (Keep)
GCF_000022925.1,False,,Clean,Monoderm (Keep)
GCF_000023045.1,False,,Clean,Monoderm (Keep)
GCF_000021945.1,False,,Clean,Monoderm (Keep)
GCF_000020285.1,False,,Clean,Monoderm (Keep)
GCF_000022765.1,False,,Clean,Monoderm (Keep)
GCF_000023105.1,False,,Clean,Monoderm (Keep)
GCF_000022065.1,False,,Clean,Monoderm (Keep)
GCF_000023865.1,False,,Clean,Monoderm (Keep)
GCF_000021925.1,False,,Clean,Monoderm (Keep)
GCF_000022505.1,False,,Clean,Monoderm (Keep)
GCF_000021305.1,False,,Clean,Monoderm (Keep)
GCF_000021785.1,False,,Clean,Monoderm (Keep)
GCF_000023925.1,False,,Clean,Monoderm (Keep)
GCF_000022865.1,False,,Clean,Monoderm (Keep)
GCF_000022025.1,False,,Clean,Monoderm (Keep)
GCF_000021445.1,False,,Clean,Monoderm (Keep)
GCF_000021205.1,False,,Clean,Monoderm (Keep)
GCF_000023405.1,False,,Clean,Monoderm (Keep)
GCF_000023585.1,False,,Clean,Monoderm (Keep)
GCF_000023625.1,False,,Clean,Monoderm (Keep)
GCF_000024225.1,False,,Clean,Monoderm (Keep)
GCF_000024065.1,False,,Clean,Monoderm (Keep)
GCF_000024105.1,False,,Clean,Monoderm (Keep)
GCF_000024285.1,False,,Clean,Monoderm (Keep)
GCF_000024265.1,False,,Clean,Monoderm (Keep)
GCF_000024205.1,False,,Clean,Monoderm (Keep)
GCF_000023245.1,False,,Clean,Monoderm (Keep)
GCF_000024025.1,False,,Clean,Monoderm (Keep)
GCF_000024585.1,False,,Clean,Monoderm (Keep)
GCF_000026205.1,False,,Clean,Monoderm (Keep)
GCF_000027325.1,False,,Clean,Monoderm (Keep)
GCF_000026405.1,False,,Clean,Monoderm (Keep)
GCF_000024605.1,False,,Clean,Monoderm (Keep)
GCF_000085865.1,False,,Clean,Monoderm (Keep)
GCF_000025845.1,False,,Clean,Monoderm (Keep)
GCF_000025365.1,False,,Clean,Monoderm (Keep)
GCF_000025385.1,False,,Clean,Monoderm (Keep)
GCF_000027345.1,False,,Clean,Monoderm (Keep)
GCF_000026525.1,False,,Clean,Monoderm (Keep)
GCF_000025045.1,False,,Clean,Monoderm (Keep)
GCF_000089865.1,False,,Clean,Monoderm (Keep)
GCF_000063605.1,False,,Clean,Monoderm (Keep)
GCF_000025245.2,False,,Clean,Monoderm (Keep)
GCF_000024965.1,False,,Clean,Monoderm (Keep)
GCF_000025205.1,False,,Clean,Monoderm (Keep)
GCF_000025025.1,False,,Clean,Monoderm (Keep)
GCF_000025225.2,False,,Clean,Monoderm (Keep)
GCF_000026065.1,False,,Clean,Monoderm (Keep)
GCF_000024985.1,False,,Clean,Monoderm (Keep)
GCF_000026605.1,False,,Clean,Monoderm (Keep)
GCF_000026585.1,False,,Clean,Monoderm (Keep)
GCF_000025765.1,False,,Clean,Monoderm (Keep)
GCF_000025005.1,False,,Clean,Monoderm (Keep)
GCF_000025085.1,False,,Clean,Monoderm (Keep)
GCF_000026485.1,False,,Clean,Monoderm (Keep)
GCF_000024445.1,False,,Clean,Monoderm (Keep)
GCF_000025645.1,False,,Clean,Monoderm (Keep)
GCF_000026665.1,False,,Clean,Monoderm (Keep)
GCF_000026505.1,False,,Clean,Monoderm (Keep)
GCF_000026705.1,False,,Clean,Monoderm (Keep)
GCF_000025145.1,False,,Clean,Monoderm (Keep)
GCF_000024925.1,False,,Clean,Monoderm (Keep)
GCF_000024365.1,False,,Clean,Monoderm (Keep)
GCF_000024345.1,False,,Clean,Monoderm (Keep)
GCF_000026745.1,False,,Clean,Monoderm (Keep)
GCF_000027045.1,False,,Clean,Monoderm (Keep)
GCF_000091405.1,False,,Clean,Monoderm (Keep)
GCF_000069225.1,False,,Clean,Monoderm (Keep)
GCF_000024785.1,False,,Clean,Monoderm (Keep)
GCF_000056065.1,False,,Clean,Monoderm (Keep)
GCF_000091645.1,False,,Clean,Monoderm (Keep)
GCF_000026725.1,False,,Clean,Monoderm (Keep)
GCF_000091905.1,False,,Clean,Monoderm (Keep)
GCF_000091725.1,False,,Clean,Monoderm (Keep)
GCF_000092325.1,False,,Clean,Monoderm (Keep)
GCF_000027185.1,False,,Clean,Monoderm (Keep)
GCF_000027165.1,False,,Clean,Monoderm (Keep)
GCF_000060285.1,False,,Clean,Monoderm (Keep)
GCF_000069945.1,False,,Clean,Monoderm (Keep)
GCF_000027145.1,False,,Clean,Monoderm (Keep)
GCF_000024385.1,False,,Clean,Monoderm (Keep)
GCF_000024685.1,False,,Clean,Monoderm (Keep)
GCF_000024545.1,False,,Clean,Monoderm (Keep)
GCF_000025345.1,False,,Clean,Monoderm (Keep)
GCF_000063585.1,False,,Clean,Monoderm (Keep)
GCF_000063485.1,False,,Clean,Monoderm (Keep)
GCF_000092165.1,False,,Clean,Monoderm (Keep)
GCF_000024865.1,False,,Clean,Monoderm (Keep)
GCF_000025825.1,False,,Clean,Monoderm (Keep)
GCF_000026445.2,False,,Clean,Monoderm (Keep)
GCF_000085225.1,False,,Clean,Monoderm (Keep)
GCF_000025265.1,False,,Clean,Monoderm (Keep)
GCF_000025805.1,False,,Clean,Monoderm (Keep)
GCF_000092225.1,False,,Clean,Monoderm (Keep)
GCF_000058485.1,False,,Clean,Monoderm (Keep)
GCF_000069185.1,False,,Clean,Monoderm (Keep)
GCF_000092585.1,False,,Clean,Monoderm (Keep)
GCF_000092365.1,False,,Clean,Monoderm (Keep)
GCF_000062885.1,False,,Clean,Monoderm (Keep)
GCF_000091305.1,False,,Clean,Monoderm (Keep)
GCF_000092505.1,False,,Clean,Monoderm (Keep)
GCF_000143945.1,False,,Clean,Monoderm (Keep)
GCF_000092765.1,False,,Clean,Monoderm (Keep)
GCF_000092405.1,False,,Clean,Monoderm (Keep)
GCF_000092445.1,False,,Clean,Monoderm (Keep)
GCF_000092645.1,False,,Clean,Monoderm (Keep)
GCF_000148625.1,False,,Clean,Monoderm (Keep)
GCF_000144955.2,False,,Clean,Monoderm (Keep)
GCF_000143435.1,False,,Clean,Monoderm (Keep)
GCF_000093125.2,False,,Clean,Monoderm (Keep)
GCF_000143865.1,False,,Clean,Monoderm (Keep)
GCF_000143845.1,False,,Clean,Monoderm (Keep)
GCF_000144645.1,False,,Clean,Monoderm (Keep)
GCF_000144935.2,False,,Clean,Monoderm (Keep)
GCF_000143205.1,False,,Clean,Monoderm (Keep)
GCF_000092965.1,False,,Clean,Monoderm (Keep)
GCF_000145215.1,False,,Clean,Monoderm (Keep)
GCF_000145615.1,False,,Clean,Monoderm (Keep)
GCF_000144695.1,True,1.2e-56,acear_RS11175,Diderm (Exclude)
GCF_000144675.2,False,,Clean,Monoderm (Keep)
GCF_000093085.1,False,,Clean,Monoderm (Keep)
GCF_000092905.1,False,,Clean,Monoderm (Keep)
GCF_000092945.1,False,,Clean,Monoderm (Keep)
GCF_000143705.2,False,,Clean,Monoderm (Keep)
GCF_000092865.1,False,,Clean,Monoderm (Keep)
GCF_000092825.1,False,,Clean,Monoderm (Keep)
GCF_000144625.1,False,,Clean,Monoderm (Keep)
GCF_000143685.1,False,,Clean,Monoderm (Keep)
GCF_000145035.1,False,,Clean,Monoderm (Keep)
GCF_000146185.1,False,,Clean,Monoderm (Keep)
GCF_000148815.2,False,,Clean,Monoderm (Keep)
GCF_000159155.2,False,,Clean,Monoderm (Keep)
GCF_000159535.2,False,,Clean,Monoderm (Keep)
GCF_000148585.2,False,,Clean,Monoderm (Keep)
GCF_000163895.2,False,,Clean,Monoderm (Keep)
GCF_000164965.1,False,,Clean,Monoderm (Keep)
GCF_000146975.1,False,,Clean,Monoderm (Keep)
GCF_000147095.1,False,,Clean,Monoderm (Keep)
GCF_000164675.2,False,,Clean,Monoderm (Keep)
GCF_000152065.3,False,,Clean,Monoderm (Keep)
GCF_000145595.1,False,,Clean,Monoderm (Keep)
GCF_000147695.2,False,,Clean,Monoderm (Keep)
GCF_000152245.2,False,,Clean,Monoderm (Keep)
GCF_000146565.1,False,,Clean,Monoderm (Keep)
GCF_000159455.2,False,,Clean,Monoderm (Keep)
GCF_000155515.2,False,,Clean,Monoderm (Keep)
GCF_000160335.2,False,,Clean,Monoderm (Keep)
GCF_000143605.1,False,,Clean,Monoderm (Keep)
GCF_000165905.1,False,,Clean,Monoderm (Keep)
GCF_000143885.2,False,,Clean,Monoderm (Keep)
GCF_000164695.2,False,,Clean,Monoderm (Keep)
GCF_000092985.1,False,,Clean,Monoderm (Keep)
GCF_000165465.1,True,7.3e-54,HPRAE_RS10005,Diderm (Exclude)
GCF_000157355.2,False,,Clean,Monoderm (Keep)
GCF_000154605.2,False,,Clean,Monoderm (Keep)
GCF_000154585.2,False,,Clean,Monoderm (Keep)
GCF_000146875.3,False,,Clean,Monoderm (Keep)
GCF_000145275.1,False,,Clean,Monoderm (Keep)
GCF_000092385.1,False,,Clean,Monoderm (Keep)
GCF_000153685.2,False,,Clean,Monoderm (Keep)
GCF_000145235.1,False,,Clean,Monoderm (Keep)
GCF_000183185.1,False,,Clean,Monoderm (Keep)
GCF_000183385.1,False,,Clean,Monoderm (Keep)
GCF_000186005.1,False,,Clean,Monoderm (Keep)
GCF_000179035.2,False,,Clean,Monoderm (Keep)
GCF_000183365.1,False,,Clean,Monoderm (Keep)
GCF_000164985.3,False,,Clean,Monoderm (Keep)
GCF_000157895.3,False,,Clean,Monoderm (Keep)
GCF_000166335.1,False,,Clean,Monoderm (Keep)
GCF_000147815.2,False,,Clean,Monoderm (Keep)
GCF_000174395.2,False,,Clean,Monoderm (Keep)
GCF_000182835.1,False,,Clean,Monoderm (Keep)
GCF_000174795.2,False,,Clean,Monoderm (Keep)
GCF_000166695.1,False,,Clean,Monoderm (Keep)
GCF_000178395.2,False,,Clean,Monoderm (Keep)
GCF_000167435.2,False,,Clean,Monoderm (Keep)
GCF_000182875.1,False,,Clean,Monoderm (Keep)
GCF_000168355.3,False,,Clean,Monoderm (Keep)
GCF_000166315.1,False,,Clean,Monoderm (Keep)
GCF_000179635.2,False,,Clean,Monoderm (Keep)
GCF_000186405.1,False,,Clean,Monoderm (Keep)
GCF_000189455.2,False,,Clean,Monoderm (Keep)
GCF_000175295.2,False,,Clean,Monoderm (Keep)
GCF_000177535.2,False,,Clean,Monoderm (Keep)
GCF_000166355.1,False,,Clean,Monoderm (Keep)
GCF_000180515.1,False,,Clean,Monoderm (Keep)
GCF_000185885.1,False,,Clean,Monoderm (Keep)
GCF_000184705.1,False,,Clean,Monoderm (Keep)
GCF_000166775.1,False,,Clean,Monoderm (Keep)
GCF_000189495.1,False,,Clean,Monoderm (Keep)
GCF_000166415.1,True,9.2e-56,HALSA_RS02115,Diderm (Exclude)
GCF_000168575.2,False,,Clean,Monoderm (Keep)
GCF_000178115.2,False,,Clean,Monoderm (Keep)
GCF_000184685.1,False,,Clean,Monoderm (Keep)
GCF_000184925.1,False,,Clean,Monoderm (Keep)
GCF_000179395.2,False,,Clean,Monoderm (Keep)
GCF_000165925.1,False,,Clean,Monoderm (Keep)
GCF_000178835.2,False,,Clean,Monoderm (Keep)
GCF_000177235.2,False,,Clean,Monoderm (Keep)
GCF_000172575.2,False,,Clean,Monoderm (Keep)
GCF_000169195.2,False,,Clean,Monoderm (Keep)
GCF_000168595.2,False,,Clean,Monoderm (Keep)
GCF_000186745.1,False,,Clean,Monoderm (Keep)
GCF_000192395.2,False,,Clean,Monoderm (Keep)
GCF_000177615.2,False,,Clean,Monoderm (Keep)
GCF_000184435.1,False,,Clean,Monoderm (Keep)
GCF_000168635.2,False,,Clean,Monoderm (Keep)
GCF_000168695.2,False,,Clean,Monoderm (Keep)
GCF_000177655.2,False,,Clean,Monoderm (Keep)
GCF_000177195.2,False,,Clean,Monoderm (Keep)
GCF_000189515.1,False,,Clean,Monoderm (Keep)
GCF_000194115.1,False,,Clean,Monoderm (Keep)
GCF_000195875.1,False,,Clean,Monoderm (Keep)
GCF_000194765.1,False,,Clean,Monoderm (Keep)
GCF_000191545.1,False,,Clean,Monoderm (Keep)
GCF_000195795.1,False,,Clean,Monoderm (Keep)
GCF_000194785.1,False,,Clean,Monoderm (Keep)
GCF_000189535.1,False,,Clean,Monoderm (Keep)
GCF_000192705.1,False,,Clean,Monoderm (Keep)
GCF_000195575.1,False,,Clean,Monoderm (Keep)
GCF_000191905.1,False,,Clean,Monoderm (Keep)
GCF_000193205.1,False,,Clean,Monoderm (Keep)
GCF_000195315.1,False,,Clean,Monoderm (Keep)
GCF_000195855.1,False,,Clean,Monoderm (Keep)
GCF_000195815.1,False,,Clean,Monoderm (Keep)
GCF_000189775.2,False,,Clean,Monoderm (Keep)
GCF_000193435.2,False,,Clean,Monoderm (Keep)
GCF_000195395.5,False,,Clean,Monoderm (Keep)
GCF_000190635.1,False,,Clean,Monoderm (Keep)
GCF_000195435.3,False,,Clean,Monoderm (Keep)
GCF_000166135.1,False,,Clean,Monoderm (Keep)
GCF_000193185.2,False,,Clean,Monoderm (Keep)
GCF_000193355.1,False,,Clean,Monoderm (Keep)
GCF_000195515.1,False,,Clean,Monoderm (Keep)
GCF_000195835.3,False,,Clean,Monoderm (Keep)
GCF_000195955.2,False,,Clean,Monoderm (Keep)
GCF_000196575.1,False,,Clean,Monoderm (Keep)
GCF_000203215.1,False,,Clean,Monoderm (Keep)
GCF_000196075.1,False,,Clean,Monoderm (Keep)
GCF_000200735.1,False,,Clean,Monoderm (Keep)
GCF_000196855.1,False,,Clean,Monoderm (Keep)
GCF_000196595.1,False,,Clean,Monoderm (Keep)
GCF_000196535.1,False,,Clean,Monoderm (Keep)
GCF_000196555.1,False,,Clean,Monoderm (Keep)
GCF_000196055.1,False,,Clean,Monoderm (Keep)
GCF_000196455.1,False,,Clean,Monoderm (Keep)
GCF_000196035.1,False,,Clean,Monoderm (Keep)
GCF_000196335.1,False,,Clean,Monoderm (Keep)
GCF_000196735.1,False,,Clean,Monoderm (Keep)
GCF_000211545.4,False,,Clean,Monoderm (Keep)
GCF_000211255.2,False,,Clean,Monoderm (Keep)
GCF_000219375.1,False,,Clean,Monoderm (Keep)
GCF_000204565.1,False,,Clean,Monoderm (Keep)
GCF_000204275.1,False,,Clean,Monoderm (Keep)
GCF_000210815.2,False,,Clean,Monoderm (Keep)
GCF_000203195.1,False,,Clean,Monoderm (Keep)
GCF_000211235.1,False,,Clean,Monoderm (Keep)
GCF_000196235.1,False,,Clean,Monoderm (Keep)
GCF_000197735.1,False,,Clean,Monoderm (Keep)
GCF_000203855.3,False,,Clean,Monoderm (Keep)
GCF_000211375.1,False,,Clean,Monoderm (Keep)
GCF_000197755.2,False,,Clean,Monoderm (Keep)
GCF_000211075.1,False,,Clean,Monoderm (Keep)
GCF_000213955.1,False,,Clean,Monoderm (Keep)
GCF_000209795.2,False,,Clean,Monoderm (Keep)
GCF_000204985.1,False,,Clean,Monoderm (Keep)
GCF_000211055.1,False,,Clean,Monoderm (Keep)
GCF_000210995.1,False,,Clean,Monoderm (Keep)
GCF_000204625.1,False,,Clean,Monoderm (Keep)
GCF_000213865.1,False,,Clean,Monoderm (Keep)
GCF_000211015.1,False,,Clean,Monoderm (Keep)
GCF_000210955.1,False,,Clean,Monoderm (Keep)
GCF_000211035.1,False,,Clean,Monoderm (Keep)
GCF_000210975.1,False,,Clean,Monoderm (Keep)
GCF_000213155.1,False,,Clean,Monoderm (Keep)
GCF_000210935.1,False,,Clean,Monoderm (Keep)
GCF_000210315.1,False,,Clean,Monoderm (Keep)
GCF_000204665.1,False,,Clean,Monoderm (Keep)
GCF_000209755.1,False,,Clean,Monoderm (Keep)
GCF_000213235.1,False,,Clean,Monoderm (Keep)
GCF_000210415.1,False,,Clean,Monoderm (Keep)
GCF_000213255.1,False,,Clean,Monoderm (Keep)
GCF_000199675.1,False,,Clean,Monoderm (Keep)
GCF_000210435.1,False,,Clean,Monoderm (Keep)
GCF_000210455.1,False,,Clean,Monoderm (Keep)
GCF_000202635.1,False,,Clean,Monoderm (Keep)
GCF_000212695.1,False,,Clean,Monoderm (Keep)
GCF_000196695.1,False,,Clean,Monoderm (Keep)
GCF_000196835.1,False,,Clean,Monoderm (Keep)
GCF_000219805.1,False,,Clean,Monoderm (Keep)
GCF_000204155.1,False,,Clean,Monoderm (Keep)
GCF_000219455.1,False,,Clean,Monoderm (Keep)
GCF_000219765.1,False,,Clean,Monoderm (Keep)
GCF_000219785.1,False,,Clean,Monoderm (Keep)
GCF_000214155.1,False,,Clean,Monoderm (Keep)
GCF_000214785.1,False,,Clean,Monoderm (Keep)
GCF_000218855.1,False,,Clean,Monoderm (Keep)
GCF_000219535.2,False,,Clean,Monoderm (Keep)
GCF_000219875.1,False,,Clean,Monoderm (Keep)
GCF_000215665.1,False,,Clean,Monoderm (Keep)
GCF_000217615.1,False,,Clean,Monoderm (Keep)
GCF_000215645.1,False,,Clean,Monoderm (Keep)
GCF_000214435.1,False,,Clean,Monoderm (Keep)
GCF_000215105.1,False,,Clean,Monoderm (Keep)
GCF_000218545.1,False,,Clean,Monoderm (Keep)
GCF_000215085.1,False,,Clean,Monoderm (Keep)
GCF_000217835.1,False,,Clean,Monoderm (Keep)
GCF_000219085.2,False,,Clean,Monoderm (Keep)
GCF_000218915.1,False,,Clean,Monoderm (Keep)
GCF_000218305.1,False,,Clean,Monoderm (Keep)
GCF_000224105.1,False,,Clean,Monoderm (Keep)
GCF_000214175.1,False,,Clean,Monoderm (Keep)
GCF_000225325.1,False,,Clean,Monoderm (Keep)
GCF_000221985.1,False,,Clean,Monoderm (Keep)
GCF_000220885.1,False,,Clean,Monoderm (Keep)
GCF_000224965.2,False,,Clean,Monoderm (Keep)
GCF_000225265.1,False,,Clean,Monoderm (Keep)
GCF_000224985.1,False,,Clean,Monoderm (Keep)
GCF_000221625.1,False,,Clean,Monoderm (Keep)
GCF_000220135.1,False,,Clean,Monoderm (Keep)
GCF_000227605.3,False,,Clean,Monoderm (Keep)
GCF_000227175.1,False,,Clean,Monoderm (Keep)
GCF_000225345.1,False,,Clean,Monoderm (Keep)
GCF_000221645.1,False,,Clean,Monoderm (Keep)
GCF_000227485.1,False,,Clean,Monoderm (Keep)
GCF_000227465.1,False,,Clean,Monoderm (Keep)
GCF_000224435.1,False,,Clean,Monoderm (Keep)
GCF_000220705.2,False,,Clean,Monoderm (Keep)
GCF_000237995.1,False,,Clean,Monoderm (Keep)
GCF_000238995.1,False,,Clean,Monoderm (Keep)
GCF_000236455.2,False,,Clean,Monoderm (Keep)
GCF_000234825.3,False,,Clean,Monoderm (Keep)
GCF_000236925.1,False,,Clean,Monoderm (Keep)
GCF_000237125.2,False,,Clean,Monoderm (Keep)
GCF_000236475.1,False,,Clean,Monoderm (Keep)
GCF_000239235.1,False,,Clean,Monoderm (Keep)
GCF_000242855.2,False,,Clean,Monoderm (Keep)
GCF_000237265.1,False,,Clean,Monoderm (Keep)
GCF_000227705.2,False,,Clean,Monoderm (Keep)
GCF_000231865.1,False,,Clean,Monoderm (Keep)
GCF_000231925.1,False,,Clean,Monoderm (Keep)
GCF_000230295.1,False,,Clean,Monoderm (Keep)
GCF_000231885.1,False,,Clean,Monoderm (Keep)
GCF_000240015.1,False,,Clean,Monoderm (Keep)
GCF_000231905.1,False,,Clean,Monoderm (Keep)
GCF_000231215.1,False,,Clean,Monoderm (Keep)
GCF_000233755.1,False,,Clean,Monoderm (Keep)
GCF_000233575.1,False,,Clean,Monoderm (Keep)
GCF_000240055.1,False,,Clean,Monoderm (Keep)
GCF_000241935.1,False,,Clean,Monoderm (Keep)
GCF_000241855.1,False,,Clean,Monoderm (Keep)
GCF_000241915.1,False,,Clean,Monoderm (Keep)
GCF_000243135.2,False,,Clean,Monoderm (Keep)
GCF_000240035.1,False,,Clean,Monoderm (Keep)
GCF_000241875.1,False,,Clean,Monoderm (Keep)
GCF_000242775.1,False,,Clean,Monoderm (Keep)
GCF_000241895.1,False,,Clean,Monoderm (Keep)
GCF_000231405.2,False,,Clean,Monoderm (Keep)
GCF_000243155.2,False,,Clean,Monoderm (Keep)
GCF_000236605.1,False,,Clean,Monoderm (Keep)
GCF_000237085.1,False,,Clean,Monoderm (Keep)
GCF_000231385.2,False,,Clean,Monoderm (Keep)
GCF_000242895.2,False,,Clean,Monoderm (Keep)
GCF_000234725.1,False,,Clean,Monoderm (Keep)
GCF_000233715.2,False,,Clean,Monoderm (Keep)
GCF_000235585.1,False,,Clean,Monoderm (Keep)
GCF_000235605.1,False,,Clean,Monoderm (Keep)
GCF_000230895.2,False,,Clean,Monoderm (Keep)
GCF_000220945.1,False,,Clean,Monoderm (Keep)
GCF_000237145.1,False,,Clean,Monoderm (Keep)
GCF_000253075.1,False,,Clean,Monoderm (Keep)
GCF_000248095.2,False,,Clean,Monoderm (Keep)
GCF_000237325.1,False,,Clean,Monoderm (Keep)
GCF_000239195.1,False,,Clean,Monoderm (Keep)
GCF_000248375.2,False,,Clean,Monoderm (Keep)
GCF_000237305.1,False,,Clean,Monoderm (Keep)
GCF_000240165.1,False,,Clean,Monoderm (Keep)
GCF_000244875.1,False,,Clean,Monoderm (Keep)
GCF_000245495.1,False,,Clean,Monoderm (Keep)
GCF_000250925.1,False,,Clean,Monoderm (Keep)
GCF_000252975.1,False,,Clean,Monoderm (Keep)
GCF_000251085.2,False,,Clean,Monoderm (Keep)
GCF_000250905.1,False,,Clean,Monoderm (Keep)
GCF_000253135.1,False,,Clean,Monoderm (Keep)
GCF_000247715.1,False,,Clean,Monoderm (Keep)
GCF_000253155.1,False,,Clean,Monoderm (Keep)
GCF_000255115.2,False,,Clean,Monoderm (Keep)
GCF_000253395.1,False,,Clean,Monoderm (Keep)
GCF_000255175.1,False,,Clean,Monoderm (Keep)
GCF_000253335.1,False,,Clean,Monoderm (Keep)
GCF_000255195.1,False,,Clean,Monoderm (Keep)
GCF_000258385.1,False,,Clean,Monoderm (Keep)
GCF_000253315.1,False,,Clean,Monoderm (Keep)
GCF_000255155.1,False,,Clean,Monoderm (Keep)
GCF_000255275.1,False,,Clean,Monoderm (Keep)
GCF_000255235.1,False,,Clean,Monoderm (Keep)
GCF_000255935.1,False,,Clean,Monoderm (Keep)
GCF_000255215.1,False,,Clean,Monoderm (Keep)
GCF_000255255.1,False,,Clean,Monoderm (Keep)
GCF_000255615.2,False,,Clean,Monoderm (Keep)
GCF_000253195.1,False,,Clean,Monoderm (Keep)
GCF_000253355.1,False,,Clean,Monoderm (Keep)
GCF_000247605.1,False,,Clean,Monoderm (Keep)
GCF_000250655.1,False,,Clean,Monoderm (Keep)
GCF_000277795.1,False,,Clean,Monoderm (Keep)
GCF_000271405.2,False,,Clean,Monoderm (Keep)
GCF_000270525.1,False,,Clean,Monoderm (Keep)
GCF_000260715.1,False,,Clean,Monoderm (Keep)
GCF_000270205.1,False,,Clean,Monoderm (Keep)
GCF_000269945.1,False,,Clean,Monoderm (Keep)
GCF_000270085.1,False,,Clean,Monoderm (Keep)
GCF_000277345.1,False,,Clean,Monoderm (Keep)
GCF_000269925.1,False,,Clean,Monoderm (Keep)
GCF_000265095.1,False,,Clean,Monoderm (Keep)
GCF_000277325.1,False,,Clean,Monoderm (Keep)
GCF_000262145.1,False,,Clean,Monoderm (Keep)
GCF_000270145.1,False,,Clean,Monoderm (Keep)
GCF_000262675.1,False,,Clean,Monoderm (Keep)
GCF_000270285.1,False,,Clean,Monoderm (Keep)
GCF_000270465.1,False,,Clean,Monoderm (Keep)
GCF_000265545.3,False,,Clean,Monoderm (Keep)
GCF_000245355.1,False,,Clean,Monoderm (Keep)
GCF_000263755.5,False,,Clean,Monoderm (Keep)
GCF_000270165.1,False,,Clean,Monoderm (Keep)
GCF_000259155.4,False,,Clean,Monoderm (Keep)
GCF_000269965.1,False,,Clean,Monoderm (Keep)
GCF_000258905.1,False,,Clean,Monoderm (Keep)
GCF_000259365.1,False,,Clean,Monoderm (Keep)
GCF_000253375.1,False,,Clean,Monoderm (Keep)
GCF_000250675.2,False,,Clean,Monoderm (Keep)
GCF_000258885.1,False,,Clean,Monoderm (Keep)
GCF_000271865.1,False,,Clean,Monoderm (Keep)
GCF_000270305.1,False,,Clean,Monoderm (Keep)
GCF_000277715.1,False,,Clean,Monoderm (Keep)
GCF_000270365.1,False,,Clean,Monoderm (Keep)
GCF_000262385.1,False,,Clean,Monoderm (Keep)
GCF_000262165.1,False,,Clean,Monoderm (Keep)
GCF_000276825.1,False,,Clean,Monoderm (Keep)
GCF_000258535.2,False,,Clean,Monoderm (Keep)
GCF_000277145.1,False,,Clean,Monoderm (Keep)
GCF_000261345.2,False,,Clean,Monoderm (Keep)
GCF_000271325.1,False,,Clean,Monoderm (Keep)
GCF_000270245.1,False,,Clean,Monoderm (Keep)
GCF_000277735.2,False,,Clean,Monoderm (Keep)
GCF_000266905.1,False,,Clean,Monoderm (Keep)
GCF_000277775.2,False,,Clean,Monoderm (Keep)
GCF_000269985.1,False,,Clean,Monoderm (Keep)
GCF_000277125.1,False,,Clean,Monoderm (Keep)
GCF_000281175.1,False,,Clean,Monoderm (Keep)
GCF_000292445.1,False,,Clean,Monoderm (Keep)
GCF_000292505.1,False,,Clean,Monoderm (Keep)
GCF_000286795.1,False,,Clean,Monoderm (Keep)
GCF_000292405.1,False,,Clean,Monoderm (Keep)
GCF_000286715.1,False,,Clean,Monoderm (Keep)
GCF_000292485.1,False,,Clean,Monoderm (Keep)
GCF_000286735.1,False,,Clean,Monoderm (Keep)
GCF_000286755.1,False,,Clean,Monoderm (Keep)
GCF_000286775.1,False,,Clean,Monoderm (Keep)
GCF_000286815.1,False,,Clean,Monoderm (Keep)
GCF_000286695.1,False,,Clean,Monoderm (Keep)
GCF_000286675.1,False,,Clean,Monoderm (Keep)
GCF_000280865.2,False,,Clean,Monoderm (Keep)
GCF_000283755.1,False,,Clean,Monoderm (Keep)
GCF_000281235.1,False,,Clean,Monoderm (Keep)
GCF_000284515.1,False,,Clean,Monoderm (Keep)
GCF_000284575.1,False,,Clean,Monoderm (Keep)
GCF_000284435.1,False,,Clean,Monoderm (Keep)
GCF_000294495.1,False,,Clean,Monoderm (Keep)
GCF_000284535.1,False,,Clean,Monoderm (Keep)
GCF_000300135.1,False,,Clean,Monoderm (Keep)
GCF_000283975.1,False,,Clean,Monoderm (Keep)
GCF_000299355.1,False,,Clean,Monoderm (Keep)
GCF_000298115.2,False,,Clean,Monoderm (Keep)
GCF_000281195.1,False,,Clean,Monoderm (Keep)
GCF_000292415.1,False,,Clean,Monoderm (Keep)
GCF_000292705.1,False,,Clean,Monoderm (Keep)
GCF_000304215.1,False,,Clean,Monoderm (Keep)
GCF_000292455.1,False,,Clean,Monoderm (Keep)
GCF_000298875.1,False,,Clean,Monoderm (Keep)
GCF_000283555.1,False,,Clean,Monoderm (Keep)
GCF_000306825.1,False,,Clean,Monoderm (Keep)
GCF_000305335.2,False,,Clean,Monoderm (Keep)
GCF_000299135.1,False,,Clean,Monoderm (Keep)
GCF_000306805.1,False,,Clean,Monoderm (Keep)
GCF_000299435.1,False,,Clean,Monoderm (Keep)
GCF_000302515.1,False,,Clean,Monoderm (Keep)
GCF_000283615.1,False,,Clean,Monoderm (Keep)
GCF_000299015.1,False,,Clean,Monoderm (Keep)
GCF_000307085.1,False,,Clean,Monoderm (Keep)
GCF_000305935.1,False,,Clean,Monoderm (Keep)
GCF_000305815.1,False,,Clean,Monoderm (Keep)
GCF_000307065.1,False,,Clean,Monoderm (Keep)
GCF_000307045.1,False,,Clean,Monoderm (Keep)
GCF_000296595.1,False,,Clean,Monoderm (Keep)
GCF_000305775.1,False,,Clean,Monoderm (Keep)
GCF_000307005.1,False,,Clean,Monoderm (Keep)
GCF_000306905.1,False,,Clean,Monoderm (Keep)
GCF_000307025.1,False,,Clean,Monoderm (Keep)
GCF_000306985.1,False,,Clean,Monoderm (Keep)
GCF_000299555.2,False,,Clean,Monoderm (Keep)
GCF_000293765.1,False,,Clean,Monoderm (Keep)
GCF_000283695.1,False,,Clean,Monoderm (Keep)
GCF_000284395.1,False,,Clean,Monoderm (Keep)
GCF_000284015.1,False,,Clean,Monoderm (Keep)
GCF_000298095.1,False,,Clean,Monoderm (Keep)
GCF_000307165.1,False,,Clean,Monoderm (Keep)
GCF_000284035.1,False,,Clean,Monoderm (Keep)
GCF_000294515.1,False,,Clean,Monoderm (Keep)
GCF_000283295.1,False,,Clean,Monoderm (Keep)
GCF_000294775.2,False,,Clean,Monoderm (Keep)
GCF_000307585.2,False,,Clean,Monoderm (Keep)
GCF_000307185.1,False,,Clean,Monoderm (Keep)
GCF_000296715.2,False,,Clean,Monoderm (Keep)
GCF_000307125.1,False,,Clean,Monoderm (Keep)
GCF_000307535.1,False,,Clean,Monoderm (Keep)
GCF_000295695.2,False,,Clean,Monoderm (Keep)
GCF_000306785.1,False,,Clean,Monoderm (Keep)
GCF_000284295.1,False,,Clean,Monoderm (Keep)
GCF_000297155.3,False,,Clean,Monoderm (Keep)
GCF_000306745.1,False,,Clean,Monoderm (Keep)
GCF_000307615.1,False,,Clean,Monoderm (Keep)
GCF_000312685.1,False,,Clean,Monoderm (Keep)
GCF_000331085.3,False,,Clean,Monoderm (Keep)
GCF_000318035.1,False,,Clean,Monoderm (Keep)
GCF_000319655.2,False,,Clean,Monoderm (Keep)
GCF_000327395.2,False,,Clean,Monoderm (Keep)
GCF_000319675.2,False,,Clean,Monoderm (Keep)
GCF_000328725.1,False,,Clean,Monoderm (Keep)
GCF_000341655.1,False,,Clean,Monoderm (Keep)
GCF_000317855.1,False,,Clean,Monoderm (Keep)
GCF_000317915.1,False,,Clean,Monoderm (Keep)
GCF_000310065.1,False,,Clean,Monoderm (Keep)
GCF_000317975.2,False,,Clean,Monoderm (Keep)
GCF_000317305.3,False,,Clean,Monoderm (Keep)
GCF_000282715.1,False,,Clean,Monoderm (Keep)
GCF_000387745.2,False,,Clean,Monoderm (Keep)
GCF_000391485.2,False,,Clean,Monoderm (Keep)
GCF_000376625.1,False,,Clean,Monoderm (Keep)
GCF_000338115.2,False,,Clean,Monoderm (Keep)
GCF_000376705.1,False,,Clean,Monoderm (Keep)
GCF_000359625.1,False,,Clean,Monoderm (Keep)
GCF_000382965.1,False,,Clean,Monoderm (Keep)
GCF_000382985.1,False,,Clean,Monoderm (Keep)
GCF_000328545.1,False,,Clean,Monoderm (Keep)
GCF_000341695.1,False,,Clean,Monoderm (Keep)
GCF_000341345.1,False,,Clean,Monoderm (Keep)
GCF_000336405.1,False,,Clean,Monoderm (Keep)
GCF_000364205.2,False,,Clean,Monoderm (Keep)
GCF_000389675.2,False,,Clean,Monoderm (Keep)
GCF_000344785.1,False,,Clean,Monoderm (Keep)
GCF_000383005.1,False,,Clean,Monoderm (Keep)
GCF_000385925.1,False,,Clean,Monoderm (Keep)
GCF_000349925.2,False,,Clean,Monoderm (Keep)
GCF_000347695.1,False,,Clean,Monoderm (Keep)
GCF_000367205.1,False,,Clean,Monoderm (Keep)
GCF_000318055.1,False,,Clean,Monoderm (Keep)
GCF_000349885.2,False,,Clean,Monoderm (Keep)
GCF_000344765.1,False,,Clean,Monoderm (Keep)
GCF_000331995.1,False,,Clean,Monoderm (Keep)
GCF_000382905.1,False,,Clean,Monoderm (Keep)
GCF_000338095.1,False,,Clean,Monoderm (Keep)
GCF_000364165.2,False,,Clean,Monoderm (Keep)
GCF_000344575.1,False,,Clean,Monoderm (Keep)
GCF_000328765.2,False,,Clean,Monoderm (Keep)
GCF_000328625.1,True,1.9e-48,HALHA_RS11965,Diderm (Exclude)
GCF_000336445.1,False,,Clean,Monoderm (Keep)
GCF_000338715.2,False,,Clean,Monoderm (Keep)
GCF_000321395.1,False,,Clean,Monoderm (Keep)
GCF_000348785.1,False,,Clean,Monoderm (Keep)
GCF_000355695.1,False,,Clean,Monoderm (Keep)
GCF_000349795.1,False,,Clean,Monoderm (Keep)
GCF_000340435.2,False,,Clean,Monoderm (Keep)
GCF_000338735.1,False,,Clean,Monoderm (Keep)
GCF_000350205.1,False,,Clean,Monoderm (Keep)
GCF_000319475.1,False,,Clean,Monoderm (Keep)
GCF_000341875.1,False,,Clean,Monoderm (Keep)
GCF_000397185.1,False,,Clean,Monoderm (Keep)
GCF_000392485.3,False,,Clean,Monoderm (Keep)
GCF_000334875.3,False,,Clean,Monoderm (Keep)
GCF_000338755.1,False,,Clean,Monoderm (Keep)
GCF_000390245.1,False,,Clean,Monoderm (Keep)
GCF_000397165.1,False,,Clean,Monoderm (Keep)
GCF_000340885.1,False,,Clean,Monoderm (Keep)
GCF_000341665.1,False,,Clean,Monoderm (Keep)
GCF_000328565.1,False,,Clean,Monoderm (Keep)
GCF_000331445.1,False,,Clean,Monoderm (Keep)
GCF_000344745.1,False,,Clean,Monoderm (Keep)
GCF_000331165.2,False,,Clean,Monoderm (Keep)
GCF_000389635.1,False,,Clean,Monoderm (Keep)
GCF_000359525.1,False,,Clean,Monoderm (Keep)
GCF_000390085.1,False,,Clean,Monoderm (Keep)
GCF_000364805.1,False,,Clean,Monoderm (Keep)
GCF_000385945.1,False,,Clean,Monoderm (Keep)
GCF_000328705.1,False,,Clean,Monoderm (Keep)
GCF_000400935.1,False,,Clean,Monoderm (Keep)
GCF_000400855.1,False,,Clean,Monoderm (Keep)
GCF_000400955.1,False,,Clean,Monoderm (Keep)
GCF_000340845.1,False,,Clean,Monoderm (Keep)
GCF_000331185.2,False,,Clean,Monoderm (Keep)
GCF_000400615.1,False,,Clean,Monoderm (Keep)
GCF_000389965.1,False,,Clean,Monoderm (Keep)
GCF_000427215.1,False,,Clean,Monoderm (Keep)
GCF_000439455.1,False,,Clean,Monoderm (Keep)
GCF_000439435.1,False,,Clean,Monoderm (Keep)
GCF_000410995.1,False,,Clean,Monoderm (Keep)
GCF_000439915.2,False,,Clean,Monoderm (Keep)
GCF_000442645.1,False,,Clean,Monoderm (Keep)
GCF_000412205.1,False,,Clean,Monoderm (Keep)
GCF_000438685.2,False,,Clean,Monoderm (Keep)
GCF_000438725.2,False,,Clean,Monoderm (Keep)
GCF_000463055.1,False,,Clean,Monoderm (Keep)
GCF_000438585.1,False,,Clean,Monoderm (Keep)
GCF_000444405.1,False,,Clean,Monoderm (Keep)
GCF_000438705.2,False,,Clean,Monoderm (Keep)
GCF_000418515.1,False,,Clean,Monoderm (Keep)
GCF_000438745.2,False,,Clean,Monoderm (Keep)
GCF_000445995.2,False,,Clean,Monoderm (Keep)
GCF_000422045.1,False,,Clean,Monoderm (Keep)
GCF_000448685.2,False,,Clean,Monoderm (Keep)
GCF_000404205.1,False,,Clean,Monoderm (Keep)
GCF_000463395.1,False,,Clean,Monoderm (Keep)
GCF_000463445.1,False,,Clean,Monoderm (Keep)
GCF_000400635.2,False,,Clean,Monoderm (Keep)
GCF_000414215.1,False,,Clean,Monoderm (Keep)
GCF_000463355.1,False,,Clean,Monoderm (Keep)
GCF_000439275.1,False,,Clean,Monoderm (Keep)
GCF_000427075.1,False,,Clean,Monoderm (Keep)
GCF_000463465.1,False,,Clean,Monoderm (Keep)
GCF_000463425.1,False,,Clean,Monoderm (Keep)
GCF_000427035.1,False,,Clean,Monoderm (Keep)
GCF_000441535.1,False,,Clean,Monoderm (Keep)
GCF_000463385.1,False,,Clean,Monoderm (Keep)
GCF_000418475.1,False,,Clean,Monoderm (Keep)
GCF_000438625.1,False,,Clean,Monoderm (Keep)
GCF_000438605.1,False,,Clean,Monoderm (Keep)
GCF_000438645.1,False,,Clean,Monoderm (Keep)
GCF_000445015.1,False,,Clean,Monoderm (Keep)
GCF_000418365.1,False,,Clean,Monoderm (Keep)
GCF_000404145.1,False,,Clean,Monoderm (Keep)
GCF_000452385.2,False,,Clean,Monoderm (Keep)
GCF_000418495.1,False,,Clean,Monoderm (Keep)
GCF_000462955.1,False,,Clean,Monoderm (Keep)
GCF_000438665.2,False,,Clean,Monoderm (Keep)
GCF_000404185.1,False,,Clean,Monoderm (Keep)
GCF_000422125.1,False,,Clean,Monoderm (Keep)
GCF_000412775.1,False,,Clean,Monoderm (Keep)
GCF_000455585.1,False,,Clean,Monoderm (Keep)
GCF_000408885.1,False,,Clean,Monoderm (Keep)
GCF_000466785.3,False,,Clean,Monoderm (Keep)
GCF_000477415.1,False,,Clean,Monoderm (Keep)
GCF_000466885.3,False,,Clean,Monoderm (Keep)
GCF_000418345.1,False,,Clean,Monoderm (Keep)
GCF_000445035.1,False,,Clean,Monoderm (Keep)
GCF_000418535.1,False,,Clean,Monoderm (Keep)
GCF_000463505.1,False,,Clean,Monoderm (Keep)
GCF_000454045.1,False,,Clean,Monoderm (Keep)
GCF_000412265.2,False,,Clean,Monoderm (Keep)
GCF_000468955.1,False,,Clean,Monoderm (Keep)
GCF_000470845.1,False,,Clean,Monoderm (Keep)
GCF_000455565.1,False,,Clean,Monoderm (Keep)
GCF_000478255.1,False,,Clean,Monoderm (Keep)
GCF_000471985.1,False,,Clean,Monoderm (Keep)
GCF_000471945.1,False,,Clean,Monoderm (Keep)
GCF_000444875.1,False,,Clean,Monoderm (Keep)
GCF_000470775.1,False,,Clean,Monoderm (Keep)
GCF_000470865.1,False,,Clean,Monoderm (Keep)
GCF_000465465.2,False,,Clean,Monoderm (Keep)
GCF_000469135.2,False,,Clean,Monoderm (Keep)
GCF_000466905.3,False,,Clean,Monoderm (Keep)
GCF_000478885.1,False,,Clean,Monoderm (Keep)
GCF_000508245.1,False,,Clean,Monoderm (Keep)
GCF_000524555.1,False,,Clean,Monoderm (Keep)
GCF_000568455.1,False,,Clean,Monoderm (Keep)
GCF_000565175.1,False,,Clean,Monoderm (Keep)
GCF_000479355.1,False,,Clean,Monoderm (Keep)
GCF_000504125.1,False,,Clean,Monoderm (Keep)
GCF_000534935.2,False,,Clean,Monoderm (Keep)
GCF_000511405.1,False,,Clean,Monoderm (Keep)
GCF_000493735.1,False,,Clean,Monoderm (Keep)
GCF_000512835.2,False,,Clean,Monoderm (Keep)
GCF_000550785.1,False,,Clean,Monoderm (Keep)
GCF_000565195.1,False,,Clean,Monoderm (Keep)
GCF_000500935.1,False,,Clean,Monoderm (Keep)
GCF_000493375.1,False,,Clean,Monoderm (Keep)
GCF_000565215.1,False,,Clean,Monoderm (Keep)
GCF_000485885.1,False,,Clean,Monoderm (Keep)
GCF_000517365.1,False,,Clean,Monoderm (Keep)
GCF_000484505.2,False,,Clean,Monoderm (Keep)
GCF_000499365.1,False,,Clean,Monoderm (Keep)
GCF_000512775.2,False,,Clean,Monoderm (Keep)
GCF_000496285.1,False,,Clean,Monoderm (Keep)
GCF_000511305.1,False,,Clean,Monoderm (Keep)
GCF_000525715.1,False,,Clean,Monoderm (Keep)
GCF_000512955.1,False,,Clean,Monoderm (Keep)
GCF_000569075.1,False,,Clean,Monoderm (Keep)
GCF_000498675.1,False,,Clean,Monoderm (Keep)
GCF_000494895.1,False,,Clean,Monoderm (Keep)
GCF_000497525.1,False,,Clean,Monoderm (Keep)
GCF_000495635.2,False,,Clean,Monoderm (Keep)
GCF_000478925.1,False,,Clean,Monoderm (Keep)
GCF_000568955.1,False,,Clean,Monoderm (Keep)
GCF_000496265.1,False,,Clean,Monoderm (Keep)
GCF_000568975.1,False,,Clean,Monoderm (Keep)
GCF_000512895.1,False,,Clean,Monoderm (Keep)
GCF_000569035.1,False,,Clean,Monoderm (Keep)
GCF_000479315.1,False,,Clean,Monoderm (Keep)
GCF_000569055.1,False,,Clean,Monoderm (Keep)
GCF_000479335.1,False,,Clean,Monoderm (Keep)
GCF_000494875.1,False,,Clean,Monoderm (Keep)
GCF_000569015.1,False,,Clean,Monoderm (Keep)
GCF_000513655.1,False,,Clean,Monoderm (Keep)
GCF_000513635.1,False,,Clean,Monoderm (Keep)
GCF_000565155.1,False,,Clean,Monoderm (Keep)
GCF_000496635.1,False,,Clean,Monoderm (Keep)
GCF_000499805.2,False,,Clean,Monoderm (Keep)
GCF_000513675.1,False,,Clean,Monoderm (Keep)
GCF_000568935.1,False,,Clean,Monoderm (Keep)
GCF_000513595.1,False,,Clean,Monoderm (Keep)
GCF_000513615.1,False,,Clean,Monoderm (Keep)
GCF_000568475.1,False,,Clean,Monoderm (Keep)
GCF_000550745.1,False,,Clean,Monoderm (Keep)
GCF_000513695.1,False,,Clean,Monoderm (Keep)
GCF_000550805.1,False,,Clean,Monoderm (Keep)
GCF_000497485.1,False,,Clean,Monoderm (Keep)
GCF_000508265.1,False,,Clean,Monoderm (Keep)
GCF_000473245.1,False,,Clean,Monoderm (Keep)
GCF_000572155.1,False,,Clean,Monoderm (Keep)
GCF_000473995.1,False,,Clean,Monoderm (Keep)
GCF_000523045.1,False,,Clean,Monoderm (Keep)
GCF_000572175.1,False,,Clean,Monoderm (Keep)
GCF_000494835.1,False,,Clean,Monoderm (Keep)
GCF_000572125.1,False,,Clean,Monoderm (Keep)
GCF_000497265.2,False,,Clean,Monoderm (Keep)
GCF_000508125.2,False,,Clean,Monoderm (Keep)
GCF_000506785.4,False,,Clean,Monoderm (Keep)
GCF_000507205.3,False,,Clean,Monoderm (Keep)
GCF_000494755.1,False,,Clean,Monoderm (Keep)
GCF_000454025.1,False,,Clean,Monoderm (Keep)
GCF_000597965.1,False,,Clean,Monoderm (Keep)
GCF_000582535.1,False,,Clean,Monoderm (Keep)
GCF_000590555.1,False,,Clean,Monoderm (Keep)
GCF_000582845.1,False,,Clean,Monoderm (Keep)
GCF_000577745.1,False,,Clean,Monoderm (Keep)
GCF_000577895.1,False,,Clean,Monoderm (Keep)
GCF_000597865.1,False,,Clean,Monoderm (Keep)
GCF_000572195.1,False,,Clean,Monoderm (Keep)
GCF_000583065.1,False,,Clean,Monoderm (Keep)
GCF_000523235.1,False,,Clean,Monoderm (Keep)
GCF_000695835.1,False,,Clean,Monoderm (Keep)
GCF_000696015.1,False,,Clean,Monoderm (Keep)
GCF_000732905.1,False,,Clean,Monoderm (Keep)
GCF_000583105.1,False,,Clean,Monoderm (Keep)
GCF_000525635.1,False,,Clean,Monoderm (Keep)
GCF_000706765.1,False,,Clean,Monoderm (Keep)
GCF_000723465.1,False,,Clean,Monoderm (Keep)
GCF_000737305.2,False,,Clean,Monoderm (Keep)
GCF_000613085.1,False,,Clean,Monoderm (Keep)
GCF_000626675.1,False,,Clean,Monoderm (Keep)
GCF_000661895.1,False,,Clean,Monoderm (Keep)
GCF_000695215.1,False,,Clean,Monoderm (Keep)
GCF_000696505.1,False,,Clean,Monoderm (Keep)
GCF_000725365.1,False,,Clean,Monoderm (Keep)
GCF_000733995.1,False,,Clean,Monoderm (Keep)
GCF_000709435.1,False,,Clean,Monoderm (Keep)
GCF_000737615.1,False,,Clean,Monoderm (Keep)
GCF_000732945.1,False,,Clean,Monoderm (Keep)
GCF_000737885.1,False,,Clean,Monoderm (Keep)
GCF_000604105.1,False,,Clean,Monoderm (Keep)
GCF_000600105.1,False,,Clean,Monoderm (Keep)
GCF_000737555.1,False,,Clean,Monoderm (Keep)
GCF_000732425.1,False,,Clean,Monoderm (Keep)
GCF_000725405.1,False,,Clean,Monoderm (Keep)
GCF_000689235.1,False,,Clean,Monoderm (Keep)
GCF_000706665.1,False,,Clean,Monoderm (Keep)
GCF_000709415.1,False,,Clean,Monoderm (Keep)
GCF_000724485.1,False,,Clean,Monoderm (Keep)
GCF_000722765.2,False,,Clean,Monoderm (Keep)
GCF_000681515.2,False,,Clean,Monoderm (Keep)
GCF_000706685.1,False,,Clean,Monoderm (Keep)
GCF_000725285.1,False,,Clean,Monoderm (Keep)
GCF_000695895.1,False,,Clean,Monoderm (Keep)
GCF_000699505.1,False,,Clean,Monoderm (Keep)
GCF_000688795.1,False,,Clean,Monoderm (Keep)
GCF_000732355.1,False,,Clean,Monoderm (Keep)
GCF_000725325.1,False,,Clean,Monoderm (Keep)
GCF_000730365.1,False,,Clean,Monoderm (Keep)
GCF_000698885.1,False,,Clean,Monoderm (Keep)
GCF_000730205.1,False,,Clean,Monoderm (Keep)
GCF_000635895.2,False,,Clean,Monoderm (Keep)
GCF_000737865.1,False,,Clean,Monoderm (Keep)
GCF_000730255.1,False,,Clean,Monoderm (Keep)
GCF_000730215.1,False,,Clean,Monoderm (Keep)
GCF_000709495.1,False,,Clean,Monoderm (Keep)
GCF_000730445.1,False,,Clean,Monoderm (Keep)
GCF_000600015.1,False,,Clean,Monoderm (Keep)
GCF_000612505.1,False,,Clean,Monoderm (Keep)
GCF_000724605.1,False,,Clean,Monoderm (Keep)
GCF_000706725.1,False,,Clean,Monoderm (Keep)
GCF_000730405.1,False,,Clean,Monoderm (Keep)
GCF_000612055.1,False,,Clean,Monoderm (Keep)
GCF_000695875.1,False,,Clean,Monoderm (Keep)
GCF_000699525.1,False,,Clean,Monoderm (Keep)
GCF_000626615.2,False,,Clean,Monoderm (Keep)
GCF_000737405.1,False,,Clean,Monoderm (Keep)
GCF_000706705.1,False,,Clean,Monoderm (Keep)
GCF_000699465.1,False,,Clean,Monoderm (Keep)
GCF_000738475.1,False,,Clean,Monoderm (Keep)
GCF_000738445.1,False,,Clean,Monoderm (Keep)
GCF_000739455.1,False,,Clean,Monoderm (Keep)
GCF_000685725.1,False,,Clean,Monoderm (Keep)
GCF_000724775.3,False,,Clean,Monoderm (Keep)
GCF_000698475.1,False,,Clean,Monoderm (Keep)
GCF_000597985.1,False,,Clean,Monoderm (Keep)
GCF_000739085.1,False,,Clean,Monoderm (Keep)
GCF_000723425.2,False,,Clean,Monoderm (Keep)
GCF_000696675.2,False,,Clean,Monoderm (Keep)
GCF_000717535.1,False,,Clean,Monoderm (Keep)
GCF_000742715.1,False,,Clean,Monoderm (Keep)
GCF_000742975.1,False,,Clean,Monoderm (Keep)
GCF_000742655.1,False,,Clean,Monoderm (Keep)
GCF_000750515.1,False,,Clean,Monoderm (Keep)
GCF_000743015.1,False,,Clean,Monoderm (Keep)
GCF_000695235.1,False,,Clean,Monoderm (Keep)
GCF_000732925.1,False,,Clean,Monoderm (Keep)
GCF_000746025.2,False,,Clean,Monoderm (Keep)
GCF_000747315.1,False,,Clean,Monoderm (Keep)
GCF_000747585.1,False,,Clean,Monoderm (Keep)
GCF_000746625.1,False,,Clean,Monoderm (Keep)
GCF_000746505.1,False,,Clean,Monoderm (Keep)
GCF_000742735.1,False,,Clean,Monoderm (Keep)
GCF_000750535.1,False,,Clean,Monoderm (Keep)
GCF_000739105.1,False,,Clean,Monoderm (Keep)
GCF_000758365.1,False,,Clean,Monoderm (Keep)
GCF_000759375.2,False,,Clean,Monoderm (Keep)
GCF_000761135.1,False,,Clean,Monoderm (Keep)
GCF_000767725.1,False,,Clean,Monoderm (Keep)
GCF_000767055.1,False,,Clean,Monoderm (Keep)
GCF_000759555.1,False,,Clean,Monoderm (Keep)
GCF_000767645.1,False,,Clean,Monoderm (Keep)
GCF_000756205.1,False,,Clean,Monoderm (Keep)
GCF_000751035.1,False,,Clean,Monoderm (Keep)
GCF_000767505.1,False,,Clean,Monoderm (Keep)
GCF_000772485.1,False,,Clean,Monoderm (Keep)
GCF_000742855.1,False,,Clean,Monoderm (Keep)
GCF_000742895.1,False,,Clean,Monoderm (Keep)
GCF_000755585.2,False,,Clean,Monoderm (Keep)
GCF_000756485.1,False,,Clean,Monoderm (Keep)
GCF_000755185.1,False,,Clean,Monoderm (Keep)
GCF_000782855.1,False,,Clean,Monoderm (Keep)
GCF_000766885.2,False,,Clean,Monoderm (Keep)
GCF_000772245.1,False,,Clean,Monoderm (Keep)
GCF_000772185.1,False,,Clean,Monoderm (Keep)
GCF_000772025.1,False,,Clean,Monoderm (Keep)
GCF_000767685.1,False,,Clean,Monoderm (Keep)
GCF_000769635.1,False,,Clean,Monoderm (Keep)
GCF_000761115.1,False,,Clean,Monoderm (Keep)
GCF_000763495.1,False,,Clean,Monoderm (Keep)
GCF_000767415.1,False,,Clean,Monoderm (Keep)
GCF_000763575.1,False,,Clean,Monoderm (Keep)
GCF_000763515.1,False,,Clean,Monoderm (Keep)
GCF_000763475.1,False,,Clean,Monoderm (Keep)
GCF_000769575.1,False,,Clean,Monoderm (Keep)
GCF_000772085.1,False,,Clean,Monoderm (Keep)
GCF_000756525.1,False,,Clean,Monoderm (Keep)
GCF_000756545.1,False,,Clean,Monoderm (Keep)
GCF_000785555.1,False,,Clean,Monoderm (Keep)
GCF_000763325.2,False,,Clean,Monoderm (Keep)
GCF_000756615.1,False,,Clean,Monoderm (Keep)
GCF_000785515.1,False,,Clean,Monoderm (Keep)
GCF_000760905.2,False,,Clean,Monoderm (Keep)
GCF_000761215.1,False,,Clean,Monoderm (Keep)
GCF_000769555.1,False,,Clean,Monoderm (Keep)
GCF_000772125.1,False,,Clean,Monoderm (Keep)
GCF_000785535.1,False,,Clean,Monoderm (Keep)
GCF_000786505.1,False,,Clean,Monoderm (Keep)
GCF_000782835.1,False,,Clean,Monoderm (Keep)
GCF_000758685.1,False,,Clean,Monoderm (Keep)
GCF_000758585.1,False,,Clean,Monoderm (Keep)
GCF_000758645.1,False,,Clean,Monoderm (Keep)
GCF_000758545.1,False,,Clean,Monoderm (Keep)
GCF_000758665.1,False,,Clean,Monoderm (Keep)
GCF_000758725.1,False,,Clean,Monoderm (Keep)
GCF_000758605.1,False,,Clean,Monoderm (Keep)
GCF_000758625.1,False,,Clean,Monoderm (Keep)
GCF_000758525.1,False,,Clean,Monoderm (Keep)
GCF_000758705.1,False,,Clean,Monoderm (Keep)
GCF_000767605.1,False,,Clean,Monoderm (Keep)
GCF_000767665.1,False,,Clean,Monoderm (Keep)
GCF_000767745.1,False,,Clean,Monoderm (Keep)
GCF_000775975.1,False,,Clean,Monoderm (Keep)
GCF_000767705.1,False,,Clean,Monoderm (Keep)
GCF_000785495.1,False,,Clean,Monoderm (Keep)
GCF_000758565.1,False,,Clean,Monoderm (Keep)
GCF_000772045.1,False,,Clean,Monoderm (Keep)
GCF_000815065.1,False,,Clean,Monoderm (Keep)
GCF_000828735.1,False,,Clean,Monoderm (Keep)
GCF_000828855.1,False,,Clean,Monoderm (Keep)
GCF_000829035.1,False,,Clean,Monoderm (Keep)
GCF_000829055.1,False,,Clean,Monoderm (Keep)
GCF_000829395.1,False,,Clean,Monoderm (Keep)
GCF_000829335.1,False,,Clean,Monoderm (Keep)
GCF_000828015.1,False,,Clean,Monoderm (Keep)
GCF_000789355.1,False,,Clean,Monoderm (Keep)
GCF_000830925.1,False,,Clean,Monoderm (Keep)
GCF_000789315.1,False,,Clean,Monoderm (Keep)
GCF_000789395.1,False,,Clean,Monoderm (Keep)
GCF_000819665.1,False,,Clean,Monoderm (Keep)
GCF_000817935.1,False,,Clean,Monoderm (Keep)
GCF_000830905.1,False,,Clean,Monoderm (Keep)
GCF_000800295.1,False,,Clean,Monoderm (Keep)
GCF_000800785.1,False,,Clean,Monoderm (Keep)
GCF_000830885.1,False,,Clean,Monoderm (Keep)
GCF_000818095.1,False,,Clean,Monoderm (Keep)
GCF_000829075.1,False,,Clean,Monoderm (Keep)
GCF_000814825.1,False,,Clean,Monoderm (Keep)
GCF_000803665.1,False,,Clean,Monoderm (Keep)
GCF_000816205.1,False,,Clean,Monoderm (Keep)
GCF_000831145.1,False,,Clean,Monoderm (Keep)
GCF_000817045.1,False,,Clean,Monoderm (Keep)
GCF_000818055.1,False,,Clean,Monoderm (Keep)
GCF_000817995.1,False,,Clean,Monoderm (Keep)
GCF_000817065.1,False,,Clean,Monoderm (Keep)
GCF_000831165.1,False,,Clean,Monoderm (Keep)
GCF_000800475.2,False,,Clean,Monoderm (Keep)
GCF_000800455.1,False,,Clean,Monoderm (Keep)
GCF_000831125.1,False,,Clean,Monoderm (Keep)
GCF_000831485.1,False,,Clean,Monoderm (Keep)
GCF_000816065.1,False,,Clean,Monoderm (Keep)
GCF_000829295.1,False,,Clean,Monoderm (Keep)
GCF_000831105.1,False,,Clean,Monoderm (Keep)
GCF_000819445.1,False,,Clean,Monoderm (Keep)
GCF_000800335.1,False,,Clean,Monoderm (Keep)
GCF_000816085.1,False,,Clean,Monoderm (Keep)
GCF_000808055.1,False,,Clean,Monoderm (Keep)
GCF_000831645.3,False,,Clean,Monoderm (Keep)
GCF_000814865.1,False,,Clean,Monoderm (Keep)
GCF_000828035.1,False,,Clean,Monoderm (Keep)
GCF_000807375.1,False,,Clean,Monoderm (Keep)
GCF_000815205.1,False,,Clean,Monoderm (Keep)
GCF_000815245.1,False,,Clean,Monoderm (Keep)
GCF_000827935.1,False,,Clean,Monoderm (Keep)
GCF_000815125.1,False,,Clean,Monoderm (Keep)
GCF_000815045.1,False,,Clean,Monoderm (Keep)
GCF_000817005.1,False,,Clean,Monoderm (Keep)
GCF_000827955.1,False,,Clean,Monoderm (Keep)
GCF_000815165.1,False,,Clean,Monoderm (Keep)
GCF_000798935.2,False,,Clean,Monoderm (Keep)
GCF_000829015.1,False,,Clean,Monoderm (Keep)
GCF_000829195.1,False,,Clean,Monoderm (Keep)
GCF_000815085.1,False,,Clean,Monoderm (Keep)
GCF_000807175.1,False,,Clean,Monoderm (Keep)
GCF_000800825.1,False,,Clean,Monoderm (Keep)
GCF_000827085.1,False,,Clean,Monoderm (Keep)
GCF_000807675.2,False,,Clean,Monoderm (Keep)
GCF_000828995.1,False,,Clean,Monoderm (Keep)
GCF_000815145.1,False,,Clean,Monoderm (Keep)
GCF_000827065.1,False,,Clean,Monoderm (Keep)
GCF_000807255.1,False,,Clean,Monoderm (Keep)
GCF_000827045.1,False,,Clean,Monoderm (Keep)
GCF_000815275.2,False,,Clean,Monoderm (Keep)
GCF_000789295.1,False,,Clean,Monoderm (Keep)
GCF_000789275.1,False,,Clean,Monoderm (Keep)
GCF_000816465.3,False,,Clean,Monoderm (Keep)
GCF_000802245.2,False,,Clean,Monoderm (Keep)
GCF_000832385.1,False,,Clean,Monoderm (Keep)
GCF_000831065.1,False,,Clean,Monoderm (Keep)
GCF_000816025.1,False,,Clean,Monoderm (Keep)
GCF_000830005.1,False,,Clean,Monoderm (Keep)
GCF_000832405.1,False,,Clean,Monoderm (Keep)
GCF_000832445.1,False,,Clean,Monoderm (Keep)
GCF_000832465.1,False,,Clean,Monoderm (Keep)
GCF_000832425.1,False,,Clean,Monoderm (Keep)
GCF_000827005.1,False,,Clean,Monoderm (Keep)
GCF_000947915.1,False,,Clean,Monoderm (Keep)
GCF_000875755.1,False,,Clean,Monoderm (Keep)
GCF_000835085.1,False,,Clean,Monoderm (Keep)
GCF_000941075.1,False,,Clean,Monoderm (Keep)
GCF_000832485.1,False,,Clean,Monoderm (Keep)
GCF_000931425.2,False,,Clean,Monoderm (Keep)
GCF_000835165.1,False,,Clean,Monoderm (Keep)
GCF_000953235.1,False,,Clean,Monoderm (Keep)
GCF_000953375.1,False,,Clean,Monoderm (Keep)
GCF_000832845.1,False,,Clean,Monoderm (Keep)
GCF_000875715.1,False,,Clean,Monoderm (Keep)
GCF_000952915.1,False,,Clean,Monoderm (Keep)
GCF_000835185.1,False,,Clean,Monoderm (Keep)
GCF_000832805.1,False,,Clean,Monoderm (Keep)
GCF_000833085.1,False,,Clean,Monoderm (Keep)
GCF_000833065.1,False,,Clean,Monoderm (Keep)
GCF_000832565.1,False,,Clean,Monoderm (Keep)
GCF_000832785.1,False,,Clean,Monoderm (Keep)
GCF_000832585.1,False,,Clean,Monoderm (Keep)
GCF_000832925.1,False,,Clean,Monoderm (Keep)
GCF_000877815.1,False,,Clean,Monoderm (Keep)
GCF_000833045.1,False,,Clean,Monoderm (Keep)
GCF_000833275.1,False,,Clean,Monoderm (Keep)
GCF_000832865.1,False,,Clean,Monoderm (Keep)
GCF_000832635.1,False,,Clean,Monoderm (Keep)
GCF_000832505.1,False,,Clean,Monoderm (Keep)
GCF_000832985.1,False,,Clean,Monoderm (Keep)
GCF_000833125.1,False,,Clean,Monoderm (Keep)
GCF_000832885.1,False,,Clean,Monoderm (Keep)
GCF_000940785.1,False,,Clean,Monoderm (Keep)
GCF_000950575.1,False,,Clean,Monoderm (Keep)
GCF_000934625.1,False,,Clean,Monoderm (Keep)
GCF_000832525.1,False,,Clean,Monoderm (Keep)
GCF_000832825.1,False,,Clean,Monoderm (Keep)
GCF_000835025.1,False,,Clean,Monoderm (Keep)
GCF_000875675.1,False,,Clean,Monoderm (Keep)
GCF_000832965.1,False,,Clean,Monoderm (Keep)
GCF_000940845.1,False,,Clean,Monoderm (Keep)
GCF_000953255.1,False,,Clean,Monoderm (Keep)
GCF_000950775.1,False,,Clean,Monoderm (Keep)
GCF_000832905.1,False,,Clean,Monoderm (Keep)
GCF_000833575.1,False,,Clean,Monoderm (Keep)
GCF_000876545.1,False,,Clean,Monoderm (Keep)
GCF_000932055.2,False,,Clean,Monoderm (Keep)
GCF_000835145.1,False,,Clean,Monoderm (Keep)
GCF_000934325.3,False,,Clean,Monoderm (Keep)
GCF_000835265.1,False,,Clean,Monoderm (Keep)
GCF_000876525.1,False,,Clean,Monoderm (Keep)
GCF_000833105.2,False,,Clean,Monoderm (Keep)
GCF_000833005.1,False,,Clean,Monoderm (Keep)
GCF_000961015.1,False,,Clean,Monoderm (Keep)
GCF_000949425.1,False,,Clean,Monoderm (Keep)
GCF_000832745.1,False,,Clean,Monoderm (Keep)
GCF_000958465.1,False,,Clean,Monoderm (Keep)
GCF_000967115.2,False,,Clean,Monoderm (Keep)
GCF_000966445.2,False,,Clean,Monoderm (Keep)
GCF_000832605.1,False,,Clean,Monoderm (Keep)
GCF_000832665.1,False,,Clean,Monoderm (Keep)
GCF_000832725.1,False,,Clean,Monoderm (Keep)
GCF_000832765.1,False,,Clean,Monoderm (Keep)
GCF_000953575.1,False,,Clean,Monoderm (Keep)
GCF_000953275.1,False,,Clean,Monoderm (Keep)
GCF_000952895.1,False,,Clean,Monoderm (Keep)
GCF_000931445.1,False,,Clean,Monoderm (Keep)
GCF_000953615.1,False,,Clean,Monoderm (Keep)
GCF_000954115.1,False,,Clean,Monoderm (Keep)
GCF_000935185.3,False,,Clean,Monoderm (Keep)
GCF_000943515.2,False,,Clean,Monoderm (Keep)
GCF_000961095.1,False,,Clean,Monoderm (Keep)
GCF_000967325.1,False,,Clean,Monoderm (Keep)
GCF_000967285.1,False,,Clean,Monoderm (Keep)
GCF_000968055.1,False,,Clean,Monoderm (Keep)
GCF_000969765.1,False,,Clean,Monoderm (Keep)
GCF_000967405.1,False,,Clean,Monoderm (Keep)
GCF_000967365.1,False,,Clean,Monoderm (Keep)
GCF_000967345.1,False,,Clean,Monoderm (Keep)
GCF_000967385.1,False,,Clean,Monoderm (Keep)
GCF_000967915.1,False,,Clean,Monoderm (Keep)
GCF_000968945.1,False,,Clean,Monoderm (Keep)
GCF_000952035.2,False,,Clean,Monoderm (Keep)
GCF_000970665.2,False,,Clean,Monoderm (Keep)
GCF_000971925.1,False,,Clean,Monoderm (Keep)
GCF_000971665.1,False,,Clean,Monoderm (Keep)
GCF_000969225.1,False,,Clean,Monoderm (Keep)
GCF_000968375.1,False,,Clean,Monoderm (Keep)
GCF_001017595.1,False,,Clean,Monoderm (Keep)
GCF_000988065.1,False,,Clean,Monoderm (Keep)
GCF_001011095.1,False,,Clean,Monoderm (Keep)
GCF_000981525.1,False,,Clean,Monoderm (Keep)
GCF_001010485.1,False,,Clean,Monoderm (Keep)
GCF_001018655.2,False,,Clean,Monoderm (Keep)
GCF_000993765.1,False,,Clean,Monoderm (Keep)
GCF_000993745.1,False,,Clean,Monoderm (Keep)
GCF_000975265.2,False,,Clean,Monoderm (Keep)
GCF_000980815.1,False,,Clean,Monoderm (Keep)
GCF_000980835.1,False,,Clean,Monoderm (Keep)
GCF_000972805.1,False,,Clean,Monoderm (Keep)
GCF_001005985.1,False,,Clean,Monoderm (Keep)
GCF_000973705.1,False,,Clean,Monoderm (Keep)
GCF_000972685.1,False,,Clean,Monoderm (Keep)
GCF_000973485.1,False,,Clean,Monoderm (Keep)
GCF_000973605.1,False,,Clean,Monoderm (Keep)
GCF_000988345.1,False,,Clean,Monoderm (Keep)
GCF_001014305.1,False,,Clean,Monoderm (Keep)
GCF_000978495.1,False,,Clean,Monoderm (Keep)
GCF_001005925.2,False,,Clean,Monoderm (Keep)
GCF_001018835.2,False,,Clean,Monoderm (Keep)
GCF_001018685.2,False,,Clean,Monoderm (Keep)
GCF_001005905.1,False,,Clean,Monoderm (Keep)
GCF_000987865.1,False,,Clean,Monoderm (Keep)
GCF_001019275.2,False,,Clean,Monoderm (Keep)
GCF_001018975.2,False,,Clean,Monoderm (Keep)
GCF_001015095.1,False,,Clean,Monoderm (Keep)
GCF_001019255.2,False,,Clean,Monoderm (Keep)
GCF_001018735.2,False,,Clean,Monoderm (Keep)
GCF_001019205.2,False,,Clean,Monoderm (Keep)
GCF_001018645.2,False,,Clean,Monoderm (Keep)
GCF_001014285.1,False,,Clean,Monoderm (Keep)
GCF_001008015.1,False,,Clean,Monoderm (Keep)
GCF_001018805.1,False,,Clean,Monoderm (Keep)
GCF_001018915.2,False,,Clean,Monoderm (Keep)
GCF_001017615.1,False,,Clean,Monoderm (Keep)
GCF_001019305.2,False,,Clean,Monoderm (Keep)
GCF_001019125.2,False,,Clean,Monoderm (Keep)
GCF_001019395.2,False,,Clean,Monoderm (Keep)
GCF_001018775.2,False,,Clean,Monoderm (Keep)
GCF_001018725.2,False,,Clean,Monoderm (Keep)
GCF_001018845.2,False,,Clean,Monoderm (Keep)
GCF_000972245.3,False,,Clean,Monoderm (Keep)
GCF_001019415.2,False,,Clean,Monoderm (Keep)
GCF_000975175.1,False,,Clean,Monoderm (Keep)
GCF_001019485.2,False,,Clean,Monoderm (Keep)
GCF_001019435.2,False,,Clean,Monoderm (Keep)
GCF_000978375.1,False,,Clean,Monoderm (Keep)
GCF_000973585.1,False,,Clean,Monoderm (Keep)
GCF_000993825.1,False,,Clean,Monoderm (Keep)
GCF_000982715.1,False,,Clean,Monoderm (Keep)
GCF_000993785.3,False,,Clean,Monoderm (Keep)
GCF_000987825.1,False,,Clean,Monoderm (Keep)
GCF_000981585.1,False,,Clean,Monoderm (Keep)
GCF_001019535.2,False,,Clean,Monoderm (Keep)
GCF_001011035.1,False,,Clean,Monoderm (Keep)
GCF_001013905.1,False,,Clean,Monoderm (Keep)
GCF_001019495.2,False,,Clean,Monoderm (Keep)
GCF_001017635.1,False,,Clean,Monoderm (Keep)
GCF_001045795.2,False,,Clean,Monoderm (Keep)
GCF_001047695.1,False,,Clean,Monoderm (Keep)
GCF_001183725.2,False,,Clean,Monoderm (Keep)
GCF_001021895.1,False,,Clean,Monoderm (Keep)
GCF_001186155.3,False,,Clean,Monoderm (Keep)
GCF_001043135.1,False,,Clean,Monoderm (Keep)
GCF_001021875.1,False,,Clean,Monoderm (Keep)
GCF_001028645.1,False,,Clean,Monoderm (Keep)
GCF_001077535.1,False,,Clean,Monoderm (Keep)
GCF_001183705.3,False,,Clean,Monoderm (Keep)
GCF_001027105.1,False,,Clean,Monoderm (Keep)
GCF_001042715.1,False,,Clean,Monoderm (Keep)
GCF_001046095.2,False,,Clean,Monoderm (Keep)
GCF_001019575.2,False,,Clean,Monoderm (Keep)
GCF_001029245.1,False,,Clean,Monoderm (Keep)
GCF_001050455.1,False,,Clean,Monoderm (Keep)
GCF_001045995.2,False,,Clean,Monoderm (Keep)
GCF_001027045.1,False,,Clean,Monoderm (Keep)
GCF_001020985.1,False,,Clean,Monoderm (Keep)
GCF_001042655.1,False,,Clean,Monoderm (Keep)
GCF_001050115.1,False,,Clean,Monoderm (Keep)
GCF_001019635.1,False,,Clean,Monoderm (Keep)
GCF_001038625.1,False,,Clean,Monoderm (Keep)
GCF_001039695.1,False,,Clean,Monoderm (Keep)
GCF_001020185.2,False,,Clean,Monoderm (Keep)
GCF_001025135.1,False,,Clean,Monoderm (Keep)
GCF_001042675.1,False,,Clean,Monoderm (Keep)
GCF_001029265.1,False,,Clean,Monoderm (Keep)
GCF_001051095.1,False,,Clean,Monoderm (Keep)
GCF_001042405.1,False,,Clean,Monoderm (Keep)
GCF_001042695.1,False,,Clean,Monoderm (Keep)
GCF_001019695.1,False,,Clean,Monoderm (Keep)
GCF_001025215.1,False,,Clean,Monoderm (Keep)
GCF_001023495.1,False,,Clean,Monoderm (Keep)
GCF_001026925.1,False,,Clean,Monoderm (Keep)
GCF_001019675.1,False,,Clean,Monoderm (Keep)
GCF_001051015.2,False,,Clean,Monoderm (Keep)
GCF_001021955.1,False,,Clean,Monoderm (Keep)
GCF_001042615.1,False,,Clean,Monoderm (Keep)
GCF_001025155.1,False,,Clean,Monoderm (Keep)
GCF_001046835.1,False,,Clean,Monoderm (Keep)
GCF_001025175.1,False,,Clean,Monoderm (Keep)
GCF_001021065.1,False,,Clean,Monoderm (Keep)
GCF_001042595.1,False,,Clean,Monoderm (Keep)
GCF_001025195.1,False,,Clean,Monoderm (Keep)
GCF_001186445.1,False,,Clean,Monoderm (Keep)
GCF_001026945.2,False,,Clean,Monoderm (Keep)
GCF_001027085.1,False,,Clean,Monoderm (Keep)
GCF_001050475.1,False,,Clean,Monoderm (Keep)
GCF_001042635.1,False,,Clean,Monoderm (Keep)
GCF_001047215.2,False,,Clean,Monoderm (Keep)
GCF_001187615.2,False,,Clean,Monoderm (Keep)
GCF_001027205.1,False,,Clean,Monoderm (Keep)
GCF_001021025.1,False,,Clean,Monoderm (Keep)
GCF_001027125.1,False,,Clean,Monoderm (Keep)
GCF_001188025.2,False,,Clean,Monoderm (Keep)
GCF_001050435.1,False,,Clean,Monoderm (Keep)
GCF_001047715.2,False,,Clean,Monoderm (Keep)
GCF_001039495.1,False,,Clean,Monoderm (Keep)
GCF_001021045.1,False,,Clean,Monoderm (Keep)
GCF_001187595.1,False,,Clean,Monoderm (Keep)
GCF_001027165.1,False,,Clean,Monoderm (Keep)
GCF_001027065.1,False,,Clean,Monoderm (Keep)
GCF_001027245.1,False,,Clean,Monoderm (Keep)
GCF_001037985.1,False,,Clean,Monoderm (Keep)
GCF_001023595.1,False,,Clean,Monoderm (Keep)
GCF_001020205.1,False,,Clean,Monoderm (Keep)
GCF_001043255.1,False,,Clean,Monoderm (Keep)
GCF_001021385.1,False,,Clean,Monoderm (Keep)
GCF_001039275.2,False,,Clean,Monoderm (Keep)
GCF_001078615.1,False,,Clean,Monoderm (Keep)
GCF_001050395.1,False,,Clean,Monoderm (Keep)
GCF_001182785.1,False,,Clean,Monoderm (Keep)
GCF_001188045.2,False,,Clean,Monoderm (Keep)
GCF_001189515.2,False,,Clean,Monoderm (Keep)
GCF_001182745.1,False,,Clean,Monoderm (Keep)
GCF_001190805.1,False,,Clean,Monoderm (Keep)
GCF_001188655.1,False,,Clean,Monoderm (Keep)
GCF_001183785.1,False,,Clean,Monoderm (Keep)
GCF_001189535.1,False,,Clean,Monoderm (Keep)
GCF_001272715.1,False,,Clean,Monoderm (Keep)
GCF_001274875.1,False,,Clean,Monoderm (Keep)
GCF_001272775.1,False,,Clean,Monoderm (Keep)
GCF_001296985.1,False,,Clean,Monoderm (Keep)
GCF_001272895.1,False,,Clean,Monoderm (Keep)
GCF_001272315.2,False,,Clean,Monoderm (Keep)
GCF_001281425.1,False,,Clean,Monoderm (Keep)
GCF_001272795.1,False,,Clean,Monoderm (Keep)
GCF_001272875.1,False,,Clean,Monoderm (Keep)
GCF_001293145.1,False,,Clean,Monoderm (Keep)
GCF_001272755.1,False,,Clean,Monoderm (Keep)
GCF_001272855.1,False,,Clean,Monoderm (Keep)
GCF_001272735.1,False,,Clean,Monoderm (Keep)
GCF_001267395.1,False,,Clean,Monoderm (Keep)
GCF_001272815.1,False,,Clean,Monoderm (Keep)
GCF_001272915.1,False,,Clean,Monoderm (Keep)
GCF_001281145.1,False,,Clean,Monoderm (Keep)
GCF_001280205.1,False,,Clean,Monoderm (Keep)
GCF_001191565.1,False,,Clean,Monoderm (Keep)
GCF_001272835.1,False,,Clean,Monoderm (Keep)
GCF_001281045.1,False,,Clean,Monoderm (Keep)
GCF_001302645.1,False,,Clean,Monoderm (Keep)
GCF_001304735.1,False,,Clean,Monoderm (Keep)
GCF_001262715.1,False,,Clean,Monoderm (Keep)
GCF_001191605.1,False,,Clean,Monoderm (Keep)
GCF_001277915.1,False,,Clean,Monoderm (Keep)
GCF_001302565.1,False,,Clean,Monoderm (Keep)
GCF_001267815.1,False,,Clean,Monoderm (Keep)
GCF_001267155.1,False,,Clean,Monoderm (Keep)
GCF_001277995.1,False,,Clean,Monoderm (Keep)
GCF_001263395.1,False,,Clean,Monoderm (Keep)
GCF_001281085.1,False,,Clean,Monoderm (Keep)
GCF_001281505.1,False,,Clean,Monoderm (Keep)
GCF_001272655.2,False,,Clean,Monoderm (Keep)
GCF_001294645.1,False,,Clean,Monoderm (Keep)
GCF_001293125.1,False,,Clean,Monoderm (Keep)
GCF_001190885.1,False,,Clean,Monoderm (Keep)
GCF_001267845.1,False,,Clean,Monoderm (Keep)
GCF_001281345.1,False,,Clean,Monoderm (Keep)
GCF_001275545.2,False,,Clean,Monoderm (Keep)
GCF_001298505.1,False,,Clean,Monoderm (Keep)
GCF_001281025.1,False,,Clean,Monoderm (Keep)
GCF_001281105.1,False,,Clean,Monoderm (Keep)
GCF_001262055.1,False,,Clean,Monoderm (Keep)
GCF_001281305.1,False,,Clean,Monoderm (Keep)
GCF_001281315.1,False,,Clean,Monoderm (Keep)
GCF_001266635.1,False,,Clean,Monoderm (Keep)
GCF_001267805.1,False,,Clean,Monoderm (Keep)
GCF_001267405.1,False,,Clean,Monoderm (Keep)
GCF_001255215.1,False,,Clean,Monoderm (Keep)
GCF_001272635.1,False,,Clean,Monoderm (Keep)
GCF_001267885.1,False,,Clean,Monoderm (Keep)
GCF_001298485.1,False,,Clean,Monoderm (Keep)
GCF_001281065.1,False,,Clean,Monoderm (Keep)
GCF_001281445.1,False,,Clean,Monoderm (Keep)
GCF_001275345.1,False,,Clean,Monoderm (Keep)
GCF_001298325.2,False,,Clean,Monoderm (Keep)
GCF_001294425.1,False,,Clean,Monoderm (Keep)
GCF_001266755.1,False,,Clean,Monoderm (Keep)
GCF_001267435.1,False,,Clean,Monoderm (Keep)
GCF_001296095.1,False,,Clean,Monoderm (Keep)
GCF_001278015.1,False,,Clean,Monoderm (Keep)
GCF_001244395.1,False,,Clean,Monoderm (Keep)
GCF_001278845.1,False,,Clean,Monoderm (Keep)
GCF_001274895.1,False,,Clean,Monoderm (Keep)
GCF_001294625.1,False,,Clean,Monoderm (Keep)
GCF_001295365.1,False,,Clean,Monoderm (Keep)
GCF_001274555.1,False,,Clean,Monoderm (Keep)
GCF_001275565.2,False,,Clean,Monoderm (Keep)
GCF_001190945.1,False,,Clean,Monoderm (Keep)
GCF_001294605.1,False,,Clean,Monoderm (Keep)
GCF_001278075.1,False,,Clean,Monoderm (Keep)
GCF_001278095.1,False,,Clean,Monoderm (Keep)
GCF_001308145.2,False,,Clean,Monoderm (Keep)
GCF_001307235.1,False,,Clean,Monoderm (Keep)
GCF_001308285.1,False,,Clean,Monoderm (Keep)
GCF_001307805.1,False,,Clean,Monoderm (Keep)
GCF_001305675.1,False,,Clean,Monoderm (Keep)
GCF_001411765.2,False,,Clean,Monoderm (Keep)
GCF_001484045.1,False,,Clean,Monoderm (Keep)
GCF_001442815.2,False,,Clean,Monoderm (Keep)
GCF_001314945.1,False,,Clean,Monoderm (Keep)
GCF_001412635.1,False,,Clean,Monoderm (Keep)
GCF_001433475.1,False,,Clean,Monoderm (Keep)
GCF_001331925.2,False,,Clean,Monoderm (Keep)
GCF_001432245.1,False,,Clean,Monoderm (Keep)
GCF_001307545.1,False,,Clean,Monoderm (Keep)
GCF_001302585.1,False,,Clean,Monoderm (Keep)
GCF_001483965.1,False,,Clean,Monoderm (Keep)
GCF_001482365.1,False,,Clean,Monoderm (Keep)
GCF_001483445.1,False,,Clean,Monoderm (Keep)
GCF_001484005.1,False,,Clean,Monoderm (Keep)
GCF_001447865.2,False,,Clean,Monoderm (Keep)
GCF_001465635.1,False,,Clean,Monoderm (Keep)
GCF_001465835.2,False,,Clean,Monoderm (Keep)
GCF_001421015.2,False,,Clean,Monoderm (Keep)
GCF_001455345.1,False,,Clean,Monoderm (Keep)
GCF_001469565.1,False,,Clean,Monoderm (Keep)
GCF_001465675.1,False,,Clean,Monoderm (Keep)
GCF_001457495.1,False,,Clean,Monoderm (Keep)
GCF_001314225.1,False,,Clean,Monoderm (Keep)
GCF_001412695.1,False,,Clean,Monoderm (Keep)
GCF_001420855.1,False,,Clean,Monoderm (Keep)
GCF_001483885.1,False,,Clean,Monoderm (Keep)
GCF_001465175.1,False,,Clean,Monoderm (Keep)
GCF_001445575.1,False,,Clean,Monoderm (Keep)
GCF_001420975.1,False,,Clean,Monoderm (Keep)
GCF_001431765.1,False,,Clean,Monoderm (Keep)
GCF_001477575.1,False,,Clean,Monoderm (Keep)
GCF_001448985.1,False,,Clean,Monoderm (Keep)
GCF_001446255.1,False,,Clean,Monoderm (Keep)
GCF_001456065.2,False,,Clean,Monoderm (Keep)
GCF_001420995.1,False,,Clean,Monoderm (Keep)
GCF_001447295.1,False,,Clean,Monoderm (Keep)
GCF_001481675.1,False,,Clean,Monoderm (Keep)
GCF_001446275.1,False,,Clean,Monoderm (Keep)
GCF_001469655.1,False,,Clean,Monoderm (Keep)
GCF_001465855.1,False,,Clean,Monoderm (Keep)
GCF_001469775.1,False,,Clean,Monoderm (Keep)
GCF_001469595.1,False,,Clean,Monoderm (Keep)
GCF_001454885.1,False,,Clean,Monoderm (Keep)
GCF_001481755.1,False,,Clean,Monoderm (Keep)
GCF_001456215.1,False,,Clean,Monoderm (Keep)
GCF_001483425.1,False,,Clean,Monoderm (Keep)
GCF_001457455.1,False,,Clean,Monoderm (Keep)
GCF_001443645.1,False,,Clean,Monoderm (Keep)
GCF_001469615.1,False,,Clean,Monoderm (Keep)
GCF_001454845.1,False,,Clean,Monoderm (Keep)
GCF_001454925.1,False,,Clean,Monoderm (Keep)
GCF_001454865.1,False,,Clean,Monoderm (Keep)
GCF_001481725.1,False,,Clean,Monoderm (Keep)
GCF_001454945.1,False,,Clean,Monoderm (Keep)
GCF_001481715.1,False,,Clean,Monoderm (Keep)
GCF_001444345.1,False,,Clean,Monoderm (Keep)
GCF_001431145.1,False,,Clean,Monoderm (Keep)
GCF_001465755.1,False,,Clean,Monoderm (Keep)
GCF_001465795.2,False,,Clean,Monoderm (Keep)
GCF_001454905.1,False,,Clean,Monoderm (Keep)
GCF_001456175.1,False,,Clean,Monoderm (Keep)
GCF_001483405.1,False,,Clean,Monoderm (Keep)
GCF_001441165.1,False,,Clean,Monoderm (Keep)
GCF_001431785.1,False,,Clean,Monoderm (Keep)
GCF_001439585.2,False,,Clean,Monoderm (Keep)
GCF_001465815.1,False,,Clean,Monoderm (Keep)
GCF_001483905.1,False,,Clean,Monoderm (Keep)
GCF_001456355.1,False,,Clean,Monoderm (Keep)
GCF_001465275.1,False,,Clean,Monoderm (Keep)
GCF_001430775.1,False,,Clean,Monoderm (Keep)
GCF_001457595.1,False,,Clean,Monoderm (Keep)
GCF_001465255.1,False,,Clean,Monoderm (Keep)
GCF_001447075.1,False,,Clean,Monoderm (Keep)
GCF_001509195.1,False,,Clean,Monoderm (Keep)
GCF_001513715.1,False,,Clean,Monoderm (Keep)
GCF_001445655.1,False,,Clean,Monoderm (Keep)
GCF_001484565.1,False,,Clean,Monoderm (Keep)
GCF_001484725.1,False,,Clean,Monoderm (Keep)
GCF_001536305.1,False,,Clean,Monoderm (Keep)
GCF_001547975.1,False,,Clean,Monoderm (Keep)
GCF_001558175.1,False,,Clean,Monoderm (Keep)
GCF_001553195.1,False,,Clean,Monoderm (Keep)
GCF_001548295.1,False,,Clean,Monoderm (Keep)
GCF_001552035.1,False,,Clean,Monoderm (Keep)
GCF_001548415.1,False,,Clean,Monoderm (Keep)
GCF_001545095.1,False,,Clean,Monoderm (Keep)
GCF_001518935.2,False,,Clean,Monoderm (Keep)
GCF_001536925.1,False,,Clean,Monoderm (Keep)
GCF_001548585.2,False,,Clean,Monoderm (Keep)
GCF_001515685.1,False,,Clean,Monoderm (Keep)
GCF_001554155.1,False,,Clean,Monoderm (Keep)
GCF_001558795.2,False,,Clean,Monoderm (Keep)
GCF_001558375.2,False,,Clean,Monoderm (Keep)
GCF_001518735.1,False,,Clean,Monoderm (Keep)
GCF_001554075.1,False,,Clean,Monoderm (Keep)
GCF_001515705.1,False,,Clean,Monoderm (Keep)
GCF_001554115.1,False,,Clean,Monoderm (Keep)
GCF_001558275.2,False,,Clean,Monoderm (Keep)
GCF_001515665.1,False,,Clean,Monoderm (Keep)
GCF_001548635.2,False,,Clean,Monoderm (Keep)
GCF_001553915.1,False,,Clean,Monoderm (Keep)
GCF_001554055.1,False,,Clean,Monoderm (Keep)
GCF_001559175.2,False,,Clean,Monoderm (Keep)
GCF_001547795.1,False,,Clean,Monoderm (Keep)
GCF_001543145.1,False,,Clean,Monoderm (Keep)
GCF_001547835.1,False,,Clean,Monoderm (Keep)
GCF_001547715.1,False,,Clean,Monoderm (Keep)
GCF_001514435.1,False,,Clean,Monoderm (Keep)
GCF_001553685.1,False,,Clean,Monoderm (Keep)
GCF_001560895.1,False,,Clean,Monoderm (Keep)
GCF_001484605.1,False,,Clean,Monoderm (Keep)
GCF_001564435.1,False,,Clean,Monoderm (Keep)
GCF_001543085.1,False,,Clean,Monoderm (Keep)
GCF_001535565.1,False,,Clean,Monoderm (Keep)
GCF_001558215.1,False,,Clean,Monoderm (Keep)
GCF_001543285.1,False,,Clean,Monoderm (Keep)
GCF_001543205.1,False,,Clean,Monoderm (Keep)
GCF_001543175.1,False,,Clean,Monoderm (Keep)
GCF_001518795.1,False,,Clean,Monoderm (Keep)
GCF_001543245.1,False,,Clean,Monoderm (Keep)
GCF_001548235.1,False,,Clean,Monoderm (Keep)
GCF_001559115.2,False,,Clean,Monoderm (Keep)
GCF_001551855.1,False,,Clean,Monoderm (Keep)
GCF_001553935.1,False,,Clean,Monoderm (Keep)
GCF_001558815.2,False,,Clean,Monoderm (Keep)
GCF_001543345.1,False,,Clean,Monoderm (Keep)
GCF_001549675.1,False,,Clean,Monoderm (Keep)
GCF_001514415.1,False,,Clean,Monoderm (Keep)
GCF_001534765.1,False,,Clean,Monoderm (Keep)
GCF_001515765.1,False,,Clean,Monoderm (Keep)
GCF_001553565.1,False,,Clean,Monoderm (Keep)
GCF_001542775.1,False,,Clean,Monoderm (Keep)
GCF_001549655.1,False,,Clean,Monoderm (Keep)
GCF_001513695.1,False,,Clean,Monoderm (Keep)
GCF_001509405.1,False,,Clean,Monoderm (Keep)
GCF_001515745.1,False,,Clean,Monoderm (Keep)
GCF_001513675.1,False,,Clean,Monoderm (Keep)
GCF_001544015.1,True,1.6e-51,LIP_RS14450,Diderm (Exclude)
GCF_001541905.1,False,,Clean,Monoderm (Keep)
GCF_001545015.1,False,,Clean,Monoderm (Keep)
GCF_001558875.2,False,,Clean,Monoderm (Keep)
GCF_001561955.1,False,,Clean,Monoderm (Keep)
GCF_001561975.1,False,,Clean,Monoderm (Keep)
GCF_001558775.1,False,,Clean,Monoderm (Keep)
GCF_001518875.1,False,,Clean,Monoderm (Keep)
GCF_001544705.1,False,,Clean,Monoderm (Keep)
GCF_001558975.1,False,,Clean,Monoderm (Keep)
GCF_001543225.1,False,,Clean,Monoderm (Keep)
GCF_001553895.1,False,,Clean,Monoderm (Keep)
GCF_001548175.1,False,,Clean,Monoderm (Keep)
GCF_001572685.1,False,,Clean,Monoderm (Keep)
GCF_001577305.1,False,,Clean,Monoderm (Keep)
GCF_001565875.1,False,,Clean,Monoderm (Keep)
GCF_001577365.1,False,,Clean,Monoderm (Keep)
GCF_001564455.1,False,,Clean,Monoderm (Keep)
GCF_001577795.1,False,,Clean,Monoderm (Keep)
GCF_001610775.1,False,,Clean,Monoderm (Keep)
GCF_001611075.1,False,,Clean,Monoderm (Keep)
GCF_001584725.1,False,,Clean,Monoderm (Keep)
GCF_001596775.2,False,,Clean,Monoderm (Keep)
GCF_001611035.1,False,,Clean,Monoderm (Keep)
GCF_001611155.1,False,,Clean,Monoderm (Keep)
GCF_001586105.1,False,,Clean,Monoderm (Keep)
GCF_001611325.1,False,,Clean,Monoderm (Keep)
GCF_001579765.1,False,,Clean,Monoderm (Keep)
GCF_001587115.1,False,,Clean,Monoderm (Keep)
GCF_001611135.1,False,,Clean,Monoderm (Keep)
GCF_001611115.1,False,,Clean,Monoderm (Keep)
GCF_001579785.1,False,,Clean,Monoderm (Keep)
GCF_001578205.1,False,,Clean,Monoderm (Keep)
GCF_001578185.1,False,,Clean,Monoderm (Keep)
GCF_001581875.1,False,,Clean,Monoderm (Keep)
GCF_001583825.1,False,,Clean,Monoderm (Keep)
GCF_001602155.1,False,,Clean,Monoderm (Keep)
GCF_001586215.1,False,,Clean,Monoderm (Keep)
GCF_001594205.1,False,,Clean,Monoderm (Keep)
GCF_001579825.2,False,,Clean,Monoderm (Keep)
GCF_001587175.1,False,,Clean,Monoderm (Keep)
GCF_001598035.1,False,,Clean,Monoderm (Keep)
GCF_001579865.1,False,,Clean,Monoderm (Keep)
GCF_001592385.1,False,,Clean,Monoderm (Keep)
GCF_001586235.1,False,,Clean,Monoderm (Keep)
GCF_001592425.1,False,,Clean,Monoderm (Keep)
GCF_001579885.2,False,,Clean,Monoderm (Keep)
GCF_001579925.1,False,,Clean,Monoderm (Keep)
GCF_001581895.1,False,,Clean,Monoderm (Keep)
GCF_001610935.1,False,,Clean,Monoderm (Keep)
GCF_001598635.1,False,,Clean,Monoderm (Keep)
GCF_001592395.1,False,,Clean,Monoderm (Keep)
GCF_001606005.1,False,,Clean,Monoderm (Keep)
GCF_001596095.1,False,,Clean,Monoderm (Keep)
GCF_001580495.1,False,,Clean,Monoderm (Keep)
GCF_001596055.1,False,,Clean,Monoderm (Keep)
GCF_001580385.1,False,,Clean,Monoderm (Keep)
GCF_001604995.1,False,,Clean,Monoderm (Keep)
GCF_001597265.1,False,,Clean,Monoderm (Keep)
GCF_001593785.1,False,,Clean,Monoderm (Keep)
GCF_001593765.1,False,,Clean,Monoderm (Keep)
GCF_001596755.1,False,,Clean,Monoderm (Keep)
GCF_001590685.1,False,,Clean,Monoderm (Keep)
GCF_001583415.1,False,,Clean,Monoderm (Keep)
GCF_001593395.2,False,,Clean,Monoderm (Keep)
GCF_001605725.1,False,,Clean,Monoderm (Keep)
GCF_001606215.1,False,,Clean,Monoderm (Keep)
GCF_001610655.1,False,,Clean,Monoderm (Keep)
GCF_001577385.1,False,,Clean,Monoderm (Keep)
GCF_001598075.1,False,,Clean,Monoderm (Keep)
GCF_001606275.1,False,,Clean,Monoderm (Keep)
GCF_001542625.1,False,,Clean,Monoderm (Keep)
GCF_001597645.2,False,,Clean,Monoderm (Keep)
GCF_001611345.1,False,,Clean,Monoderm (Keep)
GCF_001606195.1,False,,Clean,Monoderm (Keep)
GCF_001610615.1,False,,Clean,Monoderm (Keep)
GCF_001606235.1,False,,Clean,Monoderm (Keep)
GCF_001611365.1,False,,Clean,Monoderm (Keep)
GCF_001611425.1,False,,Clean,Monoderm (Keep)
GCF_001611405.1,False,,Clean,Monoderm (Keep)
GCF_001611385.1,False,,Clean,Monoderm (Keep)
GCF_001606335.1,False,,Clean,Monoderm (Keep)
GCF_001606295.1,False,,Clean,Monoderm (Keep)
GCF_001606255.1,False,,Clean,Monoderm (Keep)
GCF_001610635.1,False,,Clean,Monoderm (Keep)
GCF_001610675.1,False,,Clean,Monoderm (Keep)
GCF_001606315.1,False,,Clean,Monoderm (Keep)
GCF_001611865.1,False,,Clean,Monoderm (Keep)
GCF_001611895.1,False,,Clean,Monoderm (Keep)
GCF_001611935.1,False,,Clean,Monoderm (Keep)
GCF_001611955.1,False,,Clean,Monoderm (Keep)
GCF_001618305.1,False,,Clean,Monoderm (Keep)
GCF_001617525.2,False,,Clean,Monoderm (Keep)
GCF_001618905.1,False,,Clean,Monoderm (Keep)
GCF_001618885.1,False,,Clean,Monoderm (Keep)
GCF_001611795.1,False,,Clean,Monoderm (Keep)
GCF_001598115.1,False,,Clean,Monoderm (Keep)
GCF_001634285.1,False,,Clean,Monoderm (Keep)
GCF_001617605.1,False,,Clean,Monoderm (Keep)
GCF_001640925.1,False,,Clean,Monoderm (Keep)
GCF_001643775.1,False,,Clean,Monoderm (Keep)
GCF_001641305.1,False,,Clean,Monoderm (Keep)
GCF_001634305.1,False,,Clean,Monoderm (Keep)
GCF_001623565.1,False,,Clean,Monoderm (Keep)
GCF_001641025.1,False,,Clean,Monoderm (Keep)
GCF_001618665.1,False,,Clean,Monoderm (Keep)
GCF_001635875.1,False,,Clean,Monoderm (Keep)
GCF_001636295.1,False,,Clean,Monoderm (Keep)
GCF_001643015.1,False,,Clean,Monoderm (Keep)
GCF_001640905.1,False,,Clean,Monoderm (Keep)
GCF_001635975.1,False,,Clean,Monoderm (Keep)
GCF_001640765.1,False,,Clean,Monoderm (Keep)
GCF_001642085.1,False,,Clean,Monoderm (Keep)
GCF_001638845.2,False,,Clean,Monoderm (Keep)
GCF_001635895.1,False,,Clean,Monoderm (Keep)
GCF_001635935.1,False,,Clean,Monoderm (Keep)
GCF_001620285.1,False,,Clean,Monoderm (Keep)
GCF_001640885.1,False,,Clean,Monoderm (Keep)
GCF_001634265.1,False,,Clean,Monoderm (Keep)
GCF_001620025.1,False,,Clean,Monoderm (Keep)
GCF_001629705.1,False,,Clean,Monoderm (Keep)
GCF_001629735.1,False,,Clean,Monoderm (Keep)
GCF_001663395.1,False,,Clean,Monoderm (Keep)
GCF_001659745.1,False,,Clean,Monoderm (Keep)
GCF_001642655.1,False,,Clean,Monoderm (Keep)
GCF_001660025.1,False,,Clean,Monoderm (Keep)
GCF_001620305.1,False,,Clean,Monoderm (Keep)
GCF_001653315.1,False,,Clean,Monoderm (Keep)
GCF_001620005.1,False,,Clean,Monoderm (Keep)
GCF_001646605.1,False,,Clean,Monoderm (Keep)
GCF_001653295.1,False,,Clean,Monoderm (Keep)
GCF_001643035.1,False,,Clean,Monoderm (Keep)
GCF_001656045.1,False,,Clean,Monoderm (Keep)
GCF_001644625.1,False,,Clean,Monoderm (Keep)
GCF_001656075.1,False,,Clean,Monoderm (Keep)
GCF_001653335.1,False,,Clean,Monoderm (Keep)
GCF_001641005.1,False,,Clean,Monoderm (Keep)
GCF_001660525.1,False,,Clean,Monoderm (Keep)
GCF_001642935.1,False,,Clean,Monoderm (Keep)
GCF_001659785.1,False,,Clean,Monoderm (Keep)
GCF_001660485.1,False,,Clean,Monoderm (Keep)
GCF_001635915.1,False,,Clean,Monoderm (Keep)
GCF_001632805.1,False,,Clean,Monoderm (Keep)
GCF_001635955.1,False,,Clean,Monoderm (Keep)
GCF_001635995.1,False,,Clean,Monoderm (Keep)
GCF_001640965.1,False,,Clean,Monoderm (Keep)
GCF_001644605.1,False,,Clean,Monoderm (Keep)
GCF_001645685.2,False,,Clean,Monoderm (Keep)
GCF_001654495.1,False,,Clean,Monoderm (Keep)
GCF_001644575.1,False,,Clean,Monoderm (Keep)
GCF_001663715.1,False,,Clean,Monoderm (Keep)
GCF_001663655.1,False,,Clean,Monoderm (Keep)
GCF_001663675.1,False,,Clean,Monoderm (Keep)
GCF_001663495.1,False,,Clean,Monoderm (Keep)
GCF_001663835.1,False,,Clean,Monoderm (Keep)
GCF_001663795.1,False,,Clean,Monoderm (Keep)
GCF_001663735.1,False,,Clean,Monoderm (Keep)
GCF_001663755.1,False,,Clean,Monoderm (Keep)
GCF_001653355.1,False,,Clean,Monoderm (Keep)
GCF_001654475.1,False,,Clean,Monoderm (Keep)
GCF_001655245.1,False,,Clean,Monoderm (Keep)
GCF_001632865.1,False,,Clean,Monoderm (Keep)
GCF_001672035.1,False,,Clean,Monoderm (Keep)
GCF_001636945.2,False,,Clean,Monoderm (Keep)
GCF_001660045.1,False,,Clean,Monoderm (Keep)
GCF_001673705.2,False,,Clean,Monoderm (Keep)
GCF_001676805.1,False,,Clean,Monoderm (Keep)
GCF_001677095.1,False,,Clean,Monoderm (Keep)
GCF_001677135.1,False,,Clean,Monoderm (Keep)
GCF_001650215.1,False,,Clean,Monoderm (Keep)
GCF_001679705.1,False,,Clean,Monoderm (Keep)
GCF_001682235.1,False,,Clean,Monoderm (Keep)
GCF_001687665.2,False,,Clean,Monoderm (Keep)
GCF_001685435.2,False,,Clean,Monoderm (Keep)
GCF_001683315.1,False,,Clean,Monoderm (Keep)
GCF_001688685.2,False,,Clean,Monoderm (Keep)
GCF_001685375.1,False,,Clean,Monoderm (Keep)
GCF_001702115.1,False,,Clean,Monoderm (Keep)
GCF_001697145.1,False,,Clean,Monoderm (Keep)
GCF_001678885.1,False,,Clean,Monoderm (Keep)
GCF_001679725.1,False,,Clean,Monoderm (Keep)
GCF_001688645.2,False,,Clean,Monoderm (Keep)
GCF_001678905.1,False,,Clean,Monoderm (Keep)
GCF_001689055.2,False,,Clean,Monoderm (Keep)
GCF_001683515.1,False,,Clean,Monoderm (Keep)
GCF_001682435.2,False,,Clean,Monoderm (Keep)
GCF_001682255.2,False,,Clean,Monoderm (Keep)
GCF_001682275.1,False,,Clean,Monoderm (Keep)
GCF_001685415.1,False,,Clean,Monoderm (Keep)
GCF_001682335.1,False,,Clean,Monoderm (Keep)
GCF_001685665.2,False,,Clean,Monoderm (Keep)
GCF_001687625.2,False,,Clean,Monoderm (Keep)
GCF_001683055.1,False,,Clean,Monoderm (Keep)
GCF_001687585.2,False,,Clean,Monoderm (Keep)
GCF_001683115.1,False,,Clean,Monoderm (Keep)
GCF_001687745.1,False,,Clean,Monoderm (Keep)
GCF_001677215.1,False,,Clean,Monoderm (Keep)
GCF_001677195.1,False,,Clean,Monoderm (Keep)
GCF_001677175.1,False,,Clean,Monoderm (Keep)
GCF_001698145.1,False,,Clean,Monoderm (Keep)
GCF_001687645.1,False,,Clean,Monoderm (Keep)
GCF_001700985.1,False,,Clean,Monoderm (Keep)
GCF_001687565.2,False,,Clean,Monoderm (Keep)
GCF_001702095.1,False,,Clean,Monoderm (Keep)
GCF_001698165.1,False,,Clean,Monoderm (Keep)
GCF_001682295.1,False,,Clean,Monoderm (Keep)
GCF_001701005.1,False,,Clean,Monoderm (Keep)
GCF_001697285.1,False,,Clean,Monoderm (Keep)
GCF_001697245.1,False,,Clean,Monoderm (Keep)
GCF_001687605.2,False,,Clean,Monoderm (Keep)
GCF_001700735.1,False,,Clean,Monoderm (Keep)
GCF_001683095.1,False,,Clean,Monoderm (Keep)
GCF_001683155.1,False,,Clean,Monoderm (Keep)
GCF_001683065.1,False,,Clean,Monoderm (Keep)
GCF_001685395.1,False,,Clean,Monoderm (Keep)
GCF_001692755.1,False,,Clean,Monoderm (Keep)
GCF_001688625.2,False,,Clean,Monoderm (Keep)
GCF_001685645.1,False,,Clean,Monoderm (Keep)
GCF_001683295.1,False,,Clean,Monoderm (Keep)
GCF_001683215.1,False,,Clean,Monoderm (Keep)
GCF_001683275.1,False,,Clean,Monoderm (Keep)
GCF_001683235.1,False,,Clean,Monoderm (Keep)
GCF_001683255.1,False,,Clean,Monoderm (Keep)
GCF_001683175.1,False,,Clean,Monoderm (Keep)
GCF_001697265.1,False,,Clean,Monoderm (Keep)
GCF_001683135.1,False,,Clean,Monoderm (Keep)
GCF_001683455.1,False,,Clean,Monoderm (Keep)
GCF_001683195.1,False,,Clean,Monoderm (Keep)
GCF_001677155.1,False,,Clean,Monoderm (Keep)
GCF_001689125.2,False,,Clean,Monoderm (Keep)
GCF_001685565.1,False,,Clean,Monoderm (Keep)
GCF_001698225.1,False,,Clean,Monoderm (Keep)
GCF_001700945.1,False,,Clean,Monoderm (Keep)
GCF_001693675.1,False,,Clean,Monoderm (Keep)
GCF_001685605.1,False,,Clean,Monoderm (Keep)
GCF_001696485.1,False,,Clean,Monoderm (Keep)
GCF_001698125.1,False,,Clean,Monoderm (Keep)
GCF_001702135.1,False,,Clean,Monoderm (Keep)
GCF_001702215.1,False,,Clean,Monoderm (Keep)
GCF_001702235.1,False,,Clean,Monoderm (Keep)
GCF_001702175.1,False,,Clean,Monoderm (Keep)
GCF_001702195.1,False,,Clean,Monoderm (Keep)
GCF_001702155.1,False,,Clean,Monoderm (Keep)
GCF_001702435.1,False,,Clean,Monoderm (Keep)
GCF_001685355.1,False,,Clean,Monoderm (Keep)
GCF_001701025.1,False,,Clean,Monoderm (Keep)
GCF_001712875.1,False,,Clean,Monoderm (Keep)
GCF_001717645.1,False,,Clean,Monoderm (Keep)
GCF_001703535.1,False,,Clean,Monoderm (Keep)
GCF_001714745.1,False,,Clean,Monoderm (Keep)
GCF_001704975.1,False,,Clean,Monoderm (Keep)
GCF_001717565.1,False,,Clean,Monoderm (Keep)
GCF_001717975.2,False,,Clean,Monoderm (Keep)
GCF_001717705.1,False,,Clean,Monoderm (Keep)
GCF_001703515.1,False,,Clean,Monoderm (Keep)
GCF_001703575.1,False,,Clean,Monoderm (Keep)
GCF_001720945.1,False,,Clean,Monoderm (Keep)
GCF_001715535.1,False,,Clean,Monoderm (Keep)
GCF_001704335.1,False,,Clean,Monoderm (Keep)
GCF_001715615.1,False,,Clean,Monoderm (Keep)
GCF_001705585.1,False,,Clean,Monoderm (Keep)
GCF_001719085.1,False,,Clean,Monoderm (Keep)
GCF_001712815.1,False,,Clean,Monoderm (Keep)
GCF_001712835.1,False,,Clean,Monoderm (Keep)
GCF_001708305.1,False,,Clean,Monoderm (Keep)
GCF_001714705.1,False,,Clean,Monoderm (Keep)
GCF_001703555.1,False,,Clean,Monoderm (Keep)
GCF_001705195.1,False,,Clean,Monoderm (Keep)
GCF_001703495.1,False,,Clean,Monoderm (Keep)
GCF_001704095.1,False,,Clean,Monoderm (Keep)
GCF_001723525.1,False,,Clean,Monoderm (Keep)
GCF_001721065.1,False,,Clean,Monoderm (Keep)
GCF_001735655.2,False,,Clean,Monoderm (Keep)
GCF_001717725.1,False,,Clean,Monoderm (Keep)
GCF_001721905.1,False,,Clean,Monoderm (Keep)
GCF_001750145.1,False,,Clean,Monoderm (Keep)
GCF_001717665.1,False,,Clean,Monoderm (Keep)
GCF_001717685.1,False,,Clean,Monoderm (Keep)
GCF_001750885.1,False,,Clean,Monoderm (Keep)
GCF_001747445.1,False,,Clean,Monoderm (Keep)
GCF_001735765.2,False,,Clean,Monoderm (Keep)
GCF_001723625.1,False,,Clean,Monoderm (Keep)
GCF_001742205.1,False,,Clean,Monoderm (Keep)
GCF_001721625.1,False,,Clean,Monoderm (Keep)
GCF_001729925.2,False,,Clean,Monoderm (Keep)
GCF_001723545.1,False,,Clean,Monoderm (Keep)
GCF_001725985.1,False,,Clean,Monoderm (Keep)
GCF_001729945.1,False,,Clean,Monoderm (Keep)
GCF_001746265.1,False,,Clean,Monoderm (Keep)
GCF_001719205.1,False,,Clean,Monoderm (Keep)
GCF_001725965.1,False,,Clean,Monoderm (Keep)
GCF_001721685.1,False,,Clean,Monoderm (Keep)
GCF_001753205.1,False,,Clean,Monoderm (Keep)
GCF_001729525.1,False,,Clean,Monoderm (Keep)
GCF_001726125.1,False,,Clean,Monoderm (Keep)
GCF_001746575.1,False,,Clean,Monoderm (Keep)
GCF_001719225.1,False,,Clean,Monoderm (Keep)
GCF_001750115.1,False,,Clean,Monoderm (Keep)
GCF_001720505.1,False,,Clean,Monoderm (Keep)
GCF_001723585.1,False,,Clean,Monoderm (Keep)
GCF_001752685.2,False,,Clean,Monoderm (Keep)
GCF_001708265.1,False,,Clean,Monoderm (Keep)
GCF_001719045.1,False,,Clean,Monoderm (Keep)
GCF_001704195.1,False,,Clean,Monoderm (Keep)
GCF_001721165.1,False,,Clean,Monoderm (Keep)
GCF_001721145.1,False,,Clean,Monoderm (Keep)
GCF_001761545.1,False,,Clean,Monoderm (Keep)
GCF_001750865.1,False,,Clean,Monoderm (Keep)
GCF_001767275.1,False,,Clean,Monoderm (Keep)
GCF_001767255.1,False,,Clean,Monoderm (Keep)
GCF_001750685.1,False,,Clean,Monoderm (Keep)
GCF_001750785.1,False,,Clean,Monoderm (Keep)
GCF_001747425.1,False,,Clean,Monoderm (Keep)
GCF_001729485.1,False,,Clean,Monoderm (Keep)
GCF_001750065.2,False,,Clean,Monoderm (Keep)
GCF_001880305.1,False,,Clean,Monoderm (Keep)
GCF_001886355.1,False,,Clean,Monoderm (Keep)
GCF_001867085.1,False,,Clean,Monoderm (Keep)
GCF_001886855.1,False,,Clean,Monoderm (Keep)
GCF_001865635.4,False,,Clean,Monoderm (Keep)
GCF_001867025.1,False,,Clean,Monoderm (Keep)
GCF_001888925.1,False,,Clean,Monoderm (Keep)
GCF_001865765.1,False,,Clean,Monoderm (Keep)
GCF_001854225.1,False,,Clean,Monoderm (Keep)
GCF_001886635.1,False,,Clean,Monoderm (Keep)
GCF_001867005.1,False,,Clean,Monoderm (Keep)
GCF_001880185.2,False,,Clean,Monoderm (Keep)
GCF_001857985.1,False,,Clean,Monoderm (Keep)
GCF_001831375.1,False,,Clean,Monoderm (Keep)
GCF_001858005.1,False,,Clean,Monoderm (Keep)
GCF_001887075.1,False,,Clean,Monoderm (Keep)
GCF_001879625.1,False,,Clean,Monoderm (Keep)
GCF_001886495.1,False,,Clean,Monoderm (Keep)
GCF_001870205.1,False,,Clean,Monoderm (Keep)
GCF_001867065.1,False,,Clean,Monoderm (Keep)
GCF_001886915.1,False,,Clean,Monoderm (Keep)
GCF_001867165.1,False,,Clean,Monoderm (Keep)
GCF_001867045.1,False,,Clean,Monoderm (Keep)
GCF_001880265.1,False,,Clean,Monoderm (Keep)
GCF_001857925.1,False,,Clean,Monoderm (Keep)
GCF_001889165.1,False,,Clean,Monoderm (Keep)
GCF_001874405.2,False,,Clean,Monoderm (Keep)
GCF_001886775.1,False,,Clean,Monoderm (Keep)
GCF_001867105.1,False,,Clean,Monoderm (Keep)
GCF_001886875.1,False,,Clean,Monoderm (Keep)
GCF_001792795.1,False,,Clean,Monoderm (Keep)
GCF_001879545.1,False,,Clean,Monoderm (Keep)
GCF_001857945.1,False,,Clean,Monoderm (Keep)
GCF_001877035.1,False,,Clean,Monoderm (Keep)
GCF_001874125.1,False,,Clean,Monoderm (Keep)
GCF_001870065.1,False,,Clean,Monoderm (Keep)
GCF_001889145.1,False,,Clean,Monoderm (Keep)
GCF_001855705.1,False,,Clean,Monoderm (Keep)
GCF_001854085.1,False,,Clean,Monoderm (Keep)
GCF_001874385.1,False,,Clean,Monoderm (Keep)
GCF_001888985.1,False,,Clean,Monoderm (Keep)
GCF_001888965.1,False,,Clean,Monoderm (Keep)
GCF_001888945.1,False,,Clean,Monoderm (Keep)
GCF_001792815.1,False,,Clean,Monoderm (Keep)
GCF_001854345.1,False,,Clean,Monoderm (Keep)
GCF_001870145.1,False,,Clean,Monoderm (Keep)
GCF_001885145.1,False,,Clean,Monoderm (Keep)
GCF_001856685.1,False,,Clean,Monoderm (Keep)
GCF_001867145.1,False,,Clean,Monoderm (Keep)
GCF_001867125.1,False,,Clean,Monoderm (Keep)
GCF_001866985.1,False,,Clean,Monoderm (Keep)
GCF_001887245.1,False,,Clean,Monoderm (Keep)
GCF_001888905.1,False,,Clean,Monoderm (Keep)
GCF_001856645.1,False,,Clean,Monoderm (Keep)
GCF_001889125.1,False,,Clean,Monoderm (Keep)
GCF_001874605.1,False,,Clean,Monoderm (Keep)
GCF_001855335.1,False,,Clean,Monoderm (Keep)
GCF_001806325.1,False,,Clean,Monoderm (Keep)
GCF_001879605.1,False,,Clean,Monoderm (Keep)
GCF_001856695.1,False,,Clean,Monoderm (Keep)
GCF_001854185.1,False,,Clean,Monoderm (Keep)
GCF_001866075.3,False,,Clean,Monoderm (Keep)
GCF_001767395.1,False,,Clean,Monoderm (Keep)
GCF_001855255.1,False,,Clean,Monoderm (Keep)
GCF_001808235.1,False,,Clean,Monoderm (Keep)
GCF_001886515.1,False,,Clean,Monoderm (Keep)
GCF_001816185.2,False,,Clean,Monoderm (Keep)
GCF_001874425.3,False,,Clean,Monoderm (Keep)
GCF_001767375.1,False,,Clean,Monoderm (Keep)
GCF_001886715.1,False,,Clean,Monoderm (Keep)
GCF_001865855.1,False,,Clean,Monoderm (Keep)
GCF_001877055.1,False,,Clean,Monoderm (Keep)
GCF_001735805.1,False,,Clean,Monoderm (Keep)
GCF_001753425.1,False,,Clean,Monoderm (Keep)
GCF_001889305.1,False,,Clean,Monoderm (Keep)
GCF_001886595.1,False,,Clean,Monoderm (Keep)
GCF_001889265.1,False,,Clean,Monoderm (Keep)
GCF_001889345.1,False,,Clean,Monoderm (Keep)
GCF_001889325.1,False,,Clean,Monoderm (Keep)
GCF_001889285.1,False,,Clean,Monoderm (Keep)
GCF_001908415.1,False,,Clean,Monoderm (Keep)
GCF_001891125.1,False,,Clean,Monoderm (Keep)
GCF_001901705.1,False,,Clean,Monoderm (Keep)
GCF_001895905.1,False,,Clean,Monoderm (Keep)
GCF_001900245.1,False,,Clean,Monoderm (Keep)
GCF_001902495.1,False,,Clean,Monoderm (Keep)
GCF_001895885.1,False,,Clean,Monoderm (Keep)
GCF_001890405.1,False,,Clean,Monoderm (Keep)
GCF_001889365.1,False,,Clean,Monoderm (Keep)
GCF_001896045.1,False,,Clean,Monoderm (Keep)
GCF_001896065.1,False,,Clean,Monoderm (Keep)
GCF_001896085.1,False,,Clean,Monoderm (Keep)
GCF_001902455.1,False,,Clean,Monoderm (Keep)
GCF_001889585.2,False,,Clean,Monoderm (Keep)
GCF_001902315.1,False,,Clean,Monoderm (Keep)
GCF_001900185.1,False,,Clean,Monoderm (Keep)
GCF_001889645.2,False,,Clean,Monoderm (Keep)
GCF_001902275.1,False,,Clean,Monoderm (Keep)
GCF_001908335.2,False,,Clean,Monoderm (Keep)
GCF_001895285.1,False,,Clean,Monoderm (Keep)
GCF_001895765.1,False,,Clean,Monoderm (Keep)
GCF_001895305.1,False,,Clean,Monoderm (Keep)
GCF_001895865.1,False,,Clean,Monoderm (Keep)
GCF_001896025.1,False,,Clean,Monoderm (Keep)
GCF_001895805.1,False,,Clean,Monoderm (Keep)
GCF_001895785.1,False,,Clean,Monoderm (Keep)
GCF_001895825.1,False,,Clean,Monoderm (Keep)
GCF_001895845.1,False,,Clean,Monoderm (Keep)
GCF_001922405.1,False,,Clean,Monoderm (Keep)
GCF_001921905.1,False,,Clean,Monoderm (Keep)
GCF_001922325.1,False,,Clean,Monoderm (Keep)
GCF_001938665.1,False,,Clean,Monoderm (Keep)
GCF_001941345.1,False,,Clean,Monoderm (Keep)
GCF_001922025.1,False,,Clean,Monoderm (Keep)
GCF_001902295.1,False,,Clean,Monoderm (Keep)
GCF_001902555.1,False,,Clean,Monoderm (Keep)
GCF_001908475.1,False,,Clean,Monoderm (Keep)
GCF_001936415.1,False,,Clean,Monoderm (Keep)
GCF_001932615.1,False,,Clean,Monoderm (Keep)
GCF_001921925.1,False,,Clean,Monoderm (Keep)
GCF_001936195.1,False,,Clean,Monoderm (Keep)
GCF_001921985.1,False,,Clean,Monoderm (Keep)
GCF_001921965.1,False,,Clean,Monoderm (Keep)
GCF_001921945.1,False,,Clean,Monoderm (Keep)
GCF_001936235.1,False,,Clean,Monoderm (Keep)
GCF_001936335.1,False,,Clean,Monoderm (Keep)
GCF_001932715.1,False,,Clean,Monoderm (Keep)
GCF_001922285.1,False,,Clean,Monoderm (Keep)
GCF_001932695.1,False,,Clean,Monoderm (Keep)
GCF_001941425.1,False,,Clean,Monoderm (Keep)
GCF_001922265.1,False,,Clean,Monoderm (Keep)
GCF_001913195.1,False,,Clean,Monoderm (Keep)
GCF_001922005.1,False,,Clean,Monoderm (Keep)
GCF_001938685.1,False,,Clean,Monoderm (Keep)
GCF_001941445.1,False,,Clean,Monoderm (Keep)
GCF_001941465.1,False,,Clean,Monoderm (Keep)
GCF_001908275.1,False,,Clean,Monoderm (Keep)
GCF_001922485.1,False,,Clean,Monoderm (Keep)
GCF_001938705.1,False,,Clean,Monoderm (Keep)
GCF_001936215.1,False,,Clean,Monoderm (Keep)
GCF_001941485.1,False,,Clean,Monoderm (Keep)
GCF_001938725.1,False,,Clean,Monoderm (Keep)
GCF_001941505.1,False,,Clean,Monoderm (Keep)
GCF_001922145.1,False,,Clean,Monoderm (Keep)
GCF_001941565.1,False,,Clean,Monoderm (Keep)
GCF_001936375.1,False,,Clean,Monoderm (Keep)
GCF_001931635.1,False,,Clean,Monoderm (Keep)
GCF_001941785.1,False,,Clean,Monoderm (Keep)
GCF_001942005.2,False,,Clean,Monoderm (Keep)
GCF_001951075.2,False,,Clean,Monoderm (Keep)
GCF_001951175.1,False,,Clean,Monoderm (Keep)
GCF_001951095.1,False,,Clean,Monoderm (Keep)
GCF_001941645.1,False,,Clean,Monoderm (Keep)
GCF_001941885.1,False,,Clean,Monoderm (Keep)
GCF_001941625.1,False,,Clean,Monoderm (Keep)
GCF_001952755.1,False,,Clean,Monoderm (Keep)
GCF_001953155.1,False,,Clean,Monoderm (Keep)
GCF_001953135.1,False,,Clean,Monoderm (Keep)
GCF_001941905.1,False,,Clean,Monoderm (Keep)
GCF_001953175.1,False,,Clean,Monoderm (Keep)
GCF_001952735.1,False,,Clean,Monoderm (Keep)
GCF_001941845.1,False,,Clean,Monoderm (Keep)
GCF_001956655.1,False,,Clean,Monoderm (Keep)
GCF_001956755.1,False,,Clean,Monoderm (Keep)
GCF_001969145.1,False,,Clean,Monoderm (Keep)
GCF_001969165.3,False,,Clean,Monoderm (Keep)
GCF_001952775.1,False,,Clean,Monoderm (Keep)
GCF_001969085.2,False,,Clean,Monoderm (Keep)
GCF_001969095.1,False,,Clean,Monoderm (Keep)
GCF_001975005.1,False,,Clean,Monoderm (Keep)
GCF_001952795.1,False,,Clean,Monoderm (Keep)
GCF_001956815.1,False,,Clean,Monoderm (Keep)
GCF_001969445.1,False,,Clean,Monoderm (Keep)
GCF_001975045.1,False,,Clean,Monoderm (Keep)
GCF_001971585.1,False,,Clean,Monoderm (Keep)
GCF_001975205.1,False,,Clean,Monoderm (Keep)
GCF_001975165.1,False,,Clean,Monoderm (Keep)
GCF_001974985.1,False,,Clean,Monoderm (Keep)
GCF_001986135.1,False,,Clean,Monoderm (Keep)
GCF_001983955.1,False,,Clean,Monoderm (Keep)
GCF_001975685.1,False,,Clean,Monoderm (Keep)
GCF_001942025.1,False,,Clean,Monoderm (Keep)
GCF_001975955.2,False,,Clean,Monoderm (Keep)
GCF_002000585.1,False,,Clean,Monoderm (Keep)
GCF_001998805.1,False,,Clean,Monoderm (Keep)
GCF_001999905.1,False,,Clean,Monoderm (Keep)
GCF_001991075.2,False,,Clean,Monoderm (Keep)
GCF_001988935.1,False,,Clean,Monoderm (Keep)
GCF_001998865.1,False,,Clean,Monoderm (Keep)
GCF_001990145.1,False,,Clean,Monoderm (Keep)
GCF_002000565.1,False,,Clean,Monoderm (Keep)
GCF_001989575.1,False,,Clean,Monoderm (Keep)
GCF_001989555.1,False,,Clean,Monoderm (Keep)
GCF_001990225.1,False,,Clean,Monoderm (Keep)
GCF_001998885.1,False,,Clean,Monoderm (Keep)
GCF_001998985.1,False,,Clean,Monoderm (Keep)
GCF_001999165.1,False,,Clean,Monoderm (Keep)
GCF_001998915.1,False,,Clean,Monoderm (Keep)
GCF_001989595.1,False,,Clean,Monoderm (Keep)
GCF_001999065.1,False,,Clean,Monoderm (Keep)
GCF_001999025.1,False,,Clean,Monoderm (Keep)
GCF_001999085.1,False,,Clean,Monoderm (Keep)
GCF_001999005.1,False,,Clean,Monoderm (Keep)
GCF_001998945.1,False,,Clean,Monoderm (Keep)
GCF_001997295.1,False,,Clean,Monoderm (Keep)
GCF_001999125.1,False,,Clean,Monoderm (Keep)
GCF_001999045.1,False,,Clean,Monoderm (Keep)
GCF_001998765.1,False,,Clean,Monoderm (Keep)
GCF_001999145.1,False,,Clean,Monoderm (Keep)
GCF_001999105.1,False,,Clean,Monoderm (Keep)
GCF_001997345.1,False,,Clean,Monoderm (Keep)
GCF_001984465.1,False,,Clean,Monoderm (Keep)
GCF_001969265.1,False,,Clean,Monoderm (Keep)
GCF_001984015.1,False,,Clean,Monoderm (Keep)
GCF_001990245.1,False,,Clean,Monoderm (Keep)
GCF_002000605.1,False,,Clean,Monoderm (Keep)
GCF_002000625.1,False,,Clean,Monoderm (Keep)
GCF_002000645.1,False,,Clean,Monoderm (Keep)
GCF_001999205.1,False,,Clean,Monoderm (Keep)
GCF_002000005.1,False,,Clean,Monoderm (Keep)
GCF_001984445.1,False,,Clean,Monoderm (Keep)
GCF_002000665.1,False,,Clean,Monoderm (Keep)
GCF_002000685.1,False,,Clean,Monoderm (Keep)
GCF_002000705.1,False,,Clean,Monoderm (Keep)
GCF_002000725.1,False,,Clean,Monoderm (Keep)
GCF_002009375.1,False,,Clean,Monoderm (Keep)
GCF_002000825.1,False,,Clean,Monoderm (Keep)
GCF_002009275.1,False,,Clean,Monoderm (Keep)
GCF_002009055.1,False,,Clean,Monoderm (Keep)
GCF_002007625.1,False,,Clean,Monoderm (Keep)
GCF_002000845.1,False,,Clean,Monoderm (Keep)
GCF_002005345.1,False,,Clean,Monoderm (Keep)
GCF_002000765.1,False,,Clean,Monoderm (Keep)
GCF_002024245.1,False,,Clean,Monoderm (Keep)
GCF_002005405.1,False,,Clean,Monoderm (Keep)
GCF_002000805.1,False,,Clean,Monoderm (Keep)
GCF_002000785.1,False,,Clean,Monoderm (Keep)
GCF_002025045.1,False,,Clean,Monoderm (Keep)
GCF_002025145.1,False,,Clean,Monoderm (Keep)
GCF_002000865.1,False,,Clean,Monoderm (Keep)
GCF_002024265.1,False,,Clean,Monoderm (Keep)
GCF_002009195.1,False,,Clean,Monoderm (Keep)
GCF_002043025.1,False,,Clean,Monoderm (Keep)
GCF_002025065.1,False,,Clean,Monoderm (Keep)
GCF_002024845.1,False,,Clean,Monoderm (Keep)
GCF_002024205.1,False,,Clean,Monoderm (Keep)
GCF_002009215.1,False,,Clean,Monoderm (Keep)
GCF_002021775.1,False,,Clean,Monoderm (Keep)
GCF_002007825.1,False,,Clean,Monoderm (Keep)
GCF_002028285.1,False,,Clean,Monoderm (Keep)
GCF_002007865.1,False,,Clean,Monoderm (Keep)
GCF_002007845.1,False,,Clean,Monoderm (Keep)
GCF_002000745.1,False,,Clean,Monoderm (Keep)
GCF_002024225.1,False,,Clean,Monoderm (Keep)
GCF_002007905.1,False,,Clean,Monoderm (Keep)
GCF_002055965.1,False,,Clean,Monoderm (Keep)
GCF_002006355.2,False,,Clean,Monoderm (Keep)
GCF_002006215.2,False,,Clean,Monoderm (Keep)
GCF_002006175.2,False,,Clean,Monoderm (Keep)
GCF_002028345.1,False,,Clean,Monoderm (Keep)
GCF_002006235.2,False,,Clean,Monoderm (Keep)
GCF_002012365.1,False,,Clean,Monoderm (Keep)
GCF_002055535.1,False,,Clean,Monoderm (Keep)
GCF_002025005.1,False,,Clean,Monoderm (Keep)
GCF_002025025.1,False,,Clean,Monoderm (Keep)
GCF_002009385.1,False,,Clean,Monoderm (Keep)
GCF_002003305.1,False,,Clean,Monoderm (Keep)
GCF_002000985.1,False,,Clean,Monoderm (Keep)
GCF_002025125.1,False,,Clean,Monoderm (Keep)
GCF_002009415.1,False,,Clean,Monoderm (Keep)
GCF_002005245.1,False,,Clean,Monoderm (Keep)
GCF_002008305.4,False,,Clean,Monoderm (Keep)
GCF_002025165.1,False,,Clean,Monoderm (Keep)
GCF_002009235.1,False,,Clean,Monoderm (Keep)
GCF_002005145.1,False,,Clean,Monoderm (Keep)
GCF_002022225.1,False,,Clean,Monoderm (Keep)
GCF_002024345.1,False,,Clean,Monoderm (Keep)
GCF_002043045.1,False,,Clean,Monoderm (Keep)
GCF_002005165.1,False,,Clean,Monoderm (Keep)
GCF_002005385.2,False,,Clean,Monoderm (Keep)
GCF_002007885.1,False,,Clean,Monoderm (Keep)
GCF_002003365.1,False,,Clean,Monoderm (Keep)
GCF_002003265.1,False,,Clean,Monoderm (Keep)
GCF_002003325.1,False,,Clean,Monoderm (Keep)
GCF_002003285.1,False,,Clean,Monoderm (Keep)
GCF_002003385.1,False,,Clean,Monoderm (Keep)
GCF_002003345.1,False,,Clean,Monoderm (Keep)
GCF_002007685.1,False,,Clean,Monoderm (Keep)
GCF_002005225.1,False,,Clean,Monoderm (Keep)
GCF_001975025.1,False,,Clean,Monoderm (Keep)
GCF_002025105.1,False,,Clean,Monoderm (Keep)
GCF_002057535.1,False,,Clean,Monoderm (Keep)
GCF_002072715.1,False,,Clean,Monoderm (Keep)
GCF_002073355.2,False,,Clean,Monoderm (Keep)
GCF_002028385.1,False,,Clean,Monoderm (Keep)
GCF_002073375.2,False,,Clean,Monoderm (Keep)
GCF_002009175.1,False,,Clean,Monoderm (Keep)
GCF_002073395.2,False,,Clean,Monoderm (Keep)
GCF_002068155.1,False,,Clean,Monoderm (Keep)
GCF_002072735.1,False,,Clean,Monoderm (Keep)
GCF_002072065.1,False,,Clean,Monoderm (Keep)
GCF_002072695.1,False,,Clean,Monoderm (Keep)
GCF_002090215.1,False,,Clean,Monoderm (Keep)
GCF_002090315.1,False,,Clean,Monoderm (Keep)
GCF_002073815.2,False,,Clean,Monoderm (Keep)
GCF_002073695.2,False,,Clean,Monoderm (Keep)
GCF_002073835.2,False,,Clean,Monoderm (Keep)
GCF_002073795.1,False,,Clean,Monoderm (Keep)
GCF_002073435.2,False,,Clean,Monoderm (Keep)
GCF_002072775.2,False,,Clean,Monoderm (Keep)
GCF_002057455.1,False,,Clean,Monoderm (Keep)
GCF_002021875.1,False,,Clean,Monoderm (Keep)
GCF_002078765.2,False,,Clean,Monoderm (Keep)
GCF_002078955.1,False,,Clean,Monoderm (Keep)
GCF_002090275.1,False,,Clean,Monoderm (Keep)
GCF_002090235.1,False,,Clean,Monoderm (Keep)
GCF_002096035.1,False,,Clean,Monoderm (Keep)
GCF_002078495.1,False,,Clean,Monoderm (Keep)
GCF_002085695.1,False,,Clean,Monoderm (Keep)
GCF_002078915.2,False,,Clean,Monoderm (Keep)
GCF_002078895.1,False,,Clean,Monoderm (Keep)
GCF_002078935.2,False,,Clean,Monoderm (Keep)
GCF_002080065.1,False,,Clean,Monoderm (Keep)
GCF_002095995.1,False,,Clean,Monoderm (Keep)
GCF_002078975.2,False,,Clean,Monoderm (Keep)
GCF_002096015.1,False,,Clean,Monoderm (Keep)
GCF_002078375.2,False,,Clean,Monoderm (Keep)
GCF_002075105.1,False,,Clean,Monoderm (Keep)
GCF_002073735.2,False,,Clean,Monoderm (Keep)
GCF_002090295.1,False,,Clean,Monoderm (Keep)
GCF_002079285.1,False,,Clean,Monoderm (Keep)
GCF_002078435.1,False,,Clean,Monoderm (Keep)
GCF_002078995.2,False,,Clean,Monoderm (Keep)
GCF_002074095.1,False,,Clean,Monoderm (Keep)
GCF_002078415.1,False,,Clean,Monoderm (Keep)
GCF_002073415.2,False,,Clean,Monoderm (Keep)
GCF_002078855.1,False,,Clean,Monoderm (Keep)
GCF_002078475.3,False,,Clean,Monoderm (Keep)
GCF_002074155.1,False,,Clean,Monoderm (Keep)
GCF_002094955.1,False,,Clean,Monoderm (Keep)
GCF_002076915.1,False,,Clean,Monoderm (Keep)
GCF_002076955.1,False,,Clean,Monoderm (Keep)
GCF_002078255.1,False,,Clean,Monoderm (Keep)
GCF_002089055.1,False,,Clean,Monoderm (Keep)
GCF_002089035.2,False,,Clean,Monoderm (Keep)
GCF_002089095.2,False,,Clean,Monoderm (Keep)
GCF_002088995.1,False,,Clean,Monoderm (Keep)
GCF_002077155.1,False,,Clean,Monoderm (Keep)
GCF_002089075.2,False,,Clean,Monoderm (Keep)
GCF_002082015.1,False,,Clean,Monoderm (Keep)
GCF_002081995.1,False,,Clean,Monoderm (Keep)
GCF_002085525.1,False,,Clean,Monoderm (Keep)
GCF_002074115.1,False,,Clean,Monoderm (Keep)
GCF_002074055.1,False,,Clean,Monoderm (Keep)
GCF_002074135.1,False,,Clean,Monoderm (Keep)
GCF_002097535.1,False,,Clean,Monoderm (Keep)
GCF_002080475.1,False,,Clean,Monoderm (Keep)
GCF_002074075.1,False,,Clean,Monoderm (Keep)
GCF_002094975.1,False,,Clean,Monoderm (Keep)
GCF_002094405.3,False,,Clean,Monoderm (Keep)
GCF_002096055.1,False,,Clean,Monoderm (Keep)
GCF_002089115.2,False,,Clean,Monoderm (Keep)
GCF_002079265.1,False,,Clean,Monoderm (Keep)
GCF_002077215.1,False,,Clean,Monoderm (Keep)
GCF_002094995.1,False,,Clean,Monoderm (Keep)
GCF_002082155.1,False,,Clean,Monoderm (Keep)
GCF_002080455.1,False,,Clean,Monoderm (Keep)
GCF_002082175.1,False,,Clean,Monoderm (Keep)
GCF_002090335.1,False,,Clean,Monoderm (Keep)
GCF_002096095.1,False,,Clean,Monoderm (Keep)
GCF_002082605.1,False,,Clean,Monoderm (Keep)
GCF_002101335.1,False,,Clean,Monoderm (Keep)
GCF_002101275.1,False,,Clean,Monoderm (Keep)
GCF_002082195.1,False,,Clean,Monoderm (Keep)
GCF_002103235.2,False,,Clean,Monoderm (Keep)
GCF_002105635.1,False,,Clean,Monoderm (Keep)
GCF_002101375.1,False,,Clean,Monoderm (Keep)
GCF_002105655.1,False,,Clean,Monoderm (Keep)
GCF_002105615.1,False,,Clean,Monoderm (Keep)
GCF_002097595.2,False,,Clean,Monoderm (Keep)
GCF_002105595.1,False,,Clean,Monoderm (Keep)
GCF_002104575.1,False,,Clean,Monoderm (Keep)
GCF_002148235.1,False,,Clean,Monoderm (Keep)
GCF_002128205.1,False,,Clean,Monoderm (Keep)
GCF_002148215.1,False,,Clean,Monoderm (Keep)
GCF_002128085.1,False,,Clean,Monoderm (Keep)
GCF_002109405.1,False,,Clean,Monoderm (Keep)
GCF_002128005.1,False,,Clean,Monoderm (Keep)
GCF_002128285.1,False,,Clean,Monoderm (Keep)
GCF_002117345.1,False,,Clean,Monoderm (Keep)
GCF_002128045.1,False,,Clean,Monoderm (Keep)
GCF_002128105.1,False,,Clean,Monoderm (Keep)
GCF_002117265.1,False,,Clean,Monoderm (Keep)
GCF_002128125.1,False,,Clean,Monoderm (Keep)
GCF_002128165.1,False,,Clean,Monoderm (Keep)
GCF_002156805.1,False,,Clean,Monoderm (Keep)
GCF_002119625.1,False,,Clean,Monoderm (Keep)
GCF_002128065.1,False,,Clean,Monoderm (Keep)
GCF_002140115.1,False,,Clean,Monoderm (Keep)
GCF_002116955.1,False,,Clean,Monoderm (Keep)
GCF_002128265.1,False,,Clean,Monoderm (Keep)
GCF_002128235.1,False,,Clean,Monoderm (Keep)
GCF_002147855.1,False,,Clean,Monoderm (Keep)
GCF_002128185.1,False,,Clean,Monoderm (Keep)
GCF_002117225.1,False,,Clean,Monoderm (Keep)
GCF_002128025.1,False,,Clean,Monoderm (Keep)
GCF_002127985.1,False,,Clean,Monoderm (Keep)
GCF_002117285.1,False,,Clean,Monoderm (Keep)
GCF_002138395.1,False,,Clean,Monoderm (Keep)
GCF_002128145.1,False,,Clean,Monoderm (Keep)
GCF_002109365.1,False,,Clean,Monoderm (Keep)
GCF_002105715.1,False,,Clean,Monoderm (Keep)
GCF_002117305.1,False,,Clean,Monoderm (Keep)
GCF_002117245.1,False,,Clean,Monoderm (Keep)
GCF_002119805.1,False,,Clean,Monoderm (Keep)
GCF_002117185.1,False,,Clean,Monoderm (Keep)
GCF_002119825.1,False,,Clean,Monoderm (Keep)
GCF_002119645.1,False,,Clean,Monoderm (Keep)
GCF_002155265.1,False,,Clean,Monoderm (Keep)
GCF_002111405.1,False,,Clean,Monoderm (Keep)
GCF_002142575.1,False,,Clean,Monoderm (Keep)
GCF_002109425.1,False,,Clean,Monoderm (Keep)
GCF_002117425.1,False,,Clean,Monoderm (Keep)
GCF_002105675.1,False,,Clean,Monoderm (Keep)
GCF_002105695.1,False,,Clean,Monoderm (Keep)
GCF_002116675.1,False,,Clean,Monoderm (Keep)
GCF_002148255.1,False,,Clean,Monoderm (Keep)
GCF_002109325.1,False,,Clean,Monoderm (Keep)
GCF_002109385.1,False,,Clean,Monoderm (Keep)
GCF_002105775.1,False,,Clean,Monoderm (Keep)
GCF_002116815.1,False,,Clean,Monoderm (Keep)
GCF_002117165.1,False,,Clean,Monoderm (Keep)
GCF_002116855.1,False,,Clean,Monoderm (Keep)
GCF_002116755.1,False,,Clean,Monoderm (Keep)
GCF_002142595.1,False,,Clean,Monoderm (Keep)
GCF_002158885.1,False,,Clean,Monoderm (Keep)
GCF_002116795.1,False,,Clean,Monoderm (Keep)
GCF_002140035.1,False,,Clean,Monoderm (Keep)
GCF_002116835.1,False,,Clean,Monoderm (Keep)
GCF_002116775.1,False,,Clean,Monoderm (Keep)
GCF_002148175.1,False,,Clean,Monoderm (Keep)
GCF_002105755.1,False,,Clean,Monoderm (Keep)
GCF_002158925.1,False,,Clean,Monoderm (Keep)
GCF_002119445.1,False,,Clean,Monoderm (Keep)
GCF_002128305.1,False,,Clean,Monoderm (Keep)
GCF_002148195.1,False,,Clean,Monoderm (Keep)
GCF_002157855.1,False,,Clean,Monoderm (Keep)
GCF_002162055.1,False,,Clean,Monoderm (Keep)
GCF_002162115.2,False,,Clean,Monoderm (Keep)
GCF_002173555.1,False,,Clean,Monoderm (Keep)
GCF_002173595.1,False,,Clean,Monoderm (Keep)
GCF_002173575.1,False,,Clean,Monoderm (Keep)
GCF_002163735.1,False,,Clean,Monoderm (Keep)
GCF_002163565.1,False,,Clean,Monoderm (Keep)
GCF_002157835.1,False,,Clean,Monoderm (Keep)
GCF_002162335.1,False,,Clean,Monoderm (Keep)
GCF_002205735.1,False,,Clean,Monoderm (Keep)
GCF_002205595.1,False,,Clean,Monoderm (Keep)
GCF_002205535.1,False,,Clean,Monoderm (Keep)
GCF_002205515.1,False,,Clean,Monoderm (Keep)
GCF_002202155.1,False,,Clean,Monoderm (Keep)
GCF_002202095.1,False,,Clean,Monoderm (Keep)
GCF_002174215.1,False,,Clean,Monoderm (Keep)
GCF_002174235.1,False,,Clean,Monoderm (Keep)
GCF_002176855.1,False,,Clean,Monoderm (Keep)
GCF_002192435.1,False,,Clean,Monoderm (Keep)
GCF_002208215.1,False,,Clean,Monoderm (Keep)
GCF_002173655.1,False,,Clean,Monoderm (Keep)
GCF_002176835.1,False,,Clean,Monoderm (Keep)
GCF_002173615.1,False,,Clean,Monoderm (Keep)
GCF_002201995.1,False,,Clean,Monoderm (Keep)
GCF_002173635.1,False,,Clean,Monoderm (Keep)
GCF_002163545.1,False,,Clean,Monoderm (Keep)
GCF_002166795.1,False,,Clean,Monoderm (Keep)
GCF_002197285.1,False,,Clean,Monoderm (Keep)
GCF_002208685.2,False,,Clean,Monoderm (Keep)
GCF_002204575.1,False,,Clean,Monoderm (Keep)
GCF_002197205.1,False,,Clean,Monoderm (Keep)
GCF_002163915.1,False,,Clean,Monoderm (Keep)
GCF_002173715.1,False,,Clean,Monoderm (Keep)
GCF_002173495.1,False,,Clean,Monoderm (Keep)
GCF_002202055.1,False,,Clean,Monoderm (Keep)
GCF_002208905.1,False,,Clean,Monoderm (Keep)
GCF_002174255.1,False,,Clean,Monoderm (Keep)
GCF_002197485.1,False,,Clean,Monoderm (Keep)
GCF_002202075.1,False,,Clean,Monoderm (Keep)
GCF_002205715.1,False,,Clean,Monoderm (Keep)
GCF_002205775.2,False,,Clean,Monoderm (Keep)
GCF_002205495.2,False,,Clean,Monoderm (Keep)
GCF_002197645.1,False,,Clean,Monoderm (Keep)
GCF_002197245.1,False,,Clean,Monoderm (Keep)
GCF_002197265.1,False,,Clean,Monoderm (Keep)
GCF_002197365.1,False,,Clean,Monoderm (Keep)
GCF_002197425.1,False,,Clean,Monoderm (Keep)
GCF_002189695.1,False,,Clean,Monoderm (Keep)
GCF_002197305.1,False,,Clean,Monoderm (Keep)
GCF_002197385.1,False,,Clean,Monoderm (Keep)
GCF_002192215.1,False,,Clean,Monoderm (Keep)
GCF_002197325.1,False,,Clean,Monoderm (Keep)
GCF_002209145.2,False,,Clean,Monoderm (Keep)
GCF_002208945.1,False,,Clean,Monoderm (Keep)
GCF_002204555.1,False,,Clean,Monoderm (Keep)
GCF_002208805.2,False,,Clean,Monoderm (Keep)
GCF_002174195.1,False,,Clean,Monoderm (Keep)
GCF_002201955.1,False,,Clean,Monoderm (Keep)
GCF_002173695.1,False,,Clean,Monoderm (Keep)
GCF_002201875.1,False,,Clean,Monoderm (Keep)
GCF_002202035.1,False,,Clean,Monoderm (Keep)
GCF_002192235.1,False,,Clean,Monoderm (Keep)
GCF_002162355.1,False,,Clean,Monoderm (Keep)
GCF_002209185.2,False,,Clean,Monoderm (Keep)
GCF_002209165.2,False,,Clean,Monoderm (Keep)
GCF_002208235.1,False,,Clean,Monoderm (Keep)
GCF_002173755.1,False,,Clean,Monoderm (Keep)
GCF_002192515.1,False,,Clean,Monoderm (Keep)
GCF_002173675.1,False,,Clean,Monoderm (Keep)
GCF_002209265.1,False,,Clean,Monoderm (Keep)
GCF_002184245.1,False,,Clean,Monoderm (Keep)
GCF_002202015.1,False,,Clean,Monoderm (Keep)
GCF_002192415.1,False,,Clean,Monoderm (Keep)
GCF_002208785.1,False,,Clean,Monoderm (Keep)
GCF_002208705.2,False,,Clean,Monoderm (Keep)
GCF_002209305.1,False,,Clean,Monoderm (Keep)
GCF_002211885.1,False,,Clean,Monoderm (Keep)
GCF_002209325.1,False,,Clean,Monoderm (Keep)
GCF_002189675.2,False,,Clean,Monoderm (Keep)
GCF_002192455.1,False,,Clean,Monoderm (Keep)
GCF_002209425.1,False,,Clean,Monoderm (Keep)
GCF_002209125.2,False,,Clean,Monoderm (Keep)
GCF_002224565.1,False,,Clean,Monoderm (Keep)
GCF_002215535.1,False,,Clean,Monoderm (Keep)
GCF_002214445.1,False,,Clean,Monoderm (Keep)
GCF_002214665.1,False,,Clean,Monoderm (Keep)
GCF_002220485.1,False,,Clean,Monoderm (Keep)
GCF_002236855.1,False,,Clean,Monoderm (Keep)
GCF_002213565.1,False,,Clean,Monoderm (Keep)
GCF_002214425.1,False,,Clean,Monoderm (Keep)
GCF_002213505.1,False,,Clean,Monoderm (Keep)
GCF_002214125.1,False,,Clean,Monoderm (Keep)
GCF_002213605.1,False,,Clean,Monoderm (Keep)
GCF_002213845.1,False,,Clean,Monoderm (Keep)
GCF_002213705.1,False,,Clean,Monoderm (Keep)
GCF_002214045.1,False,,Clean,Monoderm (Keep)
GCF_002213805.1,False,,Clean,Monoderm (Keep)
GCF_002213765.1,False,,Clean,Monoderm (Keep)
GCF_002213865.1,False,,Clean,Monoderm (Keep)
GCF_002213925.1,False,,Clean,Monoderm (Keep)
GCF_002214085.1,False,,Clean,Monoderm (Keep)
GCF_002213965.1,False,,Clean,Monoderm (Keep)
GCF_002214105.1,False,,Clean,Monoderm (Keep)
GCF_002213945.1,False,,Clean,Monoderm (Keep)
GCF_002213745.1,False,,Clean,Monoderm (Keep)
GCF_002220115.1,False,,Clean,Monoderm (Keep)
GCF_002224645.1,False,,Clean,Monoderm (Keep)
GCF_002213665.1,False,,Clean,Monoderm (Keep)
GCF_002213785.1,False,,Clean,Monoderm (Keep)
GCF_002213585.1,False,,Clean,Monoderm (Keep)
GCF_002213825.1,False,,Clean,Monoderm (Keep)
GCF_002214065.1,False,,Clean,Monoderm (Keep)
GCF_002213625.1,False,,Clean,Monoderm (Keep)
GCF_002216705.1,False,,Clean,Monoderm (Keep)
GCF_002214145.1,False,,Clean,Monoderm (Keep)
GCF_002213685.1,False,,Clean,Monoderm (Keep)
GCF_002213545.1,False,,Clean,Monoderm (Keep)
GCF_002213985.1,False,,Clean,Monoderm (Keep)
GCF_002213645.1,False,,Clean,Monoderm (Keep)
GCF_002213885.1,False,,Clean,Monoderm (Keep)
GCF_002214005.1,False,,Clean,Monoderm (Keep)
GCF_002213725.1,False,,Clean,Monoderm (Keep)
GCF_002213905.1,False,,Clean,Monoderm (Keep)
GCF_002234355.1,False,,Clean,Monoderm (Keep)
GCF_002216775.1,False,,Clean,Monoderm (Keep)
GCF_002224505.1,False,,Clean,Monoderm (Keep)
GCF_002216085.1,False,,Clean,Monoderm (Keep)
GCF_002216755.1,False,,Clean,Monoderm (Keep)
GCF_002216795.1,False,,Clean,Monoderm (Keep)
GCF_002216125.1,False,,Clean,Monoderm (Keep)
GCF_002224305.1,False,,Clean,Monoderm (Keep)
GCF_002214725.1,False,,Clean,Monoderm (Keep)
GCF_002224425.1,False,,Clean,Monoderm (Keep)
GCF_002220175.1,False,,Clean,Monoderm (Keep)
GCF_002222595.2,False,,Clean,Monoderm (Keep)
GCF_002220815.1,False,,Clean,Monoderm (Keep)
GCF_002220325.1,False,,Clean,Monoderm (Keep)
GCF_002220135.1,False,,Clean,Monoderm (Keep)
GCF_002224365.1,False,,Clean,Monoderm (Keep)
GCF_002214765.1,False,,Clean,Monoderm (Keep)
GCF_002214705.1,False,,Clean,Monoderm (Keep)
GCF_002234535.1,False,,Clean,Monoderm (Keep)
GCF_002215075.1,False,,Clean,Monoderm (Keep)
GCF_002224285.1,False,,Clean,Monoderm (Keep)
GCF_002236875.1,False,,Clean,Monoderm (Keep)
GCF_002219265.1,False,,Clean,Monoderm (Keep)
GCF_002219285.1,False,,Clean,Monoderm (Keep)
GCF_002215175.1,False,,Clean,Monoderm (Keep)
GCF_002219245.1,False,,Clean,Monoderm (Keep)
GCF_002220285.1,False,,Clean,Monoderm (Keep)
GCF_002222555.1,False,,Clean,Monoderm (Keep)
GCF_002237575.1,False,,Clean,Monoderm (Keep)
GCF_002224345.1,False,,Clean,Monoderm (Keep)
GCF_002285535.1,False,,Clean,Monoderm (Keep)
GCF_002250035.1,False,,Clean,Monoderm (Keep)
GCF_002277935.1,False,,Clean,Monoderm (Keep)
GCF_002287905.1,False,,Clean,Monoderm (Keep)
GCF_002240375.2,False,,Clean,Monoderm (Keep)
GCF_002251055.2,False,,Clean,Monoderm (Keep)
GCF_002285835.1,False,,Clean,Monoderm (Keep)
GCF_002287885.2,False,,Clean,Monoderm (Keep)
GCF_002250925.2,False,,Clean,Monoderm (Keep)
GCF_002238395.1,False,,Clean,Monoderm (Keep)
GCF_002285655.1,False,,Clean,Monoderm (Keep)
GCF_002286275.1,False,,Clean,Monoderm (Keep)
GCF_002250945.2,False,,Clean,Monoderm (Keep)
GCF_002250885.2,False,,Clean,Monoderm (Keep)
GCF_002276165.1,False,,Clean,Monoderm (Keep)
GCF_002251115.2,False,,Clean,Monoderm (Keep)
GCF_002285715.1,False,,Clean,Monoderm (Keep)
GCF_002287925.1,False,,Clean,Monoderm (Keep)
GCF_002288045.1,False,,Clean,Monoderm (Keep)
GCF_002250965.2,False,,Clean,Monoderm (Keep)
GCF_002288005.1,False,,Clean,Monoderm (Keep)
GCF_002240155.1,False,,Clean,Monoderm (Keep)
GCF_002287965.1,False,,Clean,Monoderm (Keep)
GCF_002288065.1,False,,Clean,Monoderm (Keep)
GCF_002251045.2,False,,Clean,Monoderm (Keep)
GCF_002251025.2,False,,Clean,Monoderm (Keep)
GCF_002251005.2,False,,Clean,Monoderm (Keep)
GCF_002243345.2,False,,Clean,Monoderm (Keep)
GCF_002285675.1,False,,Clean,Monoderm (Keep)
GCF_002286215.1,False,,Clean,Monoderm (Keep)
GCF_002277915.1,False,,Clean,Monoderm (Keep)
GCF_002287605.1,False,,Clean,Monoderm (Keep)
GCF_002250905.2,False,,Clean,Monoderm (Keep)
GCF_002238295.1,False,,Clean,Monoderm (Keep)
GCF_002242615.1,False,,Clean,Monoderm (Keep)
GCF_002278095.1,False,,Clean,Monoderm (Keep)
GCF_002240355.1,False,,Clean,Monoderm (Keep)
GCF_002238315.1,False,,Clean,Monoderm (Keep)
GCF_002243305.1,False,,Clean,Monoderm (Keep)
GCF_002285775.1,False,,Clean,Monoderm (Keep)
GCF_002282915.1,False,,Clean,Monoderm (Keep)
GCF_002286255.1,False,,Clean,Monoderm (Keep)
GCF_002250095.2,False,,Clean,Monoderm (Keep)
GCF_002286235.1,False,,Clean,Monoderm (Keep)
GCF_002257625.1,False,,Clean,Monoderm (Keep)
GCF_002287505.1,False,,Clean,Monoderm (Keep)
GCF_002287945.1,False,,Clean,Monoderm (Keep)
GCF_002250745.2,False,,Clean,Monoderm (Keep)
GCF_002243535.1,False,,Clean,Monoderm (Keep)
GCF_002277975.1,False,,Clean,Monoderm (Keep)
GCF_002243555.1,False,,Clean,Monoderm (Keep)
GCF_002243625.1,False,,Clean,Monoderm (Keep)
GCF_002278015.2,False,,Clean,Monoderm (Keep)
GCF_002285495.1,False,,Clean,Monoderm (Keep)
GCF_002250075.1,False,,Clean,Monoderm (Keep)
GCF_002243665.1,False,,Clean,Monoderm (Keep)
GCF_002240455.1,False,,Clean,Monoderm (Keep)
GCF_002269175.1,False,,Clean,Monoderm (Keep)
GCF_002250115.1,False,,Clean,Monoderm (Keep)
GCF_002269195.1,False,,Clean,Monoderm (Keep)
GCF_002237515.1,False,,Clean,Monoderm (Keep)
GCF_002236895.1,False,,Clean,Monoderm (Keep)
GCF_002250055.1,False,,Clean,Monoderm (Keep)
GCF_002269275.1,False,,Clean,Monoderm (Keep)
GCF_002263515.1,False,,Clean,Monoderm (Keep)
GCF_002243495.1,False,,Clean,Monoderm (Keep)
GCF_002240415.1,False,,Clean,Monoderm (Keep)
GCF_002243645.1,False,,Clean,Monoderm (Keep)
GCF_002269365.1,False,,Clean,Monoderm (Keep)
GCF_002243515.1,False,,Clean,Monoderm (Keep)
GCF_002285695.1,False,,Clean,Monoderm (Keep)
GCF_002243325.2,False,,Clean,Monoderm (Keep)
GCF_002263495.1,False,,Clean,Monoderm (Keep)
GCF_002260685.1,False,,Clean,Monoderm (Keep)
GCF_002285795.1,False,,Clean,Monoderm (Keep)
GCF_002288105.1,False,,Clean,Monoderm (Keep)
GCF_002288225.1,False,,Clean,Monoderm (Keep)
GCF_002288145.1,False,,Clean,Monoderm (Keep)
GCF_002288185.1,False,,Clean,Monoderm (Keep)
GCF_002356135.1,False,,Clean,Monoderm (Keep)
GCF_002370375.1,False,,Clean,Monoderm (Keep)
GCF_002370355.1,False,,Clean,Monoderm (Keep)
GCF_002355715.1,False,,Clean,Monoderm (Keep)
GCF_002355695.1,False,,Clean,Monoderm (Keep)
GCF_002355575.1,False,,Clean,Monoderm (Keep)
GCF_002386365.1,False,,Clean,Monoderm (Keep)
GCF_002290085.1,False,,Clean,Monoderm (Keep)
GCF_002355795.1,False,,Clean,Monoderm (Keep)
GCF_002370415.1,False,,Clean,Monoderm (Keep)
GCF_002356075.1,False,,Clean,Monoderm (Keep)
GCF_002288345.1,False,,Clean,Monoderm (Keep)
GCF_002327205.1,False,,Clean,Monoderm (Keep)
GCF_002356675.1,False,,Clean,Monoderm (Keep)
GCF_002334625.1,False,,Clean,Monoderm (Keep)
GCF_002386185.1,False,,Clean,Monoderm (Keep)
GCF_002310475.1,False,,Clean,Monoderm (Keep)
GCF_002356175.1,False,,Clean,Monoderm (Keep)
GCF_002356155.1,False,,Clean,Monoderm (Keep)
GCF_002393265.1,False,,Clean,Monoderm (Keep)
GCF_002312985.1,False,,Clean,Monoderm (Keep)
GCF_002356375.1,False,,Clean,Monoderm (Keep)
GCF_002290185.1,False,,Clean,Monoderm (Keep)
GCF_002288365.1,False,,Clean,Monoderm (Keep)
GCF_002288265.1,False,,Clean,Monoderm (Keep)
GCF_002288305.1,False,,Clean,Monoderm (Keep)
GCF_002288385.1,False,,Clean,Monoderm (Keep)
GCF_002288075.1,False,,Clean,Monoderm (Keep)
GCF_002355535.1,False,,Clean,Monoderm (Keep)
GCF_002288325.1,False,,Clean,Monoderm (Keep)
GCF_002386285.1,False,,Clean,Monoderm (Keep)
GCF_002386265.1,False,,Clean,Monoderm (Keep)
GCF_002356055.1,False,,Clean,Monoderm (Keep)
GCF_002355815.1,False,,Clean,Monoderm (Keep)
GCF_002357995.1,False,,Clean,Monoderm (Keep)
GCF_002355895.1,False,,Clean,Monoderm (Keep)
GCF_002370395.1,False,,Clean,Monoderm (Keep)
GCF_002386245.1,False,,Clean,Monoderm (Keep)
GCF_002355215.1,False,,Clean,Monoderm (Keep)
GCF_002289205.1,False,,Clean,Monoderm (Keep)
GCF_002355175.1,False,,Clean,Monoderm (Keep)
GCF_002356415.1,False,,Clean,Monoderm (Keep)
GCF_002386345.1,False,,Clean,Monoderm (Keep)
GCF_002313045.1,False,,Clean,Monoderm (Keep)
GCF_002381265.1,False,,Clean,Monoderm (Keep)
GCF_002310435.1,False,,Clean,Monoderm (Keep)
GCF_002355755.1,False,,Clean,Monoderm (Keep)
GCF_002355355.1,False,,Clean,Monoderm (Keep)
GCF_002300135.1,False,,Clean,Monoderm (Keep)
GCF_002355155.1,False,,Clean,Monoderm (Keep)
GCF_002310395.1,False,,Clean,Monoderm (Keep)
GCF_002327185.1,False,,Clean,Monoderm (Keep)
GCF_002290025.1,False,,Clean,Monoderm (Keep)
GCF_002289045.2,False,,Clean,Monoderm (Keep)
GCF_002355395.1,False,,Clean,Monoderm (Keep)
GCF_002356195.1,False,,Clean,Monoderm (Keep)
GCF_002370195.2,False,,Clean,Monoderm (Keep)
GCF_002355675.1,False,,Clean,Monoderm (Keep)
GCF_002355375.1,False,,Clean,Monoderm (Keep)
GCF_002357955.1,False,,Clean,Monoderm (Keep)
GCF_002356255.1,False,,Clean,Monoderm (Keep)
GCF_002290305.1,False,,Clean,Monoderm (Keep)
GCF_002393225.1,False,,Clean,Monoderm (Keep)
GCF_002310315.1,False,,Clean,Monoderm (Keep)
GCF_002327165.1,False,,Clean,Monoderm (Keep)
GCF_002357935.1,False,,Clean,Monoderm (Keep)
GCF_002356015.1,False,,Clean,Monoderm (Keep)
GCF_002304065.2,False,,Clean,Monoderm (Keep)
GCF_002335685.1,False,,Clean,Monoderm (Keep)
GCF_002357975.1,False,,Clean,Monoderm (Keep)
GCF_002356315.1,False,,Clean,Monoderm (Keep)
GCF_002356575.1,False,,Clean,Monoderm (Keep)
GCF_002355775.1,False,,Clean,Monoderm (Keep)
GCF_002407065.1,False,,Clean,Monoderm (Keep)
GCF_002356335.1,False,,Clean,Monoderm (Keep)
GCF_002407165.1,False,,Clean,Monoderm (Keep)
GCF_002407185.1,False,,Clean,Monoderm (Keep)
GCF_002441855.2,False,,Clean,Monoderm (Keep)
GCF_002441935.1,False,,Clean,Monoderm (Keep)
GCF_002354875.1,False,,Clean,Monoderm (Keep)
GCF_002356035.1,False,,Clean,Monoderm (Keep)
GCF_002442835.1,False,,Clean,Monoderm (Keep)
GCF_002442935.1,False,,Clean,Monoderm (Keep)
GCF_002442915.1,False,,Clean,Monoderm (Keep)
GCF_002442955.1,False,,Clean,Monoderm (Keep)
GCF_002442895.1,False,,Clean,Monoderm (Keep)
GCF_002443015.2,False,,Clean,Monoderm (Keep)
GCF_002442515.1,False,,Clean,Monoderm (Keep)
GCF_002442975.1,False,,Clean,Monoderm (Keep)
GCF_002447735.1,False,,Clean,Monoderm (Keep)
GCF_002447335.1,False,,Clean,Monoderm (Keep)
GCF_002446955.1,False,,Clean,Monoderm (Keep)
GCF_002447975.1,False,,Clean,Monoderm (Keep)
GCF_002446995.1,False,,Clean,Monoderm (Keep)
GCF_002447095.1,False,,Clean,Monoderm (Keep)
GCF_002447815.1,False,,Clean,Monoderm (Keep)
GCF_002447255.1,False,,Clean,Monoderm (Keep)
GCF_002446895.1,False,,Clean,Monoderm (Keep)
GCF_002447435.1,False,,Clean,Monoderm (Keep)
GCF_002447315.1,False,,Clean,Monoderm (Keep)
GCF_002447495.1,False,,Clean,Monoderm (Keep)
GCF_002446875.1,False,,Clean,Monoderm (Keep)
GCF_002447855.1,False,,Clean,Monoderm (Keep)
GCF_002447795.1,False,,Clean,Monoderm (Keep)
GCF_002447615.1,False,,Clean,Monoderm (Keep)
GCF_002443095.1,False,,Clean,Monoderm (Keep)
GCF_002447395.1,False,,Clean,Monoderm (Keep)
GCF_002447775.1,False,,Clean,Monoderm (Keep)
GCF_002447955.1,False,,Clean,Monoderm (Keep)
GCF_002447215.1,False,,Clean,Monoderm (Keep)
GCF_002447475.1,False,,Clean,Monoderm (Keep)
GCF_002447115.1,False,,Clean,Monoderm (Keep)
GCF_002447875.1,False,,Clean,Monoderm (Keep)
GCF_002446935.1,False,,Clean,Monoderm (Keep)
GCF_002447535.1,False,,Clean,Monoderm (Keep)
GCF_002447195.1,False,,Clean,Monoderm (Keep)
GCF_002447295.1,False,,Clean,Monoderm (Keep)
GCF_002447575.1,False,,Clean,Monoderm (Keep)
GCF_002446915.1,False,,Clean,Monoderm (Keep)
GCF_002447055.1,False,,Clean,Monoderm (Keep)
GCF_002447375.1,False,,Clean,Monoderm (Keep)
GCF_002447635.1,False,,Clean,Monoderm (Keep)
GCF_002447935.1,False,,Clean,Monoderm (Keep)
GCF_002447595.1,False,,Clean,Monoderm (Keep)
GCF_002448055.1,False,,Clean,Monoderm (Keep)
GCF_002447155.1,False,,Clean,Monoderm (Keep)
GCF_002447415.1,False,,Clean,Monoderm (Keep)
GCF_002447355.1,False,,Clean,Monoderm (Keep)
GCF_002448015.1,False,,Clean,Monoderm (Keep)
GCF_002448075.1,False,,Clean,Monoderm (Keep)
GCF_002446975.1,False,,Clean,Monoderm (Keep)
GCF_002447915.1,False,,Clean,Monoderm (Keep)
GCF_002447275.1,False,,Clean,Monoderm (Keep)
GCF_002447995.1,False,,Clean,Monoderm (Keep)
GCF_002447075.1,False,,Clean,Monoderm (Keep)
GCF_002447895.1,False,,Clean,Monoderm (Keep)
GCF_002447655.1,False,,Clean,Monoderm (Keep)
GCF_002447835.1,False,,Clean,Monoderm (Keep)
GCF_002447175.1,False,,Clean,Monoderm (Keep)
GCF_002448035.1,False,,Clean,Monoderm (Keep)
GCF_002447035.1,False,,Clean,Monoderm (Keep)
GCF_002447015.1,False,,Clean,Monoderm (Keep)
GCF_002447555.1,False,,Clean,Monoderm (Keep)
GCF_002447515.1,False,,Clean,Monoderm (Keep)
GCF_002447455.1,False,,Clean,Monoderm (Keep)
GCF_002447235.1,False,,Clean,Monoderm (Keep)
GCF_002447135.1,False,,Clean,Monoderm (Keep)
GCF_002447755.1,False,,Clean,Monoderm (Keep)
GCF_002447695.1,False,,Clean,Monoderm (Keep)
GCF_002447675.1,False,,Clean,Monoderm (Keep)
GCF_002447715.1,False,,Clean,Monoderm (Keep)
GCF_002448095.1,False,,Clean,Monoderm (Keep)
GCF_002448155.1,False,,Clean,Monoderm (Keep)
GCF_002448115.1,False,,Clean,Monoderm (Keep)
GCF_002448135.1,False,,Clean,Monoderm (Keep)
GCF_002504365.1,False,,Clean,Monoderm (Keep)
GCF_002761255.1,False,,Clean,Monoderm (Keep)
GCF_002633865.1,False,,Clean,Monoderm (Keep)
GCF_002736285.1,False,,Clean,Monoderm (Keep)
GCF_002688685.1,False,,Clean,Monoderm (Keep)
GCF_002504385.1,False,,Clean,Monoderm (Keep)
GCF_002749655.1,False,,Clean,Monoderm (Keep)
GCF_002749675.1,False,,Clean,Monoderm (Keep)
GCF_002787125.1,False,,Clean,Monoderm (Keep)
GCF_002761235.1,False,,Clean,Monoderm (Keep)
GCF_002591215.1,False,,Clean,Monoderm (Keep)
GCF_002761275.1,False,,Clean,Monoderm (Keep)
GCF_002803885.1,False,,Clean,Monoderm (Keep)
GCF_002795285.1,False,,Clean,Monoderm (Keep)
GCF_002749575.1,False,,Clean,Monoderm (Keep)
GCF_002591175.1,False,,Clean,Monoderm (Keep)
GCF_002576835.1,False,,Clean,Monoderm (Keep)
GCF_002763675.1,False,,Clean,Monoderm (Keep)
GCF_002633805.1,False,,Clean,Monoderm (Keep)
GCF_002633825.1,False,,Clean,Monoderm (Keep)
GCF_002557735.1,False,,Clean,Monoderm (Keep)
GCF_002777275.1,False,,Clean,Monoderm (Keep)
GCF_002716965.3,False,,Clean,Monoderm (Keep)
GCF_002716925.3,False,,Clean,Monoderm (Keep)
GCF_002795265.1,False,,Clean,Monoderm (Keep)
GCF_002706565.1,False,,Clean,Monoderm (Keep)
GCF_002716905.3,False,,Clean,Monoderm (Keep)
GCF_002762335.1,False,,Clean,Monoderm (Keep)
GCF_002688605.1,False,,Clean,Monoderm (Keep)
GCF_002706665.1,False,,Clean,Monoderm (Keep)
GCF_002501585.1,False,,Clean,Monoderm (Keep)
GCF_002688665.1,False,,Clean,Monoderm (Keep)
GCF_002557755.1,False,,Clean,Monoderm (Keep)
GCF_002715865.1,False,,Clean,Monoderm (Keep)
GCF_002706375.1,False,,Clean,Monoderm (Keep)
GCF_002736265.1,False,,Clean,Monoderm (Keep)
GCF_002794435.1,False,,Clean,Monoderm (Keep)
GCF_002803825.1,False,,Clean,Monoderm (Keep)
GCF_002586945.1,False,,Clean,Monoderm (Keep)
GCF_002736145.1,False,,Clean,Monoderm (Keep)
GCF_002706745.1,False,,Clean,Monoderm (Keep)
GCF_002786535.1,False,,Clean,Monoderm (Keep)
GCF_002762175.1,False,,Clean,Monoderm (Keep)
GCF_002633845.1,False,,Clean,Monoderm (Keep)
GCF_002633785.1,False,,Clean,Monoderm (Keep)
GCF_002706425.1,False,,Clean,Monoderm (Keep)
GCF_002786465.1,False,,Clean,Monoderm (Keep)
GCF_002633765.1,False,,Clean,Monoderm (Keep)
GCF_002734145.1,False,,Clean,Monoderm (Keep)
GCF_002557815.1,False,,Clean,Monoderm (Keep)
GCF_002736105.1,False,,Clean,Monoderm (Keep)
GCF_002741745.1,False,,Clean,Monoderm (Keep)
GCF_002448175.1,False,,Clean,Monoderm (Keep)
GCF_002448215.1,False,,Clean,Monoderm (Keep)
GCF_002796465.1,False,,Clean,Monoderm (Keep)
GCF_002504325.1,False,,Clean,Monoderm (Keep)
GCF_002688525.1,False,,Clean,Monoderm (Keep)
GCF_002556565.1,False,,Clean,Monoderm (Keep)
GCF_002764075.1,False,,Clean,Monoderm (Keep)
GCF_002741055.1,False,,Clean,Monoderm (Keep)
GCF_002741705.1,False,,Clean,Monoderm (Keep)
GCF_002448195.1,False,,Clean,Monoderm (Keep)
GCF_002706795.1,False,,Clean,Monoderm (Keep)
GCF_002777255.1,False,,Clean,Monoderm (Keep)
GCF_002741035.1,False,,Clean,Monoderm (Keep)
GCF_002761535.1,False,,Clean,Monoderm (Keep)
GCF_002741725.1,False,,Clean,Monoderm (Keep)
GCF_002804005.1,False,,Clean,Monoderm (Keep)
GCF_002803985.1,False,,Clean,Monoderm (Keep)
GCF_002777535.1,False,,Clean,Monoderm (Keep)
GCF_002717025.1,False,,Clean,Monoderm (Keep)
GCF_002804025.1,False,,Clean,Monoderm (Keep)
GCF_002804105.1,False,,Clean,Monoderm (Keep)
GCF_002568625.1,False,,Clean,Monoderm (Keep)
GCF_002556545.1,False,,Clean,Monoderm (Keep)
GCF_002803965.1,False,,Clean,Monoderm (Keep)
GCF_002804085.1,False,,Clean,Monoderm (Keep)
GCF_002796545.1,False,,Clean,Monoderm (Keep)
GCF_002804065.1,False,,Clean,Monoderm (Keep)
GCF_002804125.1,False,,Clean,Monoderm (Keep)
GCF_002804245.1,False,,Clean,Monoderm (Keep)
GCF_002804225.1,False,,Clean,Monoderm (Keep)
GCF_002804205.1,False,,Clean,Monoderm (Keep)
GCF_002813555.1,False,,Clean,Monoderm (Keep)
GCF_002591335.1,False,,Clean,Monoderm (Keep)
GCF_002803845.1,False,,Clean,Monoderm (Keep)
GCF_002812345.2,False,,Clean,Monoderm (Keep)
GCF_002833405.1,False,,Clean,Monoderm (Keep)
GCF_002843565.1,False,,Clean,Monoderm (Keep)
GCF_002831485.1,False,,Clean,Monoderm (Keep)
GCF_002814115.1,False,,Clean,Monoderm (Keep)
GCF_002813755.1,False,,Clean,Monoderm (Keep)
GCF_002813875.1,False,,Clean,Monoderm (Keep)
GCF_002813615.1,False,,Clean,Monoderm (Keep)
GCF_002843135.1,False,,Clean,Monoderm (Keep)
GCF_002831505.1,False,,Clean,Monoderm (Keep)
GCF_002846075.1,False,,Clean,Monoderm (Keep)
GCF_002843525.1,False,,Clean,Monoderm (Keep)
GCF_002846155.1,False,,Clean,Monoderm (Keep)
GCF_002838325.1,False,,Clean,Monoderm (Keep)
GCF_002843115.1,False,,Clean,Monoderm (Keep)
GCF_002838365.1,False,,Clean,Monoderm (Keep)
GCF_002838665.1,False,,Clean,Monoderm (Keep)
GCF_002814135.1,False,,Clean,Monoderm (Keep)
GCF_002838405.1,False,,Clean,Monoderm (Keep)
GCF_002812425.1,False,,Clean,Monoderm (Keep)
GCF_002838465.1,False,,Clean,Monoderm (Keep)
GCF_002844355.1,False,,Clean,Monoderm (Keep)
GCF_002838245.1,False,,Clean,Monoderm (Keep)
GCF_002812525.1,False,,Clean,Monoderm (Keep)
GCF_002813955.1,False,,Clean,Monoderm (Keep)
GCF_002838385.1,False,,Clean,Monoderm (Keep)
GCF_002812445.1,False,,Clean,Monoderm (Keep)
GCF_002843545.1,False,,Clean,Monoderm (Keep)
GCF_002838285.1,False,,Clean,Monoderm (Keep)
GCF_002838545.1,False,,Clean,Monoderm (Keep)
GCF_002838305.1,False,,Clean,Monoderm (Keep)
GCF_002804185.1,False,,Clean,Monoderm (Keep)
GCF_002838445.1,False,,Clean,Monoderm (Keep)
GCF_002838485.1,False,,Clean,Monoderm (Keep)
GCF_002838645.1,False,,Clean,Monoderm (Keep)
GCF_002838265.1,False,,Clean,Monoderm (Keep)
GCF_002838225.1,False,,Clean,Monoderm (Keep)
GCF_002812465.1,False,,Clean,Monoderm (Keep)
GCF_002838705.1,False,,Clean,Monoderm (Keep)
GCF_002845845.1,False,,Clean,Monoderm (Keep)
GCF_002838625.1,False,,Clean,Monoderm (Keep)
GCF_002838685.1,False,,Clean,Monoderm (Keep)
GCF_002838745.1,False,,Clean,Monoderm (Keep)
GCF_002804285.1,False,,Clean,Monoderm (Keep)
GCF_002838565.1,False,,Clean,Monoderm (Keep)
GCF_002838425.1,False,,Clean,Monoderm (Keep)
GCF_002838605.1,False,,Clean,Monoderm (Keep)
GCF_002838525.1,False,,Clean,Monoderm (Keep)
GCF_002838345.1,False,,Clean,Monoderm (Keep)
GCF_002812505.1,False,,Clean,Monoderm (Keep)
GCF_002838585.1,False,,Clean,Monoderm (Keep)
GCF_002838725.1,False,,Clean,Monoderm (Keep)
GCF_002838505.1,False,,Clean,Monoderm (Keep)
GCF_002813535.1,False,,Clean,Monoderm (Keep)
GCF_002812605.1,False,,Clean,Monoderm (Keep)
GCF_002844395.1,False,,Clean,Monoderm (Keep)
GCF_002812625.1,False,,Clean,Monoderm (Keep)
GCF_002812585.1,False,,Clean,Monoderm (Keep)
GCF_002812645.1,False,,Clean,Monoderm (Keep)
GCF_002843505.1,False,,Clean,Monoderm (Keep)
GCF_002833485.1,False,,Clean,Monoderm (Keep)
GCF_002804165.1,False,,Clean,Monoderm (Keep)
GCF_002845365.1,False,,Clean,Monoderm (Keep)
GCF_002832675.1,False,,Clean,Monoderm (Keep)
GCF_002843965.1,False,,Clean,Monoderm (Keep)
GCF_002848505.1,False,,Clean,Monoderm (Keep)
GCF_002848625.1,False,,Clean,Monoderm (Keep)
GCF_002848645.1,False,,Clean,Monoderm (Keep)
GCF_002848685.1,False,,Clean,Monoderm (Keep)
GCF_002848465.1,False,,Clean,Monoderm (Keep)
GCF_002848665.1,False,,Clean,Monoderm (Keep)
GCF_002848385.1,False,,Clean,Monoderm (Keep)
GCF_002848485.1,False,,Clean,Monoderm (Keep)
GCF_002847425.1,False,,Clean,Monoderm (Keep)
GCF_002847405.1,False,,Clean,Monoderm (Keep)
GCF_002844125.1,False,,Clean,Monoderm (Keep)
GCF_002847285.1,False,,Clean,Monoderm (Keep)
GCF_002849955.1,False,,Clean,Monoderm (Keep)
GCF_002849915.1,False,,Clean,Monoderm (Keep)
GCF_002868755.1,False,,Clean,Monoderm (Keep)
GCF_002848705.1,False,,Clean,Monoderm (Keep)
GCF_002850015.1,False,,Clean,Monoderm (Keep)
GCF_002849935.1,False,,Clean,Monoderm (Keep)
GCF_002865805.1,False,,Clean,Monoderm (Keep)
GCF_002866045.1,False,,Clean,Monoderm (Keep)
GCF_002850055.1,False,,Clean,Monoderm (Keep)
GCF_002880635.1,False,,Clean,Monoderm (Keep)
GCF_002849895.1,False,,Clean,Monoderm (Keep)
GCF_002865545.1,False,,Clean,Monoderm (Keep)
GCF_002866125.1,False,,Clean,Monoderm (Keep)
GCF_002865995.1,False,,Clean,Monoderm (Keep)
GCF_002848725.1,False,,Clean,Monoderm (Keep)
GCF_002848445.1,False,,Clean,Monoderm (Keep)
GCF_002869825.2,False,,Clean,Monoderm (Keep)
GCF_002850035.1,False,,Clean,Monoderm (Keep)
GCF_002893805.1,False,,Clean,Monoderm (Keep)
GCF_002850555.1,False,,Clean,Monoderm (Keep)
GCF_002866225.1,False,,Clean,Monoderm (Keep)
GCF_002868775.1,False,,Clean,Monoderm (Keep)
GCF_002848745.1,False,,Clean,Monoderm (Keep)
GCF_002865825.1,False,,Clean,Monoderm (Keep)
GCF_002865845.1,False,,Clean,Monoderm (Keep)
GCF_002865885.1,False,,Clean,Monoderm (Keep)
GCF_002850375.1,False,,Clean,Monoderm (Keep)
GCF_002865565.1,False,,Clean,Monoderm (Keep)
GCF_002865785.1,False,,Clean,Monoderm (Keep)
GCF_002869805.1,False,,Clean,Monoderm (Keep)
GCF_002850395.1,False,,Clean,Monoderm (Keep)
GCF_002850315.1,False,,Clean,Monoderm (Keep)
GCF_002850515.1,False,,Clean,Monoderm (Keep)
GCF_002865585.1,False,,Clean,Monoderm (Keep)
GCF_002848425.1,False,,Clean,Monoderm (Keep)
GCF_002850415.1,False,,Clean,Monoderm (Keep)
GCF_002865765.1,False,,Clean,Monoderm (Keep)
GCF_002865745.1,False,,Clean,Monoderm (Keep)
GCF_002850475.1,False,,Clean,Monoderm (Keep)
GCF_002886195.1,False,,Clean,Monoderm (Keep)
GCF_002886335.1,False,,Clean,Monoderm (Keep)
GCF_002886165.1,False,,Clean,Monoderm (Keep)
GCF_002886225.1,False,,Clean,Monoderm (Keep)
GCF_002886405.1,False,,Clean,Monoderm (Keep)
GCF_002869785.1,False,,Clean,Monoderm (Keep)
GCF_002887335.1,False,,Clean,Monoderm (Keep)
GCF_002886505.1,False,,Clean,Monoderm (Keep)
GCF_002886775.1,False,,Clean,Monoderm (Keep)
GCF_002886945.1,False,,Clean,Monoderm (Keep)
GCF_002886145.1,False,,Clean,Monoderm (Keep)
GCF_002893785.1,False,,Clean,Monoderm (Keep)
GCF_002812405.1,False,,Clean,Monoderm (Keep)
GCF_002849715.1,False,,Clean,Monoderm (Keep)
GCF_002850535.1,False,,Clean,Monoderm (Keep)
GCF_002886585.1,False,,Clean,Monoderm (Keep)
GCF_002863905.1,False,,Clean,Monoderm (Keep)
GCF_002886685.1,False,,Clean,Monoderm (Keep)
GCF_002865525.1,False,,Clean,Monoderm (Keep)
GCF_002887145.1,False,,Clean,Monoderm (Keep)
GCF_002887255.1,False,,Clean,Monoderm (Keep)
GCF_002887065.1,False,,Clean,Monoderm (Keep)
GCF_002886865.1,False,,Clean,Monoderm (Keep)
GCF_002872435.1,False,,Clean,Monoderm (Keep)
GCF_002893885.1,False,,Clean,Monoderm (Keep)
GCF_002893845.1,False,,Clean,Monoderm (Keep)
GCF_002900385.1,False,,Clean,Monoderm (Keep)
GCF_002906615.1,False,,Clean,Monoderm (Keep)
GCF_002906875.1,False,,Clean,Monoderm (Keep)
GCF_002906595.1,False,,Clean,Monoderm (Keep)
GCF_002902825.1,False,,Clean,Monoderm (Keep)
GCF_002895225.1,False,,Clean,Monoderm (Keep)
GCF_002895385.1,False,,Clean,Monoderm (Keep)
GCF_002895245.1,False,,Clean,Monoderm (Keep)
GCF_002896855.1,False,,Clean,Monoderm (Keep)
GCF_002896375.1,False,,Clean,Monoderm (Keep)
GCF_002849735.1,False,,Clean,Monoderm (Keep)
GCF_002950695.1,False,,Clean,Monoderm (Keep)
GCF_002952715.2,False,,Clean,Monoderm (Keep)
GCF_002952835.1,False,,Clean,Monoderm (Keep)
GCF_002984565.1,False,,Clean,Monoderm (Keep)
GCF_002951895.1,False,,Clean,Monoderm (Keep)
GCF_002950775.1,False,,Clean,Monoderm (Keep)
GCF_002944995.1,False,,Clean,Monoderm (Keep)
GCF_002943545.1,False,,Clean,Monoderm (Keep)
GCF_002982135.1,False,,Clean,Monoderm (Keep)
GCF_002953275.1,False,,Clean,Monoderm (Keep)
GCF_002983785.1,False,,Clean,Monoderm (Keep)
GCF_002982155.1,False,,Clean,Monoderm (Keep)
GCF_002950575.1,False,,Clean,Monoderm (Keep)
GCF_002951505.1,False,,Clean,Monoderm (Keep)
GCF_002910725.2,False,,Clean,Monoderm (Keep)
GCF_002893965.1,False,,Clean,Monoderm (Keep)
GCF_002953735.1,False,,Clean,Monoderm (Keep)
GCF_002966535.1,False,,Clean,Monoderm (Keep)
GCF_002953655.1,False,,Clean,Monoderm (Keep)
GCF_002947575.1,False,,Clean,Monoderm (Keep)
GCF_002953235.1,False,,Clean,Monoderm (Keep)
GCF_002953315.1,False,,Clean,Monoderm (Keep)
GCF_002953955.1,False,,Clean,Monoderm (Keep)
GCF_002960215.1,False,,Clean,Monoderm (Keep)
GCF_002946035.1,False,,Clean,Monoderm (Keep)
GCF_002946135.1,False,,Clean,Monoderm (Keep)
GCF_002945515.1,False,,Clean,Monoderm (Keep)
GCF_002945755.1,False,,Clean,Monoderm (Keep)
GCF_002946535.2,False,,Clean,Monoderm (Keep)
GCF_002946515.2,False,,Clean,Monoderm (Keep)
GCF_002945945.1,False,,Clean,Monoderm (Keep)
GCF_002946455.1,False,,Clean,Monoderm (Keep)
GCF_002945855.1,False,,Clean,Monoderm (Keep)
GCF_002945665.1,False,,Clean,Monoderm (Keep)
GCF_002966955.1,False,,Clean,Monoderm (Keep)
GCF_002946555.2,False,,Clean,Monoderm (Keep)
GCF_002946195.1,False,,Clean,Monoderm (Keep)
GCF_002945415.1,False,,Clean,Monoderm (Keep)
GCF_002993285.1,False,,Clean,Monoderm (Keep)
GCF_002951875.1,False,,Clean,Monoderm (Keep)
GCF_002970935.1,False,,Clean,Monoderm (Keep)
GCF_002970915.1,False,,Clean,Monoderm (Keep)
GCF_002973755.2,False,,Clean,Monoderm (Keep)
GCF_002944585.1,False,,Clean,Monoderm (Keep)
GCF_002982175.1,False,,Clean,Monoderm (Keep)
GCF_002969195.1,False,,Clean,Monoderm (Keep)
GCF_002952015.1,False,,Clean,Monoderm (Keep)
GCF_002948215.1,False,,Clean,Monoderm (Keep)
GCF_002953935.1,False,,Clean,Monoderm (Keep)
GCF_002975475.1,False,,Clean,Monoderm (Keep)
GCF_002910775.2,False,,Clean,Monoderm (Keep)
GCF_002943525.1,False,,Clean,Monoderm (Keep)
GCF_002982115.1,False,,Clean,Monoderm (Keep)
GCF_002968415.1,False,,Clean,Monoderm (Keep)
GCF_002943895.1,False,,Clean,Monoderm (Keep)
GCF_002951915.1,False,,Clean,Monoderm (Keep)
GCF_002980615.3,False,,Clean,Monoderm (Keep)
GCF_002951935.1,False,,Clean,Monoderm (Keep)
GCF_002946835.1,False,,Clean,Monoderm (Keep)
GCF_002993305.1,False,,Clean,Monoderm (Keep)
GCF_002993925.1,False,,Clean,Monoderm (Keep)
GCF_002993945.1,False,,Clean,Monoderm (Keep)
GCF_002949635.1,False,,Clean,Monoderm (Keep)
GCF_002999275.1,False,,Clean,Monoderm (Keep)
GCF_002999295.1,False,,Clean,Monoderm (Keep)
GCF_002999255.1,False,,Clean,Monoderm (Keep)
GCF_002999435.1,False,,Clean,Monoderm (Keep)
GCF_002999235.1,False,,Clean,Monoderm (Keep)
GCF_002999415.1,False,,Clean,Monoderm (Keep)
GCF_002999155.1,False,,Clean,Monoderm (Keep)
GCF_002995555.1,False,,Clean,Monoderm (Keep)
GCF_002998925.1,False,,Clean,Monoderm (Keep)
GCF_002998295.1,False,,Clean,Monoderm (Keep)
GCF_003010875.1,False,,Clean,Monoderm (Keep)
GCF_003043895.1,False,,Clean,Monoderm (Keep)
GCF_003031285.1,False,,Clean,Monoderm (Keep)
GCF_003019255.1,False,,Clean,Monoderm (Keep)
GCF_003010455.1,False,,Clean,Monoderm (Keep)
GCF_003030065.1,False,,Clean,Monoderm (Keep)
GCF_003010915.2,False,,Clean,Monoderm (Keep)
GCF_003020005.1,False,,Clean,Monoderm (Keep)
GCF_003030425.1,False,,Clean,Monoderm (Keep)
GCF_003031975.1,False,,Clean,Monoderm (Keep)
GCF_003013315.1,False,,Clean,Monoderm (Keep)
GCF_003029645.1,False,,Clean,Monoderm (Keep)
GCF_003020725.1,False,,Clean,Monoderm (Keep)
GCF_003032075.1,False,,Clean,Monoderm (Keep)
GCF_003020705.1,False,,Clean,Monoderm (Keep)
GCF_003003495.1,False,,Clean,Monoderm (Keep)
GCF_003006075.1,False,,Clean,Monoderm (Keep)
GCF_003032055.1,False,,Clean,Monoderm (Keep)
GCF_003006055.1,False,,Clean,Monoderm (Keep)
GCF_003020765.1,False,,Clean,Monoderm (Keep)
GCF_003020745.1,False,,Clean,Monoderm (Keep)
GCF_003013675.1,False,,Clean,Monoderm (Keep)
GCF_003020685.1,False,,Clean,Monoderm (Keep)
GCF_003030165.1,False,,Clean,Monoderm (Keep)
GCF_003055835.1,False,,Clean,Monoderm (Keep)
GCF_003047065.1,False,,Clean,Monoderm (Keep)
GCF_003025365.1,False,,Clean,Monoderm (Keep)
GCF_003019275.1,False,,Clean,Monoderm (Keep)
GCF_003030905.1,False,,Clean,Monoderm (Keep)
GCF_003047205.1,False,,Clean,Monoderm (Keep)
GCF_003030305.1,False,,Clean,Monoderm (Keep)
GCF_003030085.1,False,,Clean,Monoderm (Keep)
GCF_003031425.1,False,,Clean,Monoderm (Keep)
GCF_003031915.1,False,,Clean,Monoderm (Keep)
GCF_003031895.1,False,,Clean,Monoderm (Keep)
GCF_003030225.1,False,,Clean,Monoderm (Keep)
GCF_003012915.1,False,,Clean,Monoderm (Keep)
GCF_003031485.1,False,,Clean,Monoderm (Keep)
GCF_003031955.1,False,,Clean,Monoderm (Keep)
GCF_003017335.1,False,,Clean,Monoderm (Keep)
GCF_003013635.1,False,,Clean,Monoderm (Keep)
GCF_003030405.1,False,,Clean,Monoderm (Keep)
GCF_003017195.1,False,,Clean,Monoderm (Keep)
GCF_003031935.1,False,,Clean,Monoderm (Keep)
GCF_003020045.1,False,,Clean,Monoderm (Keep)
GCF_003047045.1,False,,Clean,Monoderm (Keep)
GCF_003017145.1,False,,Clean,Monoderm (Keep)
GCF_003047025.1,False,,Clean,Monoderm (Keep)
GCF_003006115.1,False,,Clean,Monoderm (Keep)
GCF_003017225.1,False,,Clean,Monoderm (Keep)
GCF_003006135.1,False,,Clean,Monoderm (Keep)
GCF_003047005.1,False,,Clean,Monoderm (Keep)
GCF_003045165.1,False,,Clean,Monoderm (Keep)
GCF_003052165.1,False,,Clean,Monoderm (Keep)
GCF_003049605.2,False,,Clean,Monoderm (Keep)
GCF_003020845.1,False,,Clean,Monoderm (Keep)
GCF_003047165.1,False,,Clean,Monoderm (Keep)
GCF_003030385.1,False,,Clean,Monoderm (Keep)
GCF_003030345.1,False,,Clean,Monoderm (Keep)
GCF_003071525.2,False,,Clean,Monoderm (Keep)
GCF_003071445.1,False,,Clean,Monoderm (Keep)
GCF_003065425.1,False,,Clean,Monoderm (Keep)
GCF_003058445.1,False,,Clean,Monoderm (Keep)
GCF_003072625.1,False,,Clean,Monoderm (Keep)
GCF_003065405.1,False,,Clean,Monoderm (Keep)
GCF_003054555.1,False,,Clean,Monoderm (Keep)
GCF_003070865.1,False,,Clean,Monoderm (Keep)
GCF_003070885.1,False,,Clean,Monoderm (Keep)
GCF_003073415.1,False,,Clean,Monoderm (Keep)
GCF_003065485.1,False,,Clean,Monoderm (Keep)
GCF_003065605.1,False,,Clean,Monoderm (Keep)
GCF_003058345.1,False,,Clean,Monoderm (Keep)
GCF_003060825.1,False,,Clean,Monoderm (Keep)
GCF_003032475.1,False,,Clean,Monoderm (Keep)
GCF_003071425.1,False,,Clean,Monoderm (Keep)
GCF_003072605.2,False,,Clean,Monoderm (Keep)
GCF_003073395.1,False,,Clean,Monoderm (Keep)
GCF_003073375.1,False,,Clean,Monoderm (Keep)
GCF_003071465.1,False,,Clean,Monoderm (Keep)
GCF_003073255.1,False,,Clean,Monoderm (Keep)
GCF_003144175.1,False,,Clean,Monoderm (Keep)
GCF_003096075.1,False,,Clean,Monoderm (Keep)
GCF_003173695.1,False,,Clean,Monoderm (Keep)
GCF_003111745.1,False,,Clean,Monoderm (Keep)
GCF_003096155.1,False,,Clean,Monoderm (Keep)
GCF_003147565.1,False,,Clean,Monoderm (Keep)
GCF_003076335.1,False,,Clean,Monoderm (Keep)
GCF_003097595.1,False,,Clean,Monoderm (Keep)
GCF_003073755.1,False,,Clean,Monoderm (Keep)
GCF_003076495.1,False,,Clean,Monoderm (Keep)
GCF_003073635.1,False,,Clean,Monoderm (Keep)
GCF_003143915.1,False,,Clean,Monoderm (Keep)
GCF_003111725.1,False,,Clean,Monoderm (Keep)
GCF_003095675.1,False,,Clean,Monoderm (Keep)
GCF_003073655.1,False,,Clean,Monoderm (Keep)
GCF_003074035.1,False,,Clean,Monoderm (Keep)
GCF_003096095.1,False,,Clean,Monoderm (Keep)
GCF_003073775.1,False,,Clean,Monoderm (Keep)
GCF_003176835.1,False,,Clean,Monoderm (Keep)
GCF_003076355.1,False,,Clean,Monoderm (Keep)
GCF_003076375.1,False,,Clean,Monoderm (Keep)
GCF_003095695.1,False,,Clean,Monoderm (Keep)
GCF_003150935.1,False,,Clean,Monoderm (Keep)
GCF_003151025.1,False,,Clean,Monoderm (Keep)
GCF_003073475.1,False,,Clean,Monoderm (Keep)
GCF_003076295.1,False,,Clean,Monoderm (Keep)
GCF_003172975.1,False,,Clean,Monoderm (Keep)
GCF_003176795.1,False,,Clean,Monoderm (Keep)
GCF_003076315.1,False,,Clean,Monoderm (Keep)
GCF_003073435.1,False,,Clean,Monoderm (Keep)
GCF_003144075.1,False,,Clean,Monoderm (Keep)
GCF_003097555.1,False,,Clean,Monoderm (Keep)
GCF_003086355.1,False,,Clean,Monoderm (Keep)
GCF_003176815.1,False,,Clean,Monoderm (Keep)
GCF_003073715.1,False,,Clean,Monoderm (Keep)
GCF_003172995.1,False,,Clean,Monoderm (Keep)
GCF_003076435.1,False,,Clean,Monoderm (Keep)
GCF_003111765.1,False,,Clean,Monoderm (Keep)
GCF_003096215.1,False,,Clean,Monoderm (Keep)
GCF_003076535.1,False,,Clean,Monoderm (Keep)
GCF_003076875.1,False,,Clean,Monoderm (Keep)
GCF_003076795.1,False,,Clean,Monoderm (Keep)
GCF_003076855.1,False,,Clean,Monoderm (Keep)
GCF_003073455.1,False,,Clean,Monoderm (Keep)
GCF_003148355.1,False,,Clean,Monoderm (Keep)
GCF_003150855.1,False,,Clean,Monoderm (Keep)
GCF_003086595.1,False,,Clean,Monoderm (Keep)
GCF_003074055.1,False,,Clean,Monoderm (Keep)
GCF_003096175.1,False,,Clean,Monoderm (Keep)
GCF_003149715.1,False,,Clean,Monoderm (Keep)
GCF_003171815.2,False,,Clean,Monoderm (Keep)
GCF_003148415.1,False,,Clean,Monoderm (Keep)
GCF_003130705.1,False,,Clean,Monoderm (Keep)
GCF_003149795.1,False,,Clean,Monoderm (Keep)
GCF_003097515.1,False,,Clean,Monoderm (Keep)
GCF_003149695.1,False,,Clean,Monoderm (Keep)
GCF_003122365.1,False,,Clean,Monoderm (Keep)
GCF_003147545.1,False,,Clean,Monoderm (Keep)
GCF_003254785.1,False,,Clean,Monoderm (Keep)
GCF_003177075.1,False,,Clean,Monoderm (Keep)
GCF_003184305.1,False,,Clean,Monoderm (Keep)
GCF_003269445.1,False,,Clean,Monoderm (Keep)
GCF_003194005.1,False,,Clean,Monoderm (Keep)
GCF_003285045.1,False,,Clean,Monoderm (Keep)
GCF_003255835.1,False,,Clean,Monoderm (Keep)
GCF_003285065.1,False,,Clean,Monoderm (Keep)
GCF_003193685.1,False,,Clean,Monoderm (Keep)
GCF_003203655.1,False,,Clean,Monoderm (Keep)
GCF_003193665.1,False,,Clean,Monoderm (Keep)
GCF_003185005.1,False,,Clean,Monoderm (Keep)
GCF_003193885.1,False,,Clean,Monoderm (Keep)
GCF_003286955.1,False,,Clean,Monoderm (Keep)
GCF_003203455.1,False,,Clean,Monoderm (Keep)
GCF_003268715.1,False,,Clean,Monoderm (Keep)
GCF_003193965.1,False,,Clean,Monoderm (Keep)
GCF_003186125.1,False,,Clean,Monoderm (Keep)
GCF_003193765.1,False,,Clean,Monoderm (Keep)
GCF_003194025.1,False,,Clean,Monoderm (Keep)
GCF_003193725.1,False,,Clean,Monoderm (Keep)
GCF_003203675.1,False,,Clean,Monoderm (Keep)
GCF_003203635.1,False,,Clean,Monoderm (Keep)
GCF_003193705.1,False,,Clean,Monoderm (Keep)
GCF_003203615.1,False,,Clean,Monoderm (Keep)
GCF_003203595.1,False,,Clean,Monoderm (Keep)
GCF_003184985.1,False,,Clean,Monoderm (Keep)
GCF_003285085.1,False,,Clean,Monoderm (Keep)
GCF_003264795.1,False,,Clean,Monoderm (Keep)
GCF_003194085.1,False,,Clean,Monoderm (Keep)
GCF_003227955.1,False,,Clean,Monoderm (Keep)
GCF_003203475.1,False,,Clean,Monoderm (Keep)
GCF_003184205.1,False,,Clean,Monoderm (Keep)
GCF_003285225.1,False,,Clean,Monoderm (Keep)
GCF_003226675.1,False,,Clean,Monoderm (Keep)
GCF_003288015.1,False,,Clean,Monoderm (Keep)
GCF_003288075.1,False,,Clean,Monoderm (Keep)
GCF_003288035.1,False,,Clean,Monoderm (Keep)
GCF_003173275.1,False,,Clean,Monoderm (Keep)
GCF_003287995.1,False,,Clean,Monoderm (Keep)
GCF_003288055.1,False,,Clean,Monoderm (Keep)
GCF_003186105.1,False,,Clean,Monoderm (Keep)
GCF_003255875.1,False,,Clean,Monoderm (Keep)
GCF_003285245.1,False,,Clean,Monoderm (Keep)
GCF_003269465.1,False,,Clean,Monoderm (Keep)
GCF_003193745.1,False,,Clean,Monoderm (Keep)
GCF_003194405.1,False,,Clean,Monoderm (Keep)
GCF_003288115.1,False,,Clean,Monoderm (Keep)
GCF_003194045.1,False,,Clean,Monoderm (Keep)
GCF_003264775.1,False,,Clean,Monoderm (Keep)
GCF_003193785.1,False,,Clean,Monoderm (Keep)
GCF_003185725.2,False,,Clean,Monoderm (Keep)
GCF_003253775.1,False,,Clean,Monoderm (Keep)
GCF_003199005.1,False,,Clean,Monoderm (Keep)
GCF_003269405.1,False,,Clean,Monoderm (Keep)
GCF_003264815.1,False,,Clean,Monoderm (Keep)
GCF_003209395.1,False,,Clean,Monoderm (Keep)
GCF_003287895.1,False,,Clean,Monoderm (Keep)
GCF_003184245.1,False,,Clean,Monoderm (Keep)
GCF_003184225.1,False,,Clean,Monoderm (Keep)
GCF_003268595.1,False,,Clean,Monoderm (Keep)
GCF_003253815.1,False,,Clean,Monoderm (Keep)
GCF_003287145.1,False,,Clean,Monoderm (Keep)
GCF_003287165.1,False,,Clean,Monoderm (Keep)
GCF_003265265.1,False,,Clean,Monoderm (Keep)
GCF_003287125.1,False,,Clean,Monoderm (Keep)
GCF_003268635.1,False,,Clean,Monoderm (Keep)
GCF_003287185.1,False,,Clean,Monoderm (Keep)
GCF_003265005.1,False,,Clean,Monoderm (Keep)
GCF_003255855.1,False,,Clean,Monoderm (Keep)
GCF_003183825.1,False,,Clean,Monoderm (Keep)
GCF_003258605.2,False,,Clean,Monoderm (Keep)
GCF_003208035.1,False,,Clean,Monoderm (Keep)
GCF_003288095.1,False,,Clean,Monoderm (Keep)
GCF_003261055.1,False,,Clean,Monoderm (Keep)
GCF_003288175.1,False,,Clean,Monoderm (Keep)
GCF_003288135.1,False,,Clean,Monoderm (Keep)
GCF_003288235.1,False,,Clean,Monoderm (Keep)
GCF_003288195.1,False,,Clean,Monoderm (Keep)
GCF_003351365.1,False,,Clean,Monoderm (Keep)
GCF_003339775.1,False,,Clean,Monoderm (Keep)
GCF_003354485.1,False,,Clean,Monoderm (Keep)
GCF_003325735.1,False,,Clean,Monoderm (Keep)
GCF_003312895.1,False,,Clean,Monoderm (Keep)
GCF_003354345.1,False,,Clean,Monoderm (Keep)
GCF_003343305.1,False,,Clean,Monoderm (Keep)
GCF_003354265.1,False,,Clean,Monoderm (Keep)
GCF_003354385.1,False,,Clean,Monoderm (Keep)
GCF_003344865.1,False,,Clean,Monoderm (Keep)
GCF_003315755.1,False,,Clean,Monoderm (Keep)
GCF_003345375.1,False,,Clean,Monoderm (Keep)
GCF_003330965.1,False,,Clean,Monoderm (Keep)
GCF_003351725.1,False,,Clean,Monoderm (Keep)
GCF_003345275.1,False,,Clean,Monoderm (Keep)
GCF_003354425.1,False,,Clean,Monoderm (Keep)
GCF_003346795.1,False,,Clean,Monoderm (Keep)
GCF_003312465.1,False,,Clean,Monoderm (Keep)
GCF_003345315.1,False,,Clean,Monoderm (Keep)
GCF_003316895.1,False,,Clean,Monoderm (Keep)
GCF_003353455.1,False,,Clean,Monoderm (Keep)
GCF_003354525.1,False,,Clean,Monoderm (Keep)
GCF_003354285.1,False,,Clean,Monoderm (Keep)
GCF_003352145.1,False,,Clean,Monoderm (Keep)
GCF_003316955.1,False,,Clean,Monoderm (Keep)
GCF_003330905.1,False,,Clean,Monoderm (Keep)
GCF_003332325.1,False,,Clean,Monoderm (Keep)
GCF_003325955.1,False,,Clean,Monoderm (Keep)
GCF_003351805.1,False,,Clean,Monoderm (Keep)
GCF_003354325.1,False,,Clean,Monoderm (Keep)
GCF_003316915.1,False,,Clean,Monoderm (Keep)
GCF_003325395.1,False,,Clean,Monoderm (Keep)
GCF_003347055.1,False,,Clean,Monoderm (Keep)
GCF_003352995.1,False,,Clean,Monoderm (Keep)
GCF_003345335.1,False,,Clean,Monoderm (Keep)
GCF_003290245.1,False,,Clean,Monoderm (Keep)
GCF_003352225.1,False,,Clean,Monoderm (Keep)
GCF_003288395.1,False,,Clean,Monoderm (Keep)
GCF_003325455.1,False,,Clean,Monoderm (Keep)
GCF_003351945.1,False,,Clean,Monoderm (Keep)
GCF_003352205.1,False,,Clean,Monoderm (Keep)
GCF_003351785.1,False,,Clean,Monoderm (Keep)
GCF_003351705.1,False,,Clean,Monoderm (Keep)
GCF_003319215.1,False,,Clean,Monoderm (Keep)
GCF_003351645.1,False,,Clean,Monoderm (Keep)
GCF_003313565.1,False,,Clean,Monoderm (Keep)
GCF_003354545.1,False,,Clean,Monoderm (Keep)
GCF_003342655.1,False,,Clean,Monoderm (Keep)
GCF_003351525.1,False,,Clean,Monoderm (Keep)
GCF_003350945.1,False,,Clean,Monoderm (Keep)
GCF_003354565.1,False,,Clean,Monoderm (Keep)
GCF_003313545.1,False,,Clean,Monoderm (Keep)
GCF_003330925.1,False,,Clean,Monoderm (Keep)
GCF_003343265.1,False,,Clean,Monoderm (Keep)
GCF_003342775.1,False,,Clean,Monoderm (Keep)
GCF_003343285.1,False,,Clean,Monoderm (Keep)
GCF_003316935.1,False,,Clean,Monoderm (Keep)
GCF_003293635.1,False,,Clean,Monoderm (Keep)
GCF_003351925.1,False,,Clean,Monoderm (Keep)
GCF_003313585.1,False,,Clean,Monoderm (Keep)
GCF_003293655.1,False,,Clean,Monoderm (Keep)
GCF_003352125.1,False,,Clean,Monoderm (Keep)
GCF_003351765.1,False,,Clean,Monoderm (Keep)
GCF_003352005.1,False,,Clean,Monoderm (Keep)
GCF_003342735.1,False,,Clean,Monoderm (Keep)
GCF_003336365.1,False,,Clean,Monoderm (Keep)
GCF_003342755.1,False,,Clean,Monoderm (Keep)
GCF_003339545.1,False,,Clean,Monoderm (Keep)
GCF_003352445.1,False,,Clean,Monoderm (Keep)
GCF_003330845.1,False,,Clean,Monoderm (Keep)
GCF_003268535.2,False,,Clean,Monoderm (Keep)
GCF_003344965.1,False,,Clean,Monoderm (Keep)
GCF_003354605.1,False,,Clean,Monoderm (Keep)
GCF_003354665.1,False,,Clean,Monoderm (Keep)
GCF_003354585.1,False,,Clean,Monoderm (Keep)
GCF_003354625.1,False,,Clean,Monoderm (Keep)
GCF_003354645.1,False,,Clean,Monoderm (Keep)
GCF_003354725.1,False,,Clean,Monoderm (Keep)
GCF_003354685.1,False,,Clean,Monoderm (Keep)
GCF_003354745.1,False,,Clean,Monoderm (Keep)
GCF_003354705.1,False,,Clean,Monoderm (Keep)
GCF_003354805.1,False,,Clean,Monoderm (Keep)
GCF_003354785.1,False,,Clean,Monoderm (Keep)
GCF_003354765.1,False,,Clean,Monoderm (Keep)
GCF_003312875.1,False,,Clean,Monoderm (Keep)
GCF_003383595.3,False,,Clean,Monoderm (Keep)
GCF_003363775.1,False,,Clean,Monoderm (Keep)
GCF_003330865.1,False,,Clean,Monoderm (Keep)
GCF_003344445.1,False,,Clean,Monoderm (Keep)
GCF_003354885.1,False,,Clean,Monoderm (Keep)
GCF_003394085.1,False,,Clean,Monoderm (Keep)
GCF_003429405.1,False,,Clean,Monoderm (Keep)
GCF_003425915.1,False,,Clean,Monoderm (Keep)
GCF_003354865.1,False,,Clean,Monoderm (Keep)
GCF_003425885.1,False,,Clean,Monoderm (Keep)
GCF_003410375.1,False,,Clean,Monoderm (Keep)
GCF_003425835.1,False,,Clean,Monoderm (Keep)
GCF_003433375.1,False,,Clean,Monoderm (Keep)
GCF_003391095.1,False,,Clean,Monoderm (Keep)
GCF_003425545.1,False,,Clean,Monoderm (Keep)
GCF_003432345.1,False,,Clean,Monoderm (Keep)
GCF_003408535.1,False,,Clean,Monoderm (Keep)
GCF_003354925.1,False,,Clean,Monoderm (Keep)
GCF_003367415.1,False,,Clean,Monoderm (Keep)
GCF_003390735.1,False,,Clean,Monoderm (Keep)
GCF_003443395.1,False,,Clean,Monoderm (Keep)
GCF_003429385.1,False,,Clean,Monoderm (Keep)
GCF_003410355.1,False,,Clean,Monoderm (Keep)
GCF_003402855.1,False,,Clean,Monoderm (Keep)
GCF_003428395.1,False,,Clean,Monoderm (Keep)
GCF_003454775.1,False,,Clean,Monoderm (Keep)
GCF_003390755.1,False,,Clean,Monoderm (Keep)
GCF_003428375.1,False,,Clean,Monoderm (Keep)
GCF_003354825.1,False,,Clean,Monoderm (Keep)
GCF_003390475.1,False,,Clean,Monoderm (Keep)
GCF_003403315.2,False,,Clean,Monoderm (Keep)
GCF_003433395.1,False,,Clean,Monoderm (Keep)
GCF_003431365.1,False,,Clean,Monoderm (Keep)
GCF_003390995.1,False,,Clean,Monoderm (Keep)
GCF_003403115.1,False,,Clean,Monoderm (Keep)
GCF_003433415.1,False,,Clean,Monoderm (Keep)
GCF_003394105.1,False,,Clean,Monoderm (Keep)
GCF_003409075.1,False,,Clean,Monoderm (Keep)
GCF_003354985.1,False,,Clean,Monoderm (Keep)
GCF_003355475.1,False,,Clean,Monoderm (Keep)
GCF_003432365.1,False,,Clean,Monoderm (Keep)
GCF_003428355.1,False,,Clean,Monoderm (Keep)
GCF_003443875.1,False,,Clean,Monoderm (Keep)
GCF_003481905.1,False,,Clean,Monoderm (Keep)
GCF_003367705.1,False,,Clean,Monoderm (Keep)
GCF_003456975.1,False,,Clean,Monoderm (Keep)
GCF_003457035.1,False,,Clean,Monoderm (Keep)
GCF_003426145.1,False,,Clean,Monoderm (Keep)
GCF_003431975.1,False,,Clean,Monoderm (Keep)
GCF_003457015.1,False,,Clean,Monoderm (Keep)
GCF_003390495.1,False,,Clean,Monoderm (Keep)
GCF_003410415.1,False,,Clean,Monoderm (Keep)
GCF_003390415.1,False,,Clean,Monoderm (Keep)
GCF_003432425.1,False,,Clean,Monoderm (Keep)
GCF_003431885.1,False,,Clean,Monoderm (Keep)
GCF_003410255.1,False,,Clean,Monoderm (Keep)
GCF_003367335.1,False,,Clean,Monoderm (Keep)
GCF_003408515.1,False,,Clean,Monoderm (Keep)
GCF_003391415.1,False,,Clean,Monoderm (Keep)
GCF_003391395.1,False,,Clean,Monoderm (Keep)
GCF_003369795.1,False,,Clean,Monoderm (Keep)
GCF_003428925.1,False,,Clean,Monoderm (Keep)
GCF_003445395.2,False,,Clean,Monoderm (Keep)
GCF_003454755.1,False,,Clean,Monoderm (Keep)
GCF_003481965.1,False,,Clean,Monoderm (Keep)
GCF_003443735.1,False,,Clean,Monoderm (Keep)
GCF_003482255.1,False,,Clean,Monoderm (Keep)
GCF_003482305.1,False,,Clean,Monoderm (Keep)
GCF_003482035.1,False,,Clean,Monoderm (Keep)
GCF_003391135.1,False,,Clean,Monoderm (Keep)
GCF_003482225.1,False,,Clean,Monoderm (Keep)
GCF_003482065.1,False,,Clean,Monoderm (Keep)
GCF_003482125.1,False,,Clean,Monoderm (Keep)
GCF_003482165.1,False,,Clean,Monoderm (Keep)
GCF_003490125.1,False,,Clean,Monoderm (Keep)
GCF_003491325.1,False,,Clean,Monoderm (Keep)
GCF_003586085.1,False,,Clean,Monoderm (Keep)
GCF_003490105.1,False,,Clean,Monoderm (Keep)
GCF_003482365.1,False,,Clean,Monoderm (Keep)
GCF_003482345.1,False,,Clean,Monoderm (Keep)
GCF_003482325.1,False,,Clean,Monoderm (Keep)
GCF_003609735.1,False,,Clean,Monoderm (Keep)
GCF_003595385.1,False,,Clean,Monoderm (Keep)
GCF_003595505.1,False,,Clean,Monoderm (Keep)
GCF_003595445.1,False,,Clean,Monoderm (Keep)
GCF_003597615.1,False,,Clean,Monoderm (Keep)
GCF_003595525.1,False,,Clean,Monoderm (Keep)
GCF_003595405.1,False,,Clean,Monoderm (Keep)
GCF_003595425.1,False,,Clean,Monoderm (Keep)
GCF_003589725.1,False,,Clean,Monoderm (Keep)
GCF_003573835.1,False,,Clean,Monoderm (Keep)
GCF_003597635.1,False,,Clean,Monoderm (Keep)
GCF_003595465.1,False,,Clean,Monoderm (Keep)
GCF_003595365.1,False,,Clean,Monoderm (Keep)
GCF_003597655.1,False,,Clean,Monoderm (Keep)
GCF_003597595.1,False,,Clean,Monoderm (Keep)
GCF_003568865.1,False,,Clean,Monoderm (Keep)
GCF_003586485.1,False,,Clean,Monoderm (Keep)
GCF_003574925.1,False,,Clean,Monoderm (Keep)
GCF_003595485.1,False,,Clean,Monoderm (Keep)
GCF_003546665.1,False,,Clean,Monoderm (Keep)
GCF_003589905.1,False,,Clean,Monoderm (Keep)
GCF_003595605.1,False,,Clean,Monoderm (Keep)
GCF_003571725.1,False,,Clean,Monoderm (Keep)
GCF_003606265.1,False,,Clean,Monoderm (Keep)
GCF_003574835.2,False,,Clean,Monoderm (Keep)
GCF_003595625.1,False,,Clean,Monoderm (Keep)
GCF_003586525.1,False,,Clean,Monoderm (Keep)
GCF_003590075.1,False,,Clean,Monoderm (Keep)
GCF_003568625.1,False,,Clean,Monoderm (Keep)
GCF_003590055.1,False,,Clean,Monoderm (Keep)
GCF_003522965.1,False,,Clean,Monoderm (Keep)
GCF_003584685.1,False,,Clean,Monoderm (Keep)
GCF_003606365.2,False,,Clean,Monoderm (Keep)
GCF_003606305.1,False,,Clean,Monoderm (Keep)
GCF_003589945.1,False,,Clean,Monoderm (Keep)
GCF_003573895.1,False,,Clean,Monoderm (Keep)
GCF_003568565.1,False,,Clean,Monoderm (Keep)
GCF_003595345.1,False,,Clean,Monoderm (Keep)
GCF_003546865.1,False,,Clean,Monoderm (Keep)
GCF_003595195.1,False,,Clean,Monoderm (Keep)
GCF_003600355.1,False,,Clean,Monoderm (Keep)
GCF_003589745.1,False,,Clean,Monoderm (Keep)
GCF_003596365.3,False,,Clean,Monoderm (Keep)
GCF_003573855.1,False,,Clean,Monoderm (Keep)
GCF_003584725.1,False,,Clean,Monoderm (Keep)
GCF_003534205.1,False,,Clean,Monoderm (Keep)
GCF_003555525.1,False,,Clean,Monoderm (Keep)
GCF_003571425.1,False,,Clean,Monoderm (Keep)
GCF_003546955.1,False,,Clean,Monoderm (Keep)
GCF_003573875.1,False,,Clean,Monoderm (Keep)
GCF_003586445.1,False,,Clean,Monoderm (Keep)
GCF_003586385.1,False,,Clean,Monoderm (Keep)
GCF_003589885.1,False,,Clean,Monoderm (Keep)
GCF_003515645.1,False,,Clean,Monoderm (Keep)
GCF_003584745.1,False,,Clean,Monoderm (Keep)
GCF_003609855.1,False,,Clean,Monoderm (Keep)
GCF_003595235.1,False,,Clean,Monoderm (Keep)
GCF_003516205.1,False,,Clean,Monoderm (Keep)
GCF_003606405.1,False,,Clean,Monoderm (Keep)
GCF_003573485.1,False,,Clean,Monoderm (Keep)
GCF_003609715.1,False,,Clean,Monoderm (Keep)
GCF_003640545.1,False,,Clean,Monoderm (Keep)
GCF_003627315.1,False,,Clean,Monoderm (Keep)
GCF_003627875.1,False,,Clean,Monoderm (Keep)
GCF_003663725.1,False,,Clean,Monoderm (Keep)
GCF_003611015.1,False,,Clean,Monoderm (Keep)
GCF_003665295.1,False,,Clean,Monoderm (Keep)
GCF_003627335.1,False,,Clean,Monoderm (Keep)
GCF_003667745.1,False,,Clean,Monoderm (Keep)
GCF_003627235.1,False,,Clean,Monoderm (Keep)
GCF_003691405.1,False,,Clean,Monoderm (Keep)
GCF_003641145.1,False,,Clean,Monoderm (Keep)
GCF_003614235.1,False,,Clean,Monoderm (Keep)
GCF_003627095.1,False,,Clean,Monoderm (Keep)
GCF_003667785.1,False,,Clean,Monoderm (Keep)
GCF_003641165.1,False,,Clean,Monoderm (Keep)
GCF_003627395.2,False,,Clean,Monoderm (Keep)
GCF_003641185.1,False,,Clean,Monoderm (Keep)
GCF_003627355.1,False,,Clean,Monoderm (Keep)
GCF_003665315.1,False,,Clean,Monoderm (Keep)
GCF_003665355.1,False,,Clean,Monoderm (Keep)
GCF_003627255.1,False,,Clean,Monoderm (Keep)
GCF_003688615.2,False,,Clean,Monoderm (Keep)
GCF_003665235.1,False,,Clean,Monoderm (Keep)
GCF_003627375.1,False,,Clean,Monoderm (Keep)
GCF_003665275.1,False,,Clean,Monoderm (Keep)
GCF_003667965.1,False,,Clean,Monoderm (Keep)
GCF_003641225.1,False,,Clean,Monoderm (Keep)
GCF_003627295.1,False,,Clean,Monoderm (Keep)
GCF_003627035.1,False,,Clean,Monoderm (Keep)
GCF_003665215.1,False,,Clean,Monoderm (Keep)
GCF_003687415.1,False,,Clean,Monoderm (Keep)
GCF_003665395.1,False,,Clean,Monoderm (Keep)
GCF_003665335.1,False,,Clean,Monoderm (Keep)
GCF_003667805.1,False,,Clean,Monoderm (Keep)
GCF_003626955.1,False,,Clean,Monoderm (Keep)
GCF_003614435.1,False,,Clean,Monoderm (Keep)
GCF_003671995.1,False,,Clean,Monoderm (Keep)
GCF_003627055.1,False,,Clean,Monoderm (Keep)
GCF_003627155.1,False,,Clean,Monoderm (Keep)
GCF_003609975.1,False,,Clean,Monoderm (Keep)
GCF_003609935.1,False,,Clean,Monoderm (Keep)
GCF_003609955.1,False,,Clean,Monoderm (Keep)
GCF_003691675.1,False,,Clean,Monoderm (Keep)
GCF_003640605.1,False,,Clean,Monoderm (Keep)
GCF_003627135.1,False,,Clean,Monoderm (Keep)
GCF_003610975.1,False,,Clean,Monoderm (Keep)
GCF_003609915.1,False,,Clean,Monoderm (Keep)
GCF_003627075.1,False,,Clean,Monoderm (Keep)
GCF_003667765.1,False,,Clean,Monoderm (Keep)
GCF_003612835.1,False,,Clean,Monoderm (Keep)
GCF_003627735.1,False,,Clean,Monoderm (Keep)
GCF_003641245.1,False,,Clean,Monoderm (Keep)
GCF_003627835.1,False,,Clean,Monoderm (Keep)
GCF_003609895.1,False,,Clean,Monoderm (Keep)
GCF_003628755.1,False,,Clean,Monoderm (Keep)
GCF_003595545.1,False,,Clean,Monoderm (Keep)
GCF_003612855.1,False,,Clean,Monoderm (Keep)
GCF_003667845.1,False,,Clean,Monoderm (Keep)
GCF_003611035.1,False,,Clean,Monoderm (Keep)
GCF_003667885.1,False,,Clean,Monoderm (Keep)
GCF_003612755.1,False,,Clean,Monoderm (Keep)
GCF_003665255.1,False,,Clean,Monoderm (Keep)
GCF_003610955.1,False,,Clean,Monoderm (Keep)
GCF_003640565.1,False,,Clean,Monoderm (Keep)
GCF_003665195.1,False,,Clean,Monoderm (Keep)
GCF_003667825.1,False,,Clean,Monoderm (Keep)
GCF_003612955.1,False,,Clean,Monoderm (Keep)
GCF_003641205.1,False,,Clean,Monoderm (Keep)
GCF_003610995.1,False,,Clean,Monoderm (Keep)
GCF_003663745.1,False,,Clean,Monoderm (Keep)
GCF_003612775.1,False,,Clean,Monoderm (Keep)
GCF_003627815.1,False,,Clean,Monoderm (Keep)
GCF_003665435.1,False,,Clean,Monoderm (Keep)
GCF_003698205.1,False,,Clean,Monoderm (Keep)
GCF_003675325.1,False,,Clean,Monoderm (Keep)
GCF_003692595.1,False,,Clean,Monoderm (Keep)
GCF_003697205.1,False,,Clean,Monoderm (Keep)
GCF_003697225.1,False,,Clean,Monoderm (Keep)
GCF_003697245.1,False,,Clean,Monoderm (Keep)
GCF_003675345.1,False,,Clean,Monoderm (Keep)
GCF_003856495.1,False,,Clean,Monoderm (Keep)
GCF_003855655.1,False,,Clean,Monoderm (Keep)
GCF_003795125.1,False,,Clean,Monoderm (Keep)
GCF_003812725.1,False,,Clean,Monoderm (Keep)
GCF_003855455.1,False,,Clean,Monoderm (Keep)
GCF_003856455.1,False,,Clean,Monoderm (Keep)
GCF_003813165.1,False,,Clean,Monoderm (Keep)
GCF_003856395.1,False,,Clean,Monoderm (Keep)
GCF_003814005.1,False,,Clean,Monoderm (Keep)
GCF_003812425.1,False,,Clean,Monoderm (Keep)
GCF_003812505.1,False,,Clean,Monoderm (Keep)
GCF_003812305.1,False,,Clean,Monoderm (Keep)
GCF_003795105.1,False,,Clean,Monoderm (Keep)
GCF_003721155.3,False,,Clean,Monoderm (Keep)
GCF_003795145.1,False,,Clean,Monoderm (Keep)
GCF_003813125.1,False,,Clean,Monoderm (Keep)
GCF_003812765.1,False,,Clean,Monoderm (Keep)
GCF_003812805.1,False,,Clean,Monoderm (Keep)
GCF_003814365.1,False,,Clean,Monoderm (Keep)
GCF_003813065.1,False,,Clean,Monoderm (Keep)
GCF_003812645.1,False,,Clean,Monoderm (Keep)
GCF_003722215.1,False,,Clean,Monoderm (Keep)
GCF_003812685.1,False,,Clean,Monoderm (Keep)
GCF_003722255.1,False,,Clean,Monoderm (Keep)
GCF_003860425.1,False,,Clean,Monoderm (Keep)
GCF_003812785.1,False,,Clean,Monoderm (Keep)
GCF_003795065.1,False,,Clean,Monoderm (Keep)
GCF_003813965.1,False,,Clean,Monoderm (Keep)
GCF_003856735.1,False,,Clean,Monoderm (Keep)
GCF_003856815.1,False,,Clean,Monoderm (Keep)
GCF_003814385.1,False,,Clean,Monoderm (Keep)
GCF_003812465.1,False,,Clean,Monoderm (Keep)
GCF_003718715.1,False,,Clean,Monoderm (Keep)
GCF_003798465.1,False,,Clean,Monoderm (Keep)
GCF_003813985.1,False,,Clean,Monoderm (Keep)
GCF_003812565.1,False,,Clean,Monoderm (Keep)
GCF_003827915.1,False,,Clean,Monoderm (Keep)
GCF_003722275.1,False,,Clean,Monoderm (Keep)
GCF_003718735.1,False,,Clean,Monoderm (Keep)
GCF_003860285.1,False,,Clean,Monoderm (Keep)
GCF_003812445.1,False,,Clean,Monoderm (Keep)
GCF_003855575.1,False,,Clean,Monoderm (Keep)
GCF_003812665.1,False,,Clean,Monoderm (Keep)
GCF_003812545.1,False,,Clean,Monoderm (Keep)
GCF_003722375.1,False,,Clean,Monoderm (Keep)
GCF_003850245.1,False,,Clean,Monoderm (Keep)
GCF_003860405.1,False,,Clean,Monoderm (Keep)
GCF_003856975.1,False,,Clean,Monoderm (Keep)
GCF_003798325.1,False,,Clean,Monoderm (Keep)
GCF_003710105.1,False,,Clean,Monoderm (Keep)
GCF_003710085.1,False,,Clean,Monoderm (Keep)
GCF_003711125.1,False,,Clean,Monoderm (Keep)
GCF_003856715.1,False,,Clean,Monoderm (Keep)
GCF_003713065.1,False,,Clean,Monoderm (Keep)
GCF_003855275.1,False,,Clean,Monoderm (Keep)
GCF_003721475.1,False,,Clean,Monoderm (Keep)
GCF_003711025.1,False,,Clean,Monoderm (Keep)
GCF_003726115.1,False,,Clean,Monoderm (Keep)
GCF_003713025.1,False,,Clean,Monoderm (Keep)
GCF_003713045.1,False,,Clean,Monoderm (Keep)
GCF_003726095.1,False,,Clean,Monoderm (Keep)
GCF_003816035.1,False,,Clean,Monoderm (Keep)
GCF_003815815.1,False,,Clean,Monoderm (Keep)
GCF_003812125.1,False,,Clean,Monoderm (Keep)
GCF_003815795.1,False,,Clean,Monoderm (Keep)
GCF_003868675.1,False,,Clean,Monoderm (Keep)
GCF_003855095.1,False,,Clean,Monoderm (Keep)
GCF_003854915.1,False,,Clean,Monoderm (Keep)
GCF_003900515.1,False,,Clean,Monoderm (Keep)
GCF_003860445.1,False,,Clean,Monoderm (Keep)
GCF_003856555.1,False,,Clean,Monoderm (Keep)
GCF_003711105.1,False,,Clean,Monoderm (Keep)
GCF_003721495.1,False,,Clean,Monoderm (Keep)
GCF_003925935.1,False,,Clean,Monoderm (Keep)
GCF_003925875.1,False,,Clean,Monoderm (Keep)
GCF_003860625.1,False,,Clean,Monoderm (Keep)
GCF_003925975.1,False,,Clean,Monoderm (Keep)
GCF_003925955.1,False,,Clean,Monoderm (Keep)
GCF_003953005.1,False,,Clean,Monoderm (Keep)
GCF_003967235.1,False,,Clean,Monoderm (Keep)
GCF_003967215.1,False,,Clean,Monoderm (Keep)
GCF_003931795.1,False,,Clean,Monoderm (Keep)
GCF_003971465.1,False,,Clean,Monoderm (Keep)
GCF_003971545.1,False,,Clean,Monoderm (Keep)
GCF_003939065.1,False,,Clean,Monoderm (Keep)
GCF_003952845.1,False,,Clean,Monoderm (Keep)
GCF_003932015.1,False,,Clean,Monoderm (Keep)
GCF_003971445.1,False,,Clean,Monoderm (Keep)
GCF_003971485.1,False,,Clean,Monoderm (Keep)
GCF_003944865.1,False,,Clean,Monoderm (Keep)
GCF_003945425.1,False,,Clean,Monoderm (Keep)
GCF_003945405.1,False,,Clean,Monoderm (Keep)
GCF_003945325.1,False,,Clean,Monoderm (Keep)
GCF_003932965.1,False,,Clean,Monoderm (Keep)
GCF_003931875.1,False,,Clean,Monoderm (Keep)
GCF_003932995.1,False,,Clean,Monoderm (Keep)
GCF_003931855.1,False,,Clean,Monoderm (Keep)
GCF_003956025.1,False,,Clean,Monoderm (Keep)
GCF_003955865.1,False,,Clean,Monoderm (Keep)
GCF_003952885.1,False,,Clean,Monoderm (Keep)
GCF_003967115.1,False,,Clean,Monoderm (Keep)
GCF_003966385.1,False,,Clean,Monoderm (Keep)
GCF_003957435.1,False,,Clean,Monoderm (Keep)
GCF_003957415.1,False,,Clean,Monoderm (Keep)
GCF_003956005.1,False,,Clean,Monoderm (Keep)
GCF_003966835.1,False,,Clean,Monoderm (Keep)
GCF_003963515.1,False,,Clean,Monoderm (Keep)
GCF_003966935.1,False,,Clean,Monoderm (Keep)
GCF_003957375.1,False,,Clean,Monoderm (Keep)
GCF_003966405.1,False,,Clean,Monoderm (Keep)
GCF_003966855.1,False,,Clean,Monoderm (Keep)
GCF_003957785.1,False,,Clean,Monoderm (Keep)
GCF_003967155.2,False,,Clean,Monoderm (Keep)
GCF_003966955.1,False,,Clean,Monoderm (Keep)
GCF_003952825.1,False,,Clean,Monoderm (Keep)
GCF_003966485.1,False,,Clean,Monoderm (Keep)
GCF_003963555.1,False,,Clean,Monoderm (Keep)
GCF_003966505.1,False,,Clean,Monoderm (Keep)
GCF_003966525.1,False,,Clean,Monoderm (Keep)
GCF_003971195.1,False,,Clean,Monoderm (Keep)
GCF_003955905.1,False,,Clean,Monoderm (Keep)
GCF_003966605.1,False,,Clean,Monoderm (Keep)
GCF_003955945.1,False,,Clean,Monoderm (Keep)
GCF_003957355.1,False,,Clean,Monoderm (Keep)
GCF_003966585.1,False,,Clean,Monoderm (Keep)
GCF_003955885.1,False,,Clean,Monoderm (Keep)
GCF_003945385.1,False,,Clean,Monoderm (Keep)
GCF_003955755.1,False,,Clean,Monoderm (Keep)
GCF_003952625.1,False,,Clean,Monoderm (Keep)
GCF_003966545.1,False,,Clean,Monoderm (Keep)
GCF_003952265.1,False,,Clean,Monoderm (Keep)
GCF_003957315.1,False,,Clean,Monoderm (Keep)
GCF_003966625.1,False,,Clean,Monoderm (Keep)
GCF_003966975.1,False,,Clean,Monoderm (Keep)
GCF_003956085.1,False,,Clean,Monoderm (Keep)
GCF_003932935.1,False,,Clean,Monoderm (Keep)
GCF_003952225.1,False,,Clean,Monoderm (Keep)
GCF_003945345.1,False,,Clean,Monoderm (Keep)
GCF_003971565.1,False,,Clean,Monoderm (Keep)
GCF_003991015.1,False,,Clean,Monoderm (Keep)
GCF_003932715.1,False,,Clean,Monoderm (Keep)
GCF_003945525.1,False,,Clean,Monoderm (Keep)
GCF_003950035.1,False,,Clean,Monoderm (Keep)
GCF_003957335.1,False,,Clean,Monoderm (Keep)
GCF_003945545.1,False,,Clean,Monoderm (Keep)
GCF_003950055.1,False,,Clean,Monoderm (Keep)
GCF_003945505.1,False,,Clean,Monoderm (Keep)
GCF_003970715.1,False,,Clean,Monoderm (Keep)
GCF_003991135.1,True,3.7e-53,BBF96_RS11695,Diderm (Exclude)
GCF_003990395.1,False,,Clean,Monoderm (Keep)
GCF_003955715.1,False,,Clean,Monoderm (Keep)
GCF_003963535.1,False,,Clean,Monoderm (Keep)
GCF_003999355.1,False,,Clean,Monoderm (Keep)
GCF_004001205.1,False,,Clean,Monoderm (Keep)
GCF_003999605.1,False,,Clean,Monoderm (Keep)
GCF_003999335.1,False,,Clean,Monoderm (Keep)
GCF_003991175.1,False,,Clean,Monoderm (Keep)
GCF_003994915.1,False,,Clean,Monoderm (Keep)
GCF_004001305.1,False,,Clean,Monoderm (Keep)
GCF_003999665.1,False,,Clean,Monoderm (Keep)
GCF_003999255.1,False,,Clean,Monoderm (Keep)
GCF_004006235.1,False,,Clean,Monoderm (Keep)
GCF_003991875.1,False,,Clean,Monoderm (Keep)
GCF_003991855.1,False,,Clean,Monoderm (Keep)
GCF_003999315.1,False,,Clean,Monoderm (Keep)
GCF_003999295.1,False,,Clean,Monoderm (Keep)
GCF_003991425.1,False,,Clean,Monoderm (Keep)
GCF_004026165.1,False,,Clean,Monoderm (Keep)
GCF_004101385.1,False,,Clean,Monoderm (Keep)
GCF_004101325.1,False,,Clean,Monoderm (Keep)
GCF_004087995.1,False,,Clean,Monoderm (Keep)
GCF_004028315.1,False,,Clean,Monoderm (Keep)
GCF_004026185.1,False,,Clean,Monoderm (Keep)
GCF_004028295.1,False,,Clean,Monoderm (Keep)
GCF_004015145.1,False,,Clean,Monoderm (Keep)
GCF_004028335.1,False,,Clean,Monoderm (Keep)
GCF_004010875.1,False,,Clean,Monoderm (Keep)
GCF_004010855.1,False,,Clean,Monoderm (Keep)
GCF_004011315.1,False,,Clean,Monoderm (Keep)
GCF_004010975.1,False,,Clean,Monoderm (Keep)
GCF_004028355.1,False,,Clean,Monoderm (Keep)
GCF_004063635.1,False,,Clean,Monoderm (Keep)
GCF_004063515.1,False,,Clean,Monoderm (Keep)
GCF_004088235.1,False,,Clean,Monoderm (Keep)
GCF_004011055.1,False,,Clean,Monoderm (Keep)
GCF_004011075.1,False,,Clean,Monoderm (Keep)
GCF_004028235.1,False,,Clean,Monoderm (Keep)
GCF_004015165.1,False,,Clean,Monoderm (Keep)
GCF_004011095.1,False,,Clean,Monoderm (Keep)
GCF_004014985.1,False,,Clean,Monoderm (Keep)
GCF_004011115.1,False,,Clean,Monoderm (Keep)
GCF_004010955.1,False,,Clean,Monoderm (Keep)
GCF_004011135.1,False,,Clean,Monoderm (Keep)
GCF_004006015.1,False,,Clean,Monoderm (Keep)
GCF_004014875.1,False,,Clean,Monoderm (Keep)
GCF_004000565.1,False,,Clean,Monoderm (Keep)
GCF_004006455.1,False,,Clean,Monoderm (Keep)
GCF_004006395.2,False,,Clean,Monoderm (Keep)
GCF_004101485.1,False,,Clean,Monoderm (Keep)
GCF_004006435.1,False,,Clean,Monoderm (Keep)
GCF_004006115.1,False,,Clean,Monoderm (Keep)
GCF_004101345.1,False,,Clean,Monoderm (Keep)
GCF_004006295.1,False,,Clean,Monoderm (Keep)
GCF_003999735.1,False,,Clean,Monoderm (Keep)
GCF_004101365.1,False,,Clean,Monoderm (Keep)
GCF_004101445.1,False,,Clean,Monoderm (Keep)
GCF_003994395.1,False,,Clean,Monoderm (Keep)
GCF_004006475.1,False,,Clean,Monoderm (Keep)
GCF_004101405.1,False,,Clean,Monoderm (Keep)
GCF_004006495.1,False,,Clean,Monoderm (Keep)
GCF_004101425.1,False,,Clean,Monoderm (Keep)
GCF_004015185.1,False,,Clean,Monoderm (Keep)
GCF_004028015.1,False,,Clean,Monoderm (Keep)
GCF_004011905.1,False,,Clean,Monoderm (Keep)
GCF_004027995.1,False,,Clean,Monoderm (Keep)
GCF_003994375.1,False,,Clean,Monoderm (Keep)
GCF_004001265.1,False,,Clean,Monoderm (Keep)
GCF_004101465.1,False,,Clean,Monoderm (Keep)
GCF_004101505.1,False,,Clean,Monoderm (Keep)
GCF_004101525.1,False,,Clean,Monoderm (Keep)
GCF_004101605.1,False,,Clean,Monoderm (Keep)
GCF_004101625.1,False,,Clean,Monoderm (Keep)
GCF_004101545.1,False,,Clean,Monoderm (Keep)
GCF_004101645.1,False,,Clean,Monoderm (Keep)
GCF_004101845.1,False,,Clean,Monoderm (Keep)
GCF_004101585.1,False,,Clean,Monoderm (Keep)
GCF_004101565.1,False,,Clean,Monoderm (Keep)
GCF_004101785.1,False,,Clean,Monoderm (Keep)
GCF_004101665.1,False,,Clean,Monoderm (Keep)
GCF_004124015.1,False,,Clean,Monoderm (Keep)
GCF_004119635.1,False,,Clean,Monoderm (Keep)
GCF_004118995.1,False,,Clean,Monoderm (Keep)
GCF_004135345.1,False,,Clean,Monoderm (Keep)
GCF_004119835.1,False,,Clean,Monoderm (Keep)
GCF_004123995.1,False,,Clean,Monoderm (Keep)
GCF_004119675.1,False,,Clean,Monoderm (Keep)
GCF_004124135.1,False,,Clean,Monoderm (Keep)
GCF_004124075.1,False,,Clean,Monoderm (Keep)
GCF_004102605.1,False,,Clean,Monoderm (Keep)
GCF_004114735.1,False,,Clean,Monoderm (Keep)
GCF_004103675.1,False,,Clean,Monoderm (Keep)
GCF_004103535.1,False,,Clean,Monoderm (Keep)
GCF_004103515.1,False,,Clean,Monoderm (Keep)
GCF_004114755.1,False,,Clean,Monoderm (Keep)
GCF_004117015.1,False,,Clean,Monoderm (Keep)
GCF_004103655.1,False,,Clean,Monoderm (Keep)
GCF_004103575.1,False,,Clean,Monoderm (Keep)
GCF_004101865.1,False,,Clean,Monoderm (Keep)
GCF_004102585.1,False,,Clean,Monoderm (Keep)
GCF_004103475.1,False,,Clean,Monoderm (Keep)
GCF_004135085.1,False,,Clean,Monoderm (Keep)
GCF_004119535.1,False,,Clean,Monoderm (Keep)
GCF_004102045.2,False,,Clean,Monoderm (Keep)
GCF_004103735.1,False,,Clean,Monoderm (Keep)
GCF_004103635.1,False,,Clean,Monoderm (Keep)
GCF_004135385.1,False,,Clean,Monoderm (Keep)
GCF_004135365.1,False,,Clean,Monoderm (Keep)
GCF_004118935.1,False,,Clean,Monoderm (Keep)
GCF_004103495.1,False,,Clean,Monoderm (Keep)
GCF_004135405.1,False,,Clean,Monoderm (Keep)
GCF_004114895.1,False,,Clean,Monoderm (Keep)
GCF_004124115.1,False,,Clean,Monoderm (Keep)
GCF_004114715.1,False,,Clean,Monoderm (Keep)
GCF_004119575.1,False,,Clean,Monoderm (Keep)
GCF_004103715.1,False,,Clean,Monoderm (Keep)
GCF_004103755.1,False,,Clean,Monoderm (Keep)
GCF_004119695.1,False,,Clean,Monoderm (Keep)
GCF_004119595.1,False,,Clean,Monoderm (Keep)
GCF_004119815.1,False,,Clean,Monoderm (Keep)
GCF_004119875.1,False,,Clean,Monoderm (Keep)
GCF_004102025.1,False,,Clean,Monoderm (Keep)
GCF_004119615.1,False,,Clean,Monoderm (Keep)
GCF_004103695.1,False,,Clean,Monoderm (Keep)
GCF_004119655.1,False,,Clean,Monoderm (Keep)
GCF_004135285.1,False,,Clean,Monoderm (Keep)
GCF_004119755.1,False,,Clean,Monoderm (Keep)
GCF_004119555.1,False,,Clean,Monoderm (Keep)
GCF_004101945.1,False,,Clean,Monoderm (Keep)
GCF_004103875.1,False,,Clean,Monoderm (Keep)
GCF_004101825.1,False,,Clean,Monoderm (Keep)
GCF_004103555.1,False,,Clean,Monoderm (Keep)
GCF_004124315.2,False,,Clean,Monoderm (Keep)
GCF_004116955.1,False,,Clean,Monoderm (Keep)
GCF_004103595.1,False,,Clean,Monoderm (Keep)
GCF_004101805.1,False,,Clean,Monoderm (Keep)
GCF_004101885.1,False,,Clean,Monoderm (Keep)
GCF_004103615.1,False,,Clean,Monoderm (Keep)
GCF_004135875.1,False,,Clean,Monoderm (Keep)
GCF_004119855.1,False,,Clean,Monoderm (Keep)
GCF_004119735.1,False,,Clean,Monoderm (Keep)
GCF_004117055.1,False,,Clean,Monoderm (Keep)
GCF_004117095.1,False,,Clean,Monoderm (Keep)
GCF_004104505.1,False,,Clean,Monoderm (Keep)
GCF_004119795.1,False,,Clean,Monoderm (Keep)
GCF_004119715.1,False,,Clean,Monoderm (Keep)
GCF_004119775.1,False,,Clean,Monoderm (Keep)
GCF_004135895.1,False,,Clean,Monoderm (Keep)
GCF_004136195.1,False,,Clean,Monoderm (Keep)
GCF_004141835.1,False,,Clean,Monoderm (Keep)
GCF_004142705.1,False,,Clean,Monoderm (Keep)
GCF_004141755.1,False,,Clean,Monoderm (Keep)
GCF_004141895.1,False,,Clean,Monoderm (Keep)
GCF_004141875.1,False,,Clean,Monoderm (Keep)
GCF_004136235.1,False,,Clean,Monoderm (Keep)
GCF_004136655.1,False,,Clean,Monoderm (Keep)
GCF_004136215.1,False,,Clean,Monoderm (Keep)
GCF_004136255.1,False,,Clean,Monoderm (Keep)
GCF_004153365.1,False,,Clean,Monoderm (Keep)
GCF_004104485.1,False,,Clean,Monoderm (Keep)
GCF_004214875.1,False,,Clean,Monoderm (Keep)
GCF_004194375.1,False,,Clean,Monoderm (Keep)
GCF_004208595.1,False,,Clean,Monoderm (Keep)
GCF_004216495.1,False,,Clean,Monoderm (Keep)
GCF_004154045.1,False,,Clean,Monoderm (Keep)
GCF_004154365.1,False,,Clean,Monoderm (Keep)
GCF_004154285.1,False,,Clean,Monoderm (Keep)
GCF_004154105.1,False,,Clean,Monoderm (Keep)
GCF_004153985.1,False,,Clean,Monoderm (Keep)
GCF_004154385.1,False,,Clean,Monoderm (Keep)
GCF_004154305.1,False,,Clean,Monoderm (Keep)
GCF_004154345.1,False,,Clean,Monoderm (Keep)
GCF_004154165.1,False,,Clean,Monoderm (Keep)
GCF_004154405.1,False,,Clean,Monoderm (Keep)
GCF_004154085.1,False,,Clean,Monoderm (Keep)
GCF_004208615.1,False,,Clean,Monoderm (Keep)
GCF_004154125.1,False,,Clean,Monoderm (Keep)
GCF_004153945.1,False,,Clean,Monoderm (Keep)
GCF_004193935.1,False,,Clean,Monoderm (Keep)
GCF_004154205.1,False,,Clean,Monoderm (Keep)
GCF_004154325.1,False,,Clean,Monoderm (Keep)
GCF_004154225.1,False,,Clean,Monoderm (Keep)
GCF_004154025.1,False,,Clean,Monoderm (Keep)
GCF_004154245.1,False,,Clean,Monoderm (Keep)
GCF_004193635.1,False,,Clean,Monoderm (Keep)
GCF_004154185.1,False,,Clean,Monoderm (Keep)
GCF_004154005.1,False,,Clean,Monoderm (Keep)
GCF_004154265.1,False,,Clean,Monoderm (Keep)
GCF_004193695.1,False,,Clean,Monoderm (Keep)
GCF_004193655.1,False,,Clean,Monoderm (Keep)
GCF_004154145.1,False,,Clean,Monoderm (Keep)
GCF_004153965.1,False,,Clean,Monoderm (Keep)
GCF_004193675.1,False,,Clean,Monoderm (Keep)
GCF_004193955.1,False,,Clean,Monoderm (Keep)
GCF_004154065.1,False,,Clean,Monoderm (Keep)
GCF_004193895.1,False,,Clean,Monoderm (Keep)
GCF_004154955.1,False,,Clean,Monoderm (Keep)
GCF_004193875.1,False,,Clean,Monoderm (Keep)
GCF_004291175.2,False,,Clean,Monoderm (Keep)
GCF_004291115.2,False,,Clean,Monoderm (Keep)
GCF_004291255.1,False,,Clean,Monoderm (Keep)
GCF_004208635.1,False,,Clean,Monoderm (Keep)
GCF_004319665.1,False,,Clean,Monoderm (Keep)
GCF_004295625.1,False,,Clean,Monoderm (Keep)
GCF_004295485.1,False,,Clean,Monoderm (Keep)
GCF_004300825.1,False,,Clean,Monoderm (Keep)
GCF_004210215.2,False,,Clean,Monoderm (Keep)
GCF_004295125.1,False,,Clean,Monoderm (Keep)
GCF_004322775.1,False,,Clean,Monoderm (Keep)
GCF_004322855.1,False,,Clean,Monoderm (Keep)
GCF_004328535.1,False,,Clean,Monoderm (Keep)
GCF_004328725.1,False,,Clean,Monoderm (Keep)
GCF_004323755.1,False,,Clean,Monoderm (Keep)
GCF_004323775.1,False,,Clean,Monoderm (Keep)
GCF_004209815.1,False,,Clean,Monoderm (Keep)
GCF_004210255.1,False,,Clean,Monoderm (Keep)
GCF_004328745.1,False,,Clean,Monoderm (Keep)
GCF_004322655.1,False,,Clean,Monoderm (Keep)
GCF_004209835.1,False,,Clean,Monoderm (Keep)
GCF_004295585.1,False,,Clean,Monoderm (Keep)
GCF_004323735.1,False,,Clean,Monoderm (Keep)
GCF_004771115.1,False,,Clean,Monoderm (Keep)
GCF_004551615.1,False,,Clean,Monoderm (Keep)
GCF_004771075.1,False,,Clean,Monoderm (Keep)
GCF_004771295.1,False,,Clean,Monoderm (Keep)
GCF_004792535.1,False,,Clean,Monoderm (Keep)
GCF_004768685.1,False,,Clean,Monoderm (Keep)
GCF_004771095.1,False,,Clean,Monoderm (Keep)
GCF_004792515.1,False,,Clean,Monoderm (Keep)
GCF_004768725.1,False,,Clean,Monoderm (Keep)
GCF_004379335.1,False,,Clean,Monoderm (Keep)
GCF_004367585.1,False,,Clean,Monoderm (Keep)
GCF_004337615.1,False,,Clean,Monoderm (Keep)
GCF_004332055.1,False,,Clean,Monoderm (Keep)
GCF_004684285.1,False,,Clean,Monoderm (Keep)
GCF_004634385.1,False,,Clean,Monoderm (Keep)
GCF_004332015.1,False,,Clean,Monoderm (Keep)
GCF_004332035.1,False,,Clean,Monoderm (Keep)
GCF_004636745.1,False,,Clean,Monoderm (Keep)
GCF_004345205.2,False,,Clean,Monoderm (Keep)
GCF_004337655.1,False,,Clean,Monoderm (Keep)
GCF_004564075.1,False,,Clean,Monoderm (Keep)
GCF_004359375.1,False,,Clean,Monoderm (Keep)
GCF_004355265.1,False,,Clean,Monoderm (Keep)
GCF_004771435.1,False,,Clean,Monoderm (Keep)
GCF_004328625.1,False,,Clean,Monoderm (Keep)
GCF_004524875.1,False,,Clean,Monoderm (Keep)
GCF_004353245.1,False,,Clean,Monoderm (Keep)
GCF_004771175.1,False,,Clean,Monoderm (Keep)
GCF_004332355.1,False,,Clean,Monoderm (Keep)
GCF_004358325.1,False,,Clean,Monoderm (Keep)
GCF_004795735.1,False,,Clean,Monoderm (Keep)
GCF_004771515.1,False,,Clean,Monoderm (Keep)
GCF_004758745.1,False,,Clean,Monoderm (Keep)
GCF_004771195.1,False,,Clean,Monoderm (Keep)
GCF_004421085.1,False,,Clean,Monoderm (Keep)
GCF_004785995.1,False,,Clean,Monoderm (Keep)
GCF_004636605.1,False,,Clean,Monoderm (Keep)
GCF_004636665.1,False,,Clean,Monoderm (Keep)
GCF_004772175.1,False,,Clean,Monoderm (Keep)
GCF_004797195.1,False,,Clean,Monoderm (Keep)
GCF_004614315.1,False,,Clean,Monoderm (Keep)
GCF_004614295.1,False,,Clean,Monoderm (Keep)
GCF_004763665.1,False,,Clean,Monoderm (Keep)
GCF_004332375.1,False,,Clean,Monoderm (Keep)
GCF_004379295.1,False,,Clean,Monoderm (Keep)
GCF_004772215.1,False,,Clean,Monoderm (Keep)
GCF_004328885.1,False,,Clean,Monoderm (Keep)
GCF_004730965.1,False,,Clean,Monoderm (Keep)
GCF_004777465.1,False,,Clean,Monoderm (Keep)
GCF_004355245.1,False,,Clean,Monoderm (Keep)
GCF_004564355.1,False,,Clean,Monoderm (Keep)
GCF_004353525.1,False,,Clean,Monoderm (Keep)
GCF_004771335.1,False,,Clean,Monoderm (Keep)
GCF_004526345.1,False,,Clean,Monoderm (Keep)
GCF_004771975.1,False,,Clean,Monoderm (Keep)
GCF_004772055.1,False,,Clean,Monoderm (Keep)
GCF_004785625.2,False,,Clean,Monoderm (Keep)
GCF_004683965.1,False,,Clean,Monoderm (Keep)
GCF_004564375.1,False,,Clean,Monoderm (Keep)
GCF_004563755.2,False,,Clean,Monoderm (Keep)
GCF_004329055.1,False,,Clean,Monoderm (Keep)
GCF_004526275.1,False,,Clean,Monoderm (Keep)
GCF_004328925.1,False,,Clean,Monoderm (Keep)
GCF_004519465.1,False,,Clean,Monoderm (Keep)
GCF_004421045.1,False,,Clean,Monoderm (Keep)
GCF_004771155.1,False,,Clean,Monoderm (Keep)
GCF_004328845.1,False,,Clean,Monoderm (Keep)
GCF_004328705.1,False,,Clean,Monoderm (Keep)
GCF_004208415.1,False,,Clean,Monoderm (Keep)
GCF_004798665.1,False,,Clean,Monoderm (Keep)
GCF_004798685.1,False,,Clean,Monoderm (Keep)
GCF_004798705.1,False,,Clean,Monoderm (Keep)
GCF_004795875.1,False,,Clean,Monoderm (Keep)
GCF_004795915.1,False,,Clean,Monoderm (Keep)
GCF_004634405.1,False,,Clean,Monoderm (Keep)
GCF_004795715.1,False,,Clean,Monoderm (Keep)
GCF_004799565.1,False,,Clean,Monoderm (Keep)
GCF_005222125.1,False,,Clean,Monoderm (Keep)
GCF_004801195.1,False,,Clean,Monoderm (Keep)
GCF_004799705.1,False,,Clean,Monoderm (Keep)
GCF_004803895.1,False,,Clean,Monoderm (Keep)
GCF_005166365.1,False,,Clean,Monoderm (Keep)
GCF_005158285.1,False,,Clean,Monoderm (Keep)
GCF_005158025.1,False,,Clean,Monoderm (Keep)
GCF_005484805.1,False,,Clean,Monoderm (Keep)
GCF_005491085.2,False,,Clean,Monoderm (Keep)
GCF_005517315.1,False,,Clean,Monoderm (Keep)
GCF_005164025.1,False,,Clean,Monoderm (Keep)
GCF_005162565.1,False,,Clean,Monoderm (Keep)
GCF_005347505.1,False,,Clean,Monoderm (Keep)
GCF_005160565.1,False,,Clean,Monoderm (Keep)
GCF_005163565.1,False,,Clean,Monoderm (Keep)
GCF_005161125.1,False,,Clean,Monoderm (Keep)
GCF_005145085.1,False,,Clean,Monoderm (Keep)
GCF_005162725.1,False,,Clean,Monoderm (Keep)
GCF_005163385.1,False,,Clean,Monoderm (Keep)
GCF_005161325.1,False,,Clean,Monoderm (Keep)
GCF_005160445.1,False,,Clean,Monoderm (Keep)
GCF_005154805.1,False,,Clean,Monoderm (Keep)
GCF_005161825.1,False,,Clean,Monoderm (Keep)
GCF_005160785.1,False,,Clean,Monoderm (Keep)
GCF_005163705.1,False,,Clean,Monoderm (Keep)
GCF_005222545.1,False,,Clean,Monoderm (Keep)
GCF_004936435.1,False,,Clean,Monoderm (Keep)
GCF_005161465.1,False,,Clean,Monoderm (Keep)
GCF_005163245.1,False,,Clean,Monoderm (Keep)
GCF_005162865.1,False,,Clean,Monoderm (Keep)
GCF_005163085.1,False,,Clean,Monoderm (Keep)
GCF_005164885.1,False,,Clean,Monoderm (Keep)
GCF_005164585.1,False,,Clean,Monoderm (Keep)
GCF_005160925.1,False,,Clean,Monoderm (Keep)
GCF_005163865.1,False,,Clean,Monoderm (Keep)
GCF_005162245.1,False,,Clean,Monoderm (Keep)
GCF_005164305.1,False,,Clean,Monoderm (Keep)
GCF_005161985.1,False,,Clean,Monoderm (Keep)
GCF_005162405.1,False,,Clean,Monoderm (Keep)
GCF_005164705.1,False,,Clean,Monoderm (Keep)
GCF_005165045.1,False,,Clean,Monoderm (Keep)
GCF_005165265.1,False,,Clean,Monoderm (Keep)
GCF_005165385.1,False,,Clean,Monoderm (Keep)
GCF_005145005.1,False,,Clean,Monoderm (Keep)
GCF_005161605.1,False,,Clean,Monoderm (Keep)
GCF_004941425.1,False,,Clean,Monoderm (Keep)
GCF_004843685.1,False,,Clean,Monoderm (Keep)
GCF_005341465.1,False,,Clean,Monoderm (Keep)
GCF_005406285.1,False,,Clean,Monoderm (Keep)
GCF_005484525.1,False,,Clean,Monoderm (Keep)
GCF_005341445.1,False,,Clean,Monoderm (Keep)
GCF_004843545.1,False,,Clean,Monoderm (Keep)
GCF_005280295.1,False,,Clean,Monoderm (Keep)
GCF_005222505.1,False,,Clean,Monoderm (Keep)
GCF_005484985.1,False,,Clean,Monoderm (Keep)
GCF_005121165.3,False,,Clean,Monoderm (Keep)
GCF_005160065.1,False,,Clean,Monoderm (Keep)
GCF_005490785.1,False,,Clean,Monoderm (Keep)
GCF_005347485.1,False,,Clean,Monoderm (Keep)
GCF_005490985.1,False,,Clean,Monoderm (Keep)
GCF_005234095.1,False,,Clean,Monoderm (Keep)
GCF_005491425.1,False,,Clean,Monoderm (Keep)
GCF_005160425.1,False,,Clean,Monoderm (Keep)
GCF_005473905.2,False,,Clean,Monoderm (Keep)
GCF_005156105.1,False,,Clean,Monoderm (Keep)
GCF_005155785.1,False,,Clean,Monoderm (Keep)
GCF_004924335.1,False,,Clean,Monoderm (Keep)
GCF_005280255.1,False,,Clean,Monoderm (Keep)
GCF_005280655.1,False,,Clean,Monoderm (Keep)
GCF_005517195.1,False,,Clean,Monoderm (Keep)
GCF_005577315.1,False,,Clean,Monoderm (Keep)
GCF_005576735.1,False,,Clean,Monoderm (Keep)
GCF_005576935.1,False,,Clean,Monoderm (Keep)
GCF_005576555.1,False,,Clean,Monoderm (Keep)
GCF_005490965.1,False,,Clean,Monoderm (Keep)
GCF_005222485.1,False,,Clean,Monoderm (Keep)
GCF_005518015.1,False,,Clean,Monoderm (Keep)
GCF_005518055.1,False,,Clean,Monoderm (Keep)
GCF_005518035.1,False,,Clean,Monoderm (Keep)
GCF_005601135.1,False,,Clean,Monoderm (Keep)
GCF_005577435.1,False,,Clean,Monoderm (Keep)
GCF_005671335.1,False,,Clean,Monoderm (Keep)
GCF_005519465.1,False,,Clean,Monoderm (Keep)
GCF_005845365.1,False,,Clean,Monoderm (Keep)
GCF_005845385.1,False,,Clean,Monoderm (Keep)
GCF_005845345.1,False,,Clean,Monoderm (Keep)
GCF_006094475.1,False,,Clean,Monoderm (Keep)
GCF_005889995.1,False,,Clean,Monoderm (Keep)
GCF_006088795.1,False,,Clean,Monoderm (Keep)
GCF_005707015.1,False,,Clean,Monoderm (Keep)
GCF_005886075.1,False,,Clean,Monoderm (Keep)
GCF_005886715.1,False,,Clean,Monoderm (Keep)
GCF_006016075.1,False,,Clean,Monoderm (Keep)
GCF_005885975.1,False,,Clean,Monoderm (Keep)
GCF_005960665.1,False,,Clean,Monoderm (Keep)
GCF_005952885.1,False,,Clean,Monoderm (Keep)
GCF_005954685.1,False,,Clean,Monoderm (Keep)
GCF_005890035.1,False,,Clean,Monoderm (Keep)
GCF_006094915.1,False,,Clean,Monoderm (Keep)
GCF_005931035.2,False,,Clean,Monoderm (Keep)
GCF_006094375.1,False,,Clean,Monoderm (Keep)
GCF_005696695.1,False,,Clean,Monoderm (Keep)
GCF_006094395.1,False,,Clean,Monoderm (Keep)
GCF_006007945.1,False,,Clean,Monoderm (Keep)
GCF_006007925.1,False,,Clean,Monoderm (Keep)
GCF_006094355.1,False,,Clean,Monoderm (Keep)
GCF_005979305.1,False,,Clean,Monoderm (Keep)
GCF_005696555.1,False,,Clean,Monoderm (Keep)
GCF_005886755.1,False,,Clean,Monoderm (Keep)
GCF_005707215.1,False,,Clean,Monoderm (Keep)
GCF_005705815.1,False,,Clean,Monoderm (Keep)
GCF_005849435.1,False,,Clean,Monoderm (Keep)
GCF_005886545.1,False,,Clean,Monoderm (Keep)
GCF_005979285.1,False,,Clean,Monoderm (Keep)
GCF_005886655.1,False,,Clean,Monoderm (Keep)
GCF_005877055.1,False,,Clean,Monoderm (Keep)
GCF_005890135.1,False,,Clean,Monoderm (Keep)
GCF_005843965.1,False,,Clean,Monoderm (Keep)
GCF_005937795.2,False,,Clean,Monoderm (Keep)
GCF_005707335.1,False,,Clean,Monoderm (Keep)
GCF_006065115.1,False,,Clean,Monoderm (Keep)
GCF_005886435.1,False,,Clean,Monoderm (Keep)
GCF_005890015.1,False,,Clean,Monoderm (Keep)
GCF_006007965.1,False,,Clean,Monoderm (Keep)
GCF_005696855.1,False,,Clean,Monoderm (Keep)
GCF_005706215.1,False,,Clean,Monoderm (Keep)
GCF_006094415.1,False,,Clean,Monoderm (Keep)
GCF_005890155.1,False,,Clean,Monoderm (Keep)
GCF_005931015.2,False,,Clean,Monoderm (Keep)
GCF_005886215.1,False,,Clean,Monoderm (Keep)
GCF_005931055.2,False,,Clean,Monoderm (Keep)
GCF_005706435.1,False,,Clean,Monoderm (Keep)
GCF_006094275.1,False,,Clean,Monoderm (Keep)
GCF_005937985.2,False,,Clean,Monoderm (Keep)
GCF_005954645.2,False,,Clean,Monoderm (Keep)
GCF_005848555.1,False,,Clean,Monoderm (Keep)
GCF_005937995.2,False,,Clean,Monoderm (Keep)
GCF_006094335.1,False,,Clean,Monoderm (Keep)
GCF_006094695.1,False,,Clean,Monoderm (Keep)
GCF_005849145.1,False,,Clean,Monoderm (Keep)
GCF_005707595.1,False,,Clean,Monoderm (Keep)
GCF_005848985.1,False,,Clean,Monoderm (Keep)
GCF_005670685.2,False,,Clean,Monoderm (Keep)
GCF_006007905.1,False,,Clean,Monoderm (Keep)
GCF_006094295.1,False,,Clean,Monoderm (Keep)
GCF_005944105.1,False,,Clean,Monoderm (Keep)
GCF_006151905.1,False,,Clean,Monoderm (Keep)
GCF_006228185.1,False,,Clean,Monoderm (Keep)
GCF_006094495.1,False,,Clean,Monoderm (Keep)
GCF_006228225.1,False,,Clean,Monoderm (Keep)
GCF_006228265.1,False,,Clean,Monoderm (Keep)
GCF_006228305.1,False,,Clean,Monoderm (Keep)
GCF_006228245.1,False,,Clean,Monoderm (Keep)
GCF_006228285.1,False,,Clean,Monoderm (Keep)
GCF_006228205.1,False,,Clean,Monoderm (Keep)
GCF_006337045.1,False,,Clean,Monoderm (Keep)
GCF_006280355.1,False,,Clean,Monoderm (Keep)
GCF_006158985.1,False,,Clean,Monoderm (Keep)
GCF_006228325.1,False,,Clean,Monoderm (Keep)
GCF_006228565.1,False,,Clean,Monoderm (Keep)
GCF_005860785.2,False,,Clean,Monoderm (Keep)
GCF_006165085.1,False,,Clean,Monoderm (Keep)
GCF_006716625.1,False,,Clean,Monoderm (Keep)
GCF_006151925.1,False,,Clean,Monoderm (Keep)
GCF_006274405.1,False,,Clean,Monoderm (Keep)
GCF_006088715.1,False,,Clean,Monoderm (Keep)
GCF_006716515.1,False,,Clean,Monoderm (Keep)
GCF_006351785.1,False,,Clean,Monoderm (Keep)
GCF_006741705.1,False,,Clean,Monoderm (Keep)
GCF_006364775.1,False,,Clean,Monoderm (Keep)
GCF_006517775.1,False,,Clean,Monoderm (Keep)
GCF_006349345.1,False,,Clean,Monoderm (Keep)
GCF_006364675.1,False,,Clean,Monoderm (Keep)
GCF_006575625.1,False,,Clean,Monoderm (Keep)
GCF_006337145.1,False,,Clean,Monoderm (Keep)
GCF_006517815.1,False,,Clean,Monoderm (Keep)
GCF_006349735.2,False,,Clean,Monoderm (Keep)
GCF_006739205.1,False,,Clean,Monoderm (Keep)
GCF_006741355.1,False,,Clean,Monoderm (Keep)
GCF_006385935.1,False,,Clean,Monoderm (Keep)
GCF_006384875.1,False,,Clean,Monoderm (Keep)
GCF_006351845.1,False,,Clean,Monoderm (Keep)
GCF_006351725.2,False,,Clean,Monoderm (Keep)
GCF_006351985.2,False,,Clean,Monoderm (Keep)
GCF_006704185.1,False,,Clean,Monoderm (Keep)
GCF_006742065.1,False,,Clean,Monoderm (Keep)
GCF_006384955.1,False,,Clean,Monoderm (Keep)
GCF_006384935.1,False,,Clean,Monoderm (Keep)
GCF_006740645.1,False,,Clean,Monoderm (Keep)
GCF_006740305.1,False,,Clean,Monoderm (Keep)
GCF_006716245.1,False,,Clean,Monoderm (Keep)
GCF_006364235.1,False,,Clean,Monoderm (Keep)
GCF_006364655.1,False,,Clean,Monoderm (Keep)
GCF_006229535.1,False,,Clean,Monoderm (Keep)
GCF_006494855.1,False,,Clean,Monoderm (Keep)
GCF_006739385.1,False,,Clean,Monoderm (Keep)
GCF_006494835.1,False,,Clean,Monoderm (Keep)
GCF_006716385.1,False,,Clean,Monoderm (Keep)
GCF_006494875.1,False,,Clean,Monoderm (Keep)
GCF_006364815.1,False,,Clean,Monoderm (Keep)
GCF_006385575.1,False,,Clean,Monoderm (Keep)
GCF_006364035.1,False,,Clean,Monoderm (Keep)
GCF_006337065.1,False,,Clean,Monoderm (Keep)
GCF_006351925.1,False,,Clean,Monoderm (Keep)
GCF_006349365.1,False,,Clean,Monoderm (Keep)
GCF_006740705.1,False,,Clean,Monoderm (Keep)
GCF_006337125.1,False,,Clean,Monoderm (Keep)
GCF_006494815.1,False,,Clean,Monoderm (Keep)
GCF_006385015.1,False,,Clean,Monoderm (Keep)
GCF_006349715.2,False,,Clean,Monoderm (Keep)
GCF_006352065.1,False,,Clean,Monoderm (Keep)
GCF_006517235.1,False,,Clean,Monoderm (Keep)
GCF_006489275.1,False,,Clean,Monoderm (Keep)
GCF_006489255.1,False,,Clean,Monoderm (Keep)
GCF_006494795.1,False,,Clean,Monoderm (Keep)
GCF_006517215.1,False,,Clean,Monoderm (Keep)
GCF_006489235.1,False,,Clean,Monoderm (Keep)
GCF_006494775.1,False,,Clean,Monoderm (Keep)
GCF_006542275.1,False,,Clean,Monoderm (Keep)
GCF_006742205.1,False,,Clean,Monoderm (Keep)
GCF_006704205.1,False,,Clean,Monoderm (Keep)
GCF_006770285.1,False,,Clean,Monoderm (Keep)
GCF_006741845.1,False,,Clean,Monoderm (Keep)
GCF_006766145.1,False,,Clean,Monoderm (Keep)
GCF_006770305.1,False,,Clean,Monoderm (Keep)
GCF_006777105.1,False,,Clean,Monoderm (Keep)
GCF_006970065.1,False,,Clean,Monoderm (Keep)
GCF_006970285.1,False,,Clean,Monoderm (Keep)
GCF_006969105.1,False,,Clean,Monoderm (Keep)
GCF_006770685.1,False,,Clean,Monoderm (Keep)
GCF_006770865.1,False,,Clean,Monoderm (Keep)
GCF_006716135.1,False,,Clean,Monoderm (Keep)
GCF_006516935.1,False,,Clean,Monoderm (Keep)
GCF_006874565.1,False,,Clean,Monoderm (Keep)
GCF_006777025.1,False,,Clean,Monoderm (Keep)
GCF_006742565.1,False,,Clean,Monoderm (Keep)
GCF_006874665.1,False,,Clean,Monoderm (Keep)
GCF_006965445.1,False,,Clean,Monoderm (Keep)
GCF_006770265.1,False,,Clean,Monoderm (Keep)
GCF_006965545.2,False,,Clean,Monoderm (Keep)
GCF_006965525.1,False,,Clean,Monoderm (Keep)
GCF_007814115.1,False,,Clean,Monoderm (Keep)
GCF_007185035.1,False,,Clean,Monoderm (Keep)
GCF_007726525.1,False,,Clean,Monoderm (Keep)
GCF_007814725.1,False,,Clean,Monoderm (Keep)
GCF_006770485.1,False,,Clean,Monoderm (Keep)
GCF_007726325.1,False,,Clean,Monoderm (Keep)
GCF_007814525.1,False,,Clean,Monoderm (Keep)
GCF_007814625.1,False,,Clean,Monoderm (Keep)
GCF_007814385.1,False,,Clean,Monoderm (Keep)
GCF_007726465.1,False,,Clean,Monoderm (Keep)
GCF_007633215.1,False,,Clean,Monoderm (Keep)
GCF_007726565.1,False,,Clean,Monoderm (Keep)
GCF_007726495.1,False,,Clean,Monoderm (Keep)
GCF_007292115.1,False,,Clean,Monoderm (Keep)
GCF_007814825.1,False,,Clean,Monoderm (Keep)
GCF_007363175.1,False,,Clean,Monoderm (Keep)
GCF_007559025.1,False,,Clean,Monoderm (Keep)
GCF_007197835.1,False,,Clean,Monoderm (Keep)
GCF_007724845.1,False,,Clean,Monoderm (Keep)
GCF_007814015.1,False,,Clean,Monoderm (Keep)
GCF_006974085.1,False,,Clean,Monoderm (Keep)
GCF_007431185.1,False,,Clean,Monoderm (Keep)
GCF_007475365.1,False,,Clean,Monoderm (Keep)
GCF_007725185.1,False,,Clean,Monoderm (Keep)
GCF_006971425.1,False,,Clean,Monoderm (Keep)
GCF_007197715.1,False,,Clean,Monoderm (Keep)
GCF_006971245.1,False,,Clean,Monoderm (Keep)
GCF_006971065.1,False,,Clean,Monoderm (Keep)
GCF_007833395.1,False,,Clean,Monoderm (Keep)
GCF_007833315.1,False,,Clean,Monoderm (Keep)
GCF_006971625.1,False,,Clean,Monoderm (Keep)
GCF_006974065.1,False,,Clean,Monoderm (Keep)
GCF_007826355.1,False,,Clean,Monoderm (Keep)
GCF_007813675.1,False,,Clean,Monoderm (Keep)
GCF_007430945.1,False,,Clean,Monoderm (Keep)
GCF_007637635.1,False,,Clean,Monoderm (Keep)
GCF_007559005.1,False,,Clean,Monoderm (Keep)
GCF_007641235.1,False,,Clean,Monoderm (Keep)
GCF_007833335.1,False,,Clean,Monoderm (Keep)
GCF_007301515.1,False,,Clean,Monoderm (Keep)
GCF_007164525.1,False,,Clean,Monoderm (Keep)
GCF_007410625.1,False,,Clean,Monoderm (Keep)
GCF_007362135.1,False,,Clean,Monoderm (Keep)
GCF_007833375.1,False,,Clean,Monoderm (Keep)
GCF_007197575.1,False,,Clean,Monoderm (Keep)
GCF_006974025.1,False,,Clean,Monoderm (Keep)
GCF_007827165.1,False,,Clean,Monoderm (Keep)
GCF_007362635.1,False,,Clean,Monoderm (Keep)
GCF_007362775.1,False,,Clean,Monoderm (Keep)
GCF_006974185.1,False,,Clean,Monoderm (Keep)
GCF_007833415.1,False,,Clean,Monoderm (Keep)
GCF_007833515.1,False,,Clean,Monoderm (Keep)
GCF_007833475.1,False,,Clean,Monoderm (Keep)
GCF_007725005.1,False,,Clean,Monoderm (Keep)
GCF_007558985.1,False,,Clean,Monoderm (Keep)
GCF_007362295.1,False,,Clean,Monoderm (Keep)
GCF_007833535.1,False,,Clean,Monoderm (Keep)
GCF_007833435.1,False,,Clean,Monoderm (Keep)
GCF_007833715.1,False,,Clean,Monoderm (Keep)
GCF_007833735.1,False,,Clean,Monoderm (Keep)
GCF_007833855.1,False,,Clean,Monoderm (Keep)
GCF_007833595.1,False,,Clean,Monoderm (Keep)
GCF_007833695.1,False,,Clean,Monoderm (Keep)
GCF_007833755.1,False,,Clean,Monoderm (Keep)
GCF_007833935.1,False,,Clean,Monoderm (Keep)
GCF_007855275.1,False,,Clean,Monoderm (Keep)
GCF_006974005.1,False,,Clean,Monoderm (Keep)
GCF_007113525.2,False,,Clean,Monoderm (Keep)
GCF_007363395.1,False,,Clean,Monoderm (Keep)
GCF_007113405.2,False,,Clean,Monoderm (Keep)
GCF_007113665.2,False,,Clean,Monoderm (Keep)
GCF_007858495.1,False,,Clean,Monoderm (Keep)
GCF_007113505.2,False,,Clean,Monoderm (Keep)
GCF_007113425.2,False,,Clean,Monoderm (Keep)
GCF_007833915.1,False,,Clean,Monoderm (Keep)
GCF_007833815.1,False,,Clean,Monoderm (Keep)
GCF_007855455.1,False,,Clean,Monoderm (Keep)
GCF_007855915.1,False,,Clean,Monoderm (Keep)
GCF_008330045.1,False,,Clean,Monoderm (Keep)
GCF_008033155.1,False,,Clean,Monoderm (Keep)
GCF_007954625.1,False,,Clean,Monoderm (Keep)
GCF_007923985.1,False,,Clean,Monoderm (Keep)
GCF_007954705.1,False,,Clean,Monoderm (Keep)
GCF_007993715.1,False,,Clean,Monoderm (Keep)
GCF_007923905.2,False,,Clean,Monoderm (Keep)
GCF_008329845.1,False,,Clean,Monoderm (Keep)
GCF_008033175.1,False,,Clean,Monoderm (Keep)
GCF_007858515.1,False,,Clean,Monoderm (Keep)
GCF_007954565.1,False,,Clean,Monoderm (Keep)
GCF_007859615.1,False,,Clean,Monoderm (Keep)
GCF_008329865.1,False,,Clean,Monoderm (Keep)
GCF_008244705.1,False,,Clean,Monoderm (Keep)
GCF_008305695.1,False,,Clean,Monoderm (Keep)
GCF_007954725.1,False,,Clean,Monoderm (Keep)
GCF_008274885.1,False,,Clean,Monoderm (Keep)
GCF_008152325.1,False,,Clean,Monoderm (Keep)
GCF_008033195.1,False,,Clean,Monoderm (Keep)
GCF_007923185.1,False,,Clean,Monoderm (Keep)
GCF_007954785.1,False,,Clean,Monoderm (Keep)
GCF_007954525.1,False,,Clean,Monoderm (Keep)
GCF_007954465.1,False,,Clean,Monoderm (Keep)
GCF_008244745.1,False,,Clean,Monoderm (Keep)
GCF_007917035.2,False,,Clean,Monoderm (Keep)
GCF_007859575.1,False,,Clean,Monoderm (Keep)
GCF_007954605.1,False,,Clean,Monoderm (Keep)
GCF_007954665.1,False,,Clean,Monoderm (Keep)
GCF_008000875.1,False,,Clean,Monoderm (Keep)
GCF_008086545.1,False,,Clean,Monoderm (Keep)
GCF_007998145.1,False,,Clean,Monoderm (Keep)
GCF_007923925.2,False,,Clean,Monoderm (Keep)
GCF_007954445.1,False,,Clean,Monoderm (Keep)
GCF_007917315.3,False,,Clean,Monoderm (Keep)
GCF_008244725.1,False,,Clean,Monoderm (Keep)
GCF_007954765.1,False,,Clean,Monoderm (Keep)
GCF_008000855.1,False,,Clean,Monoderm (Keep)
GCF_008000995.1,False,,Clean,Monoderm (Keep)
GCF_008274865.1,False,,Clean,Monoderm (Keep)
GCF_008086305.1,False,,Clean,Monoderm (Keep)
GCF_007954645.1,False,,Clean,Monoderm (Keep)
GCF_008041975.1,False,,Clean,Monoderm (Keep)
GCF_007904105.1,False,,Clean,Monoderm (Keep)
GCF_008274905.1,False,,Clean,Monoderm (Keep)
GCF_008253725.1,False,,Clean,Monoderm (Keep)
GCF_007922635.1,False,,Clean,Monoderm (Keep)
GCF_008041995.1,False,,Clean,Monoderm (Keep)
GCF_008329885.1,False,,Clean,Monoderm (Keep)
GCF_008001035.1,False,,Clean,Monoderm (Keep)
GCF_007954685.1,False,,Clean,Monoderm (Keep)
GCF_007970465.1,False,,Clean,Monoderm (Keep)
GCF_008271365.1,False,,Clean,Monoderm (Keep)
GCF_008151785.1,False,,Clean,Monoderm (Keep)
GCF_007858535.1,False,,Clean,Monoderm (Keep)
GCF_008281175.1,False,,Clean,Monoderm (Keep)
GCF_008001015.1,False,,Clean,Monoderm (Keep)
GCF_007859675.1,False,,Clean,Monoderm (Keep)
GCF_008274845.1,False,,Clean,Monoderm (Keep)
GCF_008121495.1,False,,Clean,Monoderm (Keep)
GCF_008244765.1,False,,Clean,Monoderm (Keep)
GCF_008033115.1,False,,Clean,Monoderm (Keep)
GCF_008245165.1,False,,Clean,Monoderm (Keep)
GCF_007970665.1,False,,Clean,Monoderm (Keep)
GCF_007923205.1,False,,Clean,Monoderm (Keep)
GCF_007995155.1,False,,Clean,Monoderm (Keep)
GCF_008244925.1,False,,Clean,Monoderm (Keep)
GCF_007856155.1,False,,Clean,Monoderm (Keep)
GCF_008369805.1,False,,Clean,Monoderm (Keep)
GCF_008330585.1,False,,Clean,Monoderm (Keep)
GCF_008330605.1,False,,Clean,Monoderm (Keep)
GCF_008329645.1,False,,Clean,Monoderm (Keep)
GCF_008306195.1,False,,Clean,Monoderm (Keep)
GCF_008365275.1,False,,Clean,Monoderm (Keep)
GCF_008064995.1,False,,Clean,Monoderm (Keep)
GCF_008370815.1,False,,Clean,Monoderm (Keep)
GCF_008367895.1,False,,Clean,Monoderm (Keep)
GCF_008370855.1,False,,Clean,Monoderm (Keep)
GCF_008386315.1,False,,Clean,Monoderm (Keep)
GCF_008365255.1,False,,Clean,Monoderm (Keep)
GCF_008694005.1,False,,Clean,Monoderm (Keep)
GCF_008632615.1,False,,Clean,Monoderm (Keep)
GCF_008619795.1,False,,Clean,Monoderm (Keep)
GCF_008728895.1,False,,Clean,Monoderm (Keep)
GCF_008728875.1,False,,Clean,Monoderm (Keep)
GCF_008728915.1,False,,Clean,Monoderm (Keep)
GCF_008728935.1,False,,Clean,Monoderm (Keep)
GCF_008619235.1,False,,Clean,Monoderm (Keep)
GCF_008620175.1,False,,Clean,Monoderm (Keep)
GCF_008619935.1,False,,Clean,Monoderm (Keep)
GCF_008693505.1,False,,Clean,Monoderm (Keep)
GCF_008386395.1,False,,Clean,Monoderm (Keep)
GCF_008462025.1,False,,Clean,Monoderm (Keep)
GCF_008461625.1,False,,Clean,Monoderm (Keep)
GCF_008461845.1,False,,Clean,Monoderm (Keep)
GCF_008462245.1,False,,Clean,Monoderm (Keep)
GCF_008727755.1,False,,Clean,Monoderm (Keep)
GCF_008694105.1,False,,Clean,Monoderm (Keep)
GCF_008727835.1,False,,Clean,Monoderm (Keep)
GCF_008620055.1,False,,Clean,Monoderm (Keep)
GCF_008728455.1,False,,Clean,Monoderm (Keep)
GCF_008693765.1,False,,Clean,Monoderm (Keep)
GCF_008693725.1,False,,Clean,Monoderm (Keep)
GCF_008728475.1,False,,Clean,Monoderm (Keep)
GCF_008619075.1,False,,Clean,Monoderm (Keep)
GCF_008619415.1,False,,Clean,Monoderm (Keep)
GCF_008693585.1,False,,Clean,Monoderm (Keep)
GCF_008727815.1,False,,Clean,Monoderm (Keep)
GCF_008432245.1,False,,Clean,Monoderm (Keep)
GCF_008693925.1,False,,Clean,Monoderm (Keep)
GCF_008728775.1,False,,Clean,Monoderm (Keep)
GCF_008728435.1,False,,Clean,Monoderm (Keep)
GCF_008694025.1,False,,Clean,Monoderm (Keep)
GCF_008727735.1,False,,Clean,Monoderm (Keep)
GCF_008728795.1,False,,Clean,Monoderm (Keep)
GCF_008728815.1,False,,Clean,Monoderm (Keep)
GCF_008728735.1,False,,Clean,Monoderm (Keep)
GCF_008728755.1,False,,Clean,Monoderm (Keep)
GCF_008727775.1,False,,Clean,Monoderm (Keep)
GCF_008727675.1,False,,Clean,Monoderm (Keep)
GCF_008534375.1,False,,Clean,Monoderm (Keep)
GCF_008704425.1,False,,Clean,Monoderm (Keep)
GCF_008632955.1,False,,Clean,Monoderm (Keep)
GCF_008728655.1,False,,Clean,Monoderm (Keep)
GCF_008639045.1,False,,Clean,Monoderm (Keep)
GCF_008642295.1,False,,Clean,Monoderm (Keep)
GCF_008705175.1,False,,Clean,Monoderm (Keep)
GCF_008704575.1,False,,Clean,Monoderm (Keep)
GCF_008642275.1,False,,Clean,Monoderm (Keep)
GCF_008704445.1,False,,Clean,Monoderm (Keep)
GCF_008704935.1,False,,Clean,Monoderm (Keep)
GCF_008705255.1,False,,Clean,Monoderm (Keep)
GCF_008642335.1,False,,Clean,Monoderm (Keep)
GCF_008704515.1,False,,Clean,Monoderm (Keep)
GCF_008704535.1,False,,Clean,Monoderm (Keep)
GCF_008704555.1,False,,Clean,Monoderm (Keep)
GCF_008704995.1,False,,Clean,Monoderm (Keep)
GCF_008642375.1,False,,Clean,Monoderm (Keep)
GCF_008639165.1,False,,Clean,Monoderm (Keep)
GCF_008704395.1,False,,Clean,Monoderm (Keep)
GCF_008642355.1,False,,Clean,Monoderm (Keep)
GCF_008704855.1,False,,Clean,Monoderm (Keep)
GCF_008704715.1,False,,Clean,Monoderm (Keep)
GCF_008704495.1,False,,Clean,Monoderm (Keep)
GCF_008642315.1,False,,Clean,Monoderm (Keep)
GCF_008705135.1,False,,Clean,Monoderm (Keep)
GCF_008704795.1,False,,Clean,Monoderm (Keep)
GCF_008704655.1,False,,Clean,Monoderm (Keep)
GCF_008807095.1,False,,Clean,Monoderm (Keep)
GCF_008807735.1,False,,Clean,Monoderm (Keep)
GCF_008803015.1,False,,Clean,Monoderm (Keep)
GCF_008807915.1,False,,Clean,Monoderm (Keep)
GCF_008807895.1,False,,Clean,Monoderm (Keep)
GCF_008807935.1,False,,Clean,Monoderm (Keep)
GCF_008807875.1,False,,Clean,Monoderm (Keep)
GCF_008761635.1,False,,Clean,Monoderm (Keep)
GCF_008807035.1,False,,Clean,Monoderm (Keep)
GCF_008761675.1,False,,Clean,Monoderm (Keep)
GCF_008802875.1,False,,Clean,Monoderm (Keep)
GCF_009184705.1,False,,Clean,Monoderm (Keep)
GCF_009156025.2,False,,Clean,Monoderm (Keep)
GCF_008831325.1,False,,Clean,Monoderm (Keep)
GCF_009184725.1,False,,Clean,Monoderm (Keep)
GCF_009176785.1,False,,Clean,Monoderm (Keep)
GCF_008973485.1,False,,Clean,Monoderm (Keep)
GCF_009176875.1,False,,Clean,Monoderm (Keep)
GCF_009036045.1,False,,Clean,Monoderm (Keep)
GCF_008935055.1,False,,Clean,Monoderm (Keep)
GCF_009496955.1,False,,Clean,Monoderm (Keep)
GCF_009184665.1,False,,Clean,Monoderm (Keep)
GCF_008831485.1,False,,Clean,Monoderm (Keep)
GCF_008876665.1,False,,Clean,Monoderm (Keep)
GCF_008831385.1,False,,Clean,Monoderm (Keep)
GCF_009025875.1,False,,Clean,Monoderm (Keep)
GCF_009184805.1,False,,Clean,Monoderm (Keep)
GCF_008831365.1,False,,Clean,Monoderm (Keep)
GCF_008995395.1,False,,Clean,Monoderm (Keep)
GCF_008843165.1,False,,Clean,Monoderm (Keep)
GCF_008831345.1,False,,Clean,Monoderm (Keep)
GCF_008831425.1,False,,Clean,Monoderm (Keep)
GCF_009026825.1,False,,Clean,Monoderm (Keep)
GCF_009184825.1,False,,Clean,Monoderm (Keep)
GCF_008838325.1,False,,Clean,Monoderm (Keep)
GCF_009177305.1,False,,Clean,Monoderm (Keep)
GCF_008807955.1,False,,Clean,Monoderm (Keep)
GCF_008807975.1,False,,Clean,Monoderm (Keep)
GCF_009176765.1,False,,Clean,Monoderm (Keep)
GCF_009189185.2,False,,Clean,Monoderm (Keep)
GCF_009176625.1,False,,Clean,Monoderm (Keep)
GCF_009184785.1,False,,Clean,Monoderm (Keep)
GCF_009002285.1,False,,Clean,Monoderm (Keep)
GCF_009217765.1,False,,Clean,Monoderm (Keep)
GCF_008935075.1,False,,Clean,Monoderm (Keep)
GCF_008824205.1,False,,Clean,Monoderm (Keep)
GCF_008808015.1,False,,Clean,Monoderm (Keep)
GCF_008831405.1,False,,Clean,Monoderm (Keep)
GCF_009296125.1,False,,Clean,Monoderm (Keep)
GCF_009363835.1,False,,Clean,Monoderm (Keep)
GCF_009362915.1,False,,Clean,Monoderm (Keep)
GCF_009496975.1,False,,Clean,Monoderm (Keep)
GCF_009428965.1,False,,Clean,Monoderm (Keep)
GCF_009025915.1,False,,Clean,Monoderm (Keep)
GCF_009002535.1,False,,Clean,Monoderm (Keep)
GCF_009362935.1,False,,Clean,Monoderm (Keep)
GCF_009296025.1,False,,Clean,Monoderm (Keep)
GCF_009363695.1,False,,Clean,Monoderm (Keep)
GCF_009362235.1,False,,Clean,Monoderm (Keep)
GCF_009429125.1,False,,Clean,Monoderm (Keep)
GCF_009497795.1,False,,Clean,Monoderm (Keep)
GCF_009224065.1,False,,Clean,Monoderm (Keep)
GCF_009299385.1,False,,Clean,Monoderm (Keep)
GCF_009363115.1,False,,Clean,Monoderm (Keep)
GCF_009497655.1,False,,Clean,Monoderm (Keep)
GCF_008931305.1,False,,Clean,Monoderm (Keep)
GCF_008824145.1,False,,Clean,Monoderm (Keep)
GCF_009497815.1,False,,Clean,Monoderm (Keep)
GCF_009184865.1,False,,Clean,Monoderm (Keep)
GCF_009363075.1,False,,Clean,Monoderm (Keep)
GCF_009363095.1,False,,Clean,Monoderm (Keep)
GCF_009497015.2,False,,Clean,Monoderm (Keep)
GCF_009650115.1,False,,Clean,Monoderm (Keep)
GCF_009498175.3,False,,Clean,Monoderm (Keep)
GCF_009495655.1,False,,Clean,Monoderm (Keep)
GCF_009497935.1,False,,Clean,Monoderm (Keep)
GCF_009498275.1,False,,Clean,Monoderm (Keep)
GCF_009648555.1,False,,Clean,Monoderm (Keep)
GCF_009650155.1,False,,Clean,Monoderm (Keep)
GCF_009671165.1,False,,Clean,Monoderm (Keep)
GCF_009662395.1,False,,Clean,Monoderm (Keep)
GCF_009664755.1,False,,Clean,Monoderm (Keep)
GCF_009664495.1,False,,Clean,Monoderm (Keep)
GCF_009662295.1,False,,Clean,Monoderm (Keep)
GCF_009649075.1,False,,Clean,Monoderm (Keep)
GCF_009662495.1,False,,Clean,Monoderm (Keep)
GCF_009650335.1,False,,Clean,Monoderm (Keep)
GCF_009648695.1,False,,Clean,Monoderm (Keep)
GCF_009664475.1,False,,Clean,Monoderm (Keep)
GCF_009498395.1,False,,Clean,Monoderm (Keep)
GCF_009650315.1,False,,Clean,Monoderm (Keep)
GCF_009498435.1,False,,Clean,Monoderm (Keep)
GCF_009429145.1,False,,Clean,Monoderm (Keep)
GCF_009648655.1,False,,Clean,Monoderm (Keep)
GCF_009648615.1,False,,Clean,Monoderm (Keep)
GCF_009648635.1,False,,Clean,Monoderm (Keep)
GCF_009646095.1,False,,Clean,Monoderm (Keep)
GCF_009650215.1,False,,Clean,Monoderm (Keep)
GCF_009664735.1,False,,Clean,Monoderm (Keep)
GCF_009660225.1,False,,Clean,Monoderm (Keep)
GCF_009649955.1,False,,Clean,Monoderm (Keep)
GCF_009662375.1,False,,Clean,Monoderm (Keep)
GCF_009662235.1,False,,Clean,Monoderm (Keep)
GCF_009663035.1,False,,Clean,Monoderm (Keep)
GCF_009662195.1,False,,Clean,Monoderm (Keep)
GCF_009662335.1,False,,Clean,Monoderm (Keep)
GCF_009662175.1,False,,Clean,Monoderm (Keep)
GCF_009664145.1,False,,Clean,Monoderm (Keep)
GCF_009662255.1,False,,Clean,Monoderm (Keep)
GCF_009662355.1,False,,Clean,Monoderm (Keep)
GCF_009662455.1,False,,Clean,Monoderm (Keep)
GCF_009662275.1,False,,Clean,Monoderm (Keep)
GCF_009662155.1,False,,Clean,Monoderm (Keep)
GCF_009498035.1,False,,Clean,Monoderm (Keep)
GCF_009497075.1,False,,Clean,Monoderm (Keep)
GCF_009676365.1,False,,Clean,Monoderm (Keep)
GCF_009662435.1,False,,Clean,Monoderm (Keep)
GCF_009648575.1,False,,Clean,Monoderm (Keep)
GCF_009619495.1,False,,Clean,Monoderm (Keep)
GCF_009648955.1,False,,Clean,Monoderm (Keep)
GCF_009662415.1,False,,Clean,Monoderm (Keep)
GCF_009676645.1,False,,Clean,Monoderm (Keep)
GCF_009662215.1,False,,Clean,Monoderm (Keep)
GCF_009664775.1,False,,Clean,Monoderm (Keep)
GCF_009648595.1,False,,Clean,Monoderm (Keep)
GCF_009648675.1,False,,Clean,Monoderm (Keep)
GCF_009676625.1,False,,Clean,Monoderm (Keep)
GCF_009557055.1,False,,Clean,Monoderm (Keep)
GCF_009650095.1,False,,Clean,Monoderm (Keep)
GCF_009649995.1,False,,Clean,Monoderm (Keep)
GCF_009664365.1,False,,Clean,Monoderm (Keep)
GCF_009676685.2,False,,Clean,Monoderm (Keep)
GCF_009684555.1,False,,Clean,Monoderm (Keep)
GCF_009664715.1,False,,Clean,Monoderm (Keep)
GCF_009684655.1,False,,Clean,Monoderm (Keep)
GCF_009676725.1,False,,Clean,Monoderm (Keep)
GCF_009664835.1,False,,Clean,Monoderm (Keep)
GCF_009685135.1,False,,Clean,Monoderm (Keep)
GCF_009650765.1,False,,Clean,Monoderm (Keep)
GCF_009665145.1,False,,Clean,Monoderm (Keep)
GCF_009676825.1,False,,Clean,Monoderm (Keep)
GCF_009697285.1,False,,Clean,Monoderm (Keep)
GCF_009684695.1,False,,Clean,Monoderm (Keep)
GCF_009664875.1,False,,Clean,Monoderm (Keep)
GCF_009671205.1,False,,Clean,Monoderm (Keep)
GCF_009707345.1,False,,Clean,Monoderm (Keep)
GCF_009707285.1,False,,Clean,Monoderm (Keep)
GCF_009707485.1,False,,Clean,Monoderm (Keep)
GCF_009708005.2,False,,Clean,Monoderm (Keep)
GCF_009720125.1,False,,Clean,Monoderm (Keep)
GCF_009707365.1,False,,Clean,Monoderm (Keep)
GCF_009739675.1,False,,Clean,Monoderm (Keep)
GCF_009731445.1,False,,Clean,Monoderm (Keep)
GCF_009730475.1,False,,Clean,Monoderm (Keep)
GCF_009738105.1,False,,Clean,Monoderm (Keep)
GCF_009739535.1,False,,Clean,Monoderm (Keep)
GCF_009734425.1,False,,Clean,Monoderm (Keep)
GCF_009739695.1,False,,Clean,Monoderm (Keep)
GCF_009733885.1,False,,Clean,Monoderm (Keep)
GCF_009734005.1,False,,Clean,Monoderm (Keep)
GCF_009730115.1,False,,Clean,Monoderm (Keep)
GCF_009739485.1,False,,Clean,Monoderm (Keep)
GCF_009730135.1,False,,Clean,Monoderm (Keep)
GCF_009730275.1,False,,Clean,Monoderm (Keep)
GCF_009738225.1,False,,Clean,Monoderm (Keep)
GCF_009728755.1,False,,Clean,Monoderm (Keep)
GCF_009730515.1,False,,Clean,Monoderm (Keep)
GCF_009734405.1,False,,Clean,Monoderm (Keep)
GCF_009720585.1,False,,Clean,Monoderm (Keep)
GCF_009728775.1,False,,Clean,Monoderm (Keep)
GCF_009730255.1,False,,Clean,Monoderm (Keep)
GCF_009734125.1,False,,Clean,Monoderm (Keep)
GCF_009738535.1,False,,Clean,Monoderm (Keep)
GCF_009730295.1,False,,Clean,Monoderm (Keep)
GCF_009730315.1,False,,Clean,Monoderm (Keep)
GCF_009728915.1,False,,Clean,Monoderm (Keep)
GCF_009730535.1,False,,Clean,Monoderm (Keep)
GCF_009720185.1,False,,Clean,Monoderm (Keep)
GCF_009730595.1,False,,Clean,Monoderm (Keep)
GCF_009738475.1,False,,Clean,Monoderm (Keep)
GCF_009730335.1,False,,Clean,Monoderm (Keep)
GCF_009738495.1,False,,Clean,Monoderm (Keep)
GCF_009720565.1,False,,Clean,Monoderm (Keep)
GCF_009728955.1,False,,Clean,Monoderm (Keep)
GCF_009738555.1,False,,Clean,Monoderm (Keep)
GCF_009738245.1,False,,Clean,Monoderm (Keep)
GCF_009738205.1,False,,Clean,Monoderm (Keep)
GCF_009738515.1,False,,Clean,Monoderm (Keep)
GCF_009731465.1,False,,Clean,Monoderm (Keep)
GCF_009734445.1,False,,Clean,Monoderm (Keep)
GCF_009734385.1,False,,Clean,Monoderm (Keep)
GCF_009731595.1,False,,Clean,Monoderm (Keep)
GCF_009730615.1,False,,Clean,Monoderm (Keep)
GCF_009730155.1,False,,Clean,Monoderm (Keep)
GCF_009730415.1,False,,Clean,Monoderm (Keep)
GCF_009730635.1,False,,Clean,Monoderm (Keep)
GCF_009720485.1,False,,Clean,Monoderm (Keep)
GCF_009730495.1,False,,Clean,Monoderm (Keep)
GCF_009708215.1,False,,Clean,Monoderm (Keep)
GCF_009738165.1,False,,Clean,Monoderm (Keep)
GCF_009739865.1,False,,Clean,Monoderm (Keep)
GCF_009739825.1,False,,Clean,Monoderm (Keep)
GCF_009739795.1,False,,Clean,Monoderm (Keep)
GCF_009739755.1,False,,Clean,Monoderm (Keep)
GCF_009739775.1,False,,Clean,Monoderm (Keep)
GCF_009739885.1,False,,Clean,Monoderm (Keep)
GCF_009739735.1,False,,Clean,Monoderm (Keep)
GCF_009739845.1,False,,Clean,Monoderm (Keep)
GCF_009730435.1,False,,Clean,Monoderm (Keep)
GCF_009739635.2,False,,Clean,Monoderm (Keep)
GCF_009739615.2,False,,Clean,Monoderm (Keep)
GCF_009739595.2,False,,Clean,Monoderm (Keep)
GCF_009739715.1,False,,Clean,Monoderm (Keep)
GCF_009730235.1,False,,Clean,Monoderm (Keep)
GCF_009730215.1,False,,Clean,Monoderm (Keep)
GCF_009720625.1,False,,Clean,Monoderm (Keep)
GCF_009739925.1,False,,Clean,Monoderm (Keep)
GCF_009739945.1,False,,Clean,Monoderm (Keep)
GCF_009728935.1,False,,Clean,Monoderm (Keep)
GCF_009739905.1,False,,Clean,Monoderm (Keep)
GCF_009834385.1,False,,Clean,Monoderm (Keep)
GCF_009755785.1,False,,Clean,Monoderm (Keep)
GCF_009769185.1,False,,Clean,Monoderm (Keep)
GCF_009769125.1,False,,Clean,Monoderm (Keep)
GCF_009758095.1,False,,Clean,Monoderm (Keep)
GCF_009834405.1,False,,Clean,Monoderm (Keep)
GCF_009769095.1,False,,Clean,Monoderm (Keep)
GCF_009792315.1,False,,Clean,Monoderm (Keep)
GCF_009759825.1,False,,Clean,Monoderm (Keep)
GCF_009762745.1,False,,Clean,Monoderm (Keep)
GCF_009806575.1,False,,Clean,Monoderm (Keep)
GCF_009740205.1,False,,Clean,Monoderm (Keep)
GCF_009857055.1,False,,Clean,Monoderm (Keep)
GCF_009739985.1,False,,Clean,Monoderm (Keep)
GCF_009759845.1,False,,Clean,Monoderm (Keep)
GCF_009832765.1,False,,Clean,Monoderm (Keep)
GCF_009806675.1,False,,Clean,Monoderm (Keep)
GCF_009740915.1,False,,Clean,Monoderm (Keep)
GCF_009769205.1,False,,Clean,Monoderm (Keep)
GCF_009834245.1,False,,Clean,Monoderm (Keep)
GCF_009858215.1,False,,Clean,Monoderm (Keep)
GCF_009834225.1,False,,Clean,Monoderm (Keep)
GCF_009834205.1,False,,Clean,Monoderm (Keep)
GCF_009799965.1,False,,Clean,Monoderm (Keep)
GCF_009740005.1,False,,Clean,Monoderm (Keep)
GCF_009806635.1,False,,Clean,Monoderm (Keep)
GCF_009834185.1,False,,Clean,Monoderm (Keep)
GCF_009739965.1,False,,Clean,Monoderm (Keep)
GCF_009806655.1,False,,Clean,Monoderm (Keep)
GCF_009791435.1,False,,Clean,Monoderm (Keep)
GCF_009789635.1,False,,Clean,Monoderm (Keep)
GCF_009792335.1,False,,Clean,Monoderm (Keep)
GCF_009856565.1,False,,Clean,Monoderm (Keep)
GCF_009758075.1,False,,Clean,Monoderm (Keep)
GCF_009832825.1,False,,Clean,Monoderm (Keep)
GCF_009769055.1,False,,Clean,Monoderm (Keep)
GCF_009832845.1,False,,Clean,Monoderm (Keep)
GCF_009759765.1,False,,Clean,Monoderm (Keep)
GCF_009789155.1,False,,Clean,Monoderm (Keep)
GCF_009762655.1,False,,Clean,Monoderm (Keep)
GCF_009789115.1,False,,Clean,Monoderm (Keep)
GCF_009762615.1,False,,Clean,Monoderm (Keep)
GCF_009762695.1,False,,Clean,Monoderm (Keep)
GCF_009759745.1,False,,Clean,Monoderm (Keep)
GCF_009762635.1,False,,Clean,Monoderm (Keep)
GCF_009769145.2,False,,Clean,Monoderm (Keep)
GCF_009759705.1,False,,Clean,Monoderm (Keep)
GCF_009759725.1,False,,Clean,Monoderm (Keep)
GCF_009789135.1,False,,Clean,Monoderm (Keep)
GCF_009856645.1,False,,Clean,Monoderm (Keep)
GCF_009791415.1,False,,Clean,Monoderm (Keep)
GCF_009769015.1,False,,Clean,Monoderm (Keep)
GCF_009755725.1,False,,Clean,Monoderm (Keep)
GCF_009791515.1,False,,Clean,Monoderm (Keep)
GCF_009834265.1,False,,Clean,Monoderm (Keep)
GCF_009796305.1,False,,Clean,Monoderm (Keep)
GCF_009858175.1,False,,Clean,Monoderm (Keep)
GCF_009834165.1,False,,Clean,Monoderm (Keep)
GCF_009834045.1,False,,Clean,Monoderm (Keep)
GCF_009831375.1,False,,Clean,Monoderm (Keep)
GCF_009759805.1,False,,Clean,Monoderm (Keep)
GCF_009834025.1,False,,Clean,Monoderm (Keep)
GCF_009856975.1,False,,Clean,Monoderm (Keep)
GCF_009834925.2,False,,Clean,Monoderm (Keep)
GCF_009818105.1,False,,Clean,Monoderm (Keep)
GCF_009762675.2,False,,Clean,Monoderm (Keep)
GCF_009806595.1,False,,Clean,Monoderm (Keep)
GCF_009806615.1,False,,Clean,Monoderm (Keep)
GCF_009857115.1,False,,Clean,Monoderm (Keep)
GCF_009806695.1,False,,Clean,Monoderm (Keep)
GCF_009789615.1,False,,Clean,Monoderm (Keep)
GCF_009834085.1,False,,Clean,Monoderm (Keep)
GCF_009741445.1,False,,Clean,Monoderm (Keep)
GCF_009834105.1,False,,Clean,Monoderm (Keep)
GCF_009832925.1,False,,Clean,Monoderm (Keep)
GCF_009834145.1,False,,Clean,Monoderm (Keep)
GCF_009857135.1,False,,Clean,Monoderm (Keep)
GCF_009796285.1,False,,Clean,Monoderm (Keep)
GCF_009883755.2,False,,Clean,Monoderm (Keep)
GCF_009861435.1,False,,Clean,Monoderm (Keep)
GCF_009866825.1,False,,Clean,Monoderm (Keep)
GCF_009859915.1,False,,Clean,Monoderm (Keep)
GCF_009834125.1,False,,Clean,Monoderm (Keep)
GCF_009873315.1,False,,Clean,Monoderm (Keep)
GCF_009866905.1,False,,Clean,Monoderm (Keep)
GCF_009866885.1,False,,Clean,Monoderm (Keep)
GCF_009873455.1,False,,Clean,Monoderm (Keep)
GCF_009867095.1,False,,Clean,Monoderm (Keep)
GCF_009866865.1,False,,Clean,Monoderm (Keep)
GCF_009905175.1,False,,Clean,Monoderm (Keep)
GCF_009905275.1,False,,Clean,Monoderm (Keep)
GCF_009905255.1,False,,Clean,Monoderm (Keep)
GCF_009911965.1,False,,Clean,Monoderm (Keep)
GCF_009912015.1,False,,Clean,Monoderm (Keep)
GCF_009912415.1,False,,Clean,Monoderm (Keep)
GCF_009912355.1,False,,Clean,Monoderm (Keep)
GCF_009912375.1,False,,Clean,Monoderm (Keep)
GCF_009912755.1,False,,Clean,Monoderm (Keep)
GCF_009911815.1,False,,Clean,Monoderm (Keep)
GCF_009911855.1,False,,Clean,Monoderm (Keep)
GCF_009912555.1,False,,Clean,Monoderm (Keep)
GCF_009912655.1,False,,Clean,Monoderm (Keep)
GCF_009912695.1,False,,Clean,Monoderm (Keep)
GCF_009912255.1,False,,Clean,Monoderm (Keep)
GCF_009912075.1,False,,Clean,Monoderm (Keep)
GCF_009912775.1,False,,Clean,Monoderm (Keep)
GCF_009912195.1,False,,Clean,Monoderm (Keep)
GCF_009912735.1,False,,Clean,Monoderm (Keep)
GCF_009912855.1,False,,Clean,Monoderm (Keep)
GCF_009883715.1,False,,Clean,Monoderm (Keep)
GCF_009911795.1,False,,Clean,Monoderm (Keep)
GCF_009912635.1,False,,Clean,Monoderm (Keep)
GCF_009912295.1,False,,Clean,Monoderm (Keep)
GCF_009911895.1,False,,Clean,Monoderm (Keep)
GCF_009912495.1,False,,Clean,Monoderm (Keep)
GCF_009912815.1,False,,Clean,Monoderm (Keep)
GCF_009912675.1,False,,Clean,Monoderm (Keep)
GCF_009912095.1,False,,Clean,Monoderm (Keep)
GCF_009912615.1,False,,Clean,Monoderm (Keep)
GCF_009912535.1,False,,Clean,Monoderm (Keep)
GCF_009912455.1,False,,Clean,Monoderm (Keep)
GCF_009912155.1,False,,Clean,Monoderm (Keep)
GCF_009911835.1,False,,Clean,Monoderm (Keep)
GCF_009912475.1,False,,Clean,Monoderm (Keep)
GCF_009912715.1,False,,Clean,Monoderm (Keep)
GCF_009912435.1,False,,Clean,Monoderm (Keep)
GCF_009912335.1,False,,Clean,Monoderm (Keep)
GCF_009912835.1,False,,Clean,Monoderm (Keep)
GCF_009912035.1,False,,Clean,Monoderm (Keep)
GCF_009912115.1,False,,Clean,Monoderm (Keep)
GCF_009912595.1,False,,Clean,Monoderm (Keep)
GCF_009911775.1,False,,Clean,Monoderm (Keep)
GCF_009884005.1,False,,Clean,Monoderm (Keep)
GCF_009906915.1,False,,Clean,Monoderm (Keep)
GCF_009912895.1,False,,Clean,Monoderm (Keep)
GCF_009912875.1,False,,Clean,Monoderm (Keep)
GCF_009912915.1,False,,Clean,Monoderm (Keep)
GCF_009912935.1,False,,Clean,Monoderm (Keep)
GCF_009912795.1,False,,Clean,Monoderm (Keep)
GCF_009912955.1,False,,Clean,Monoderm (Keep)
GCF_009912975.1,False,,Clean,Monoderm (Keep)
GCF_009867075.1,False,,Clean,Monoderm (Keep)
GCF_009913075.1,False,,Clean,Monoderm (Keep)
GCF_009912995.1,False,,Clean,Monoderm (Keep)
GCF_009913035.1,False,,Clean,Monoderm (Keep)
GCF_009913115.1,False,,Clean,Monoderm (Keep)
GCF_009913055.1,False,,Clean,Monoderm (Keep)
GCF_009913015.1,False,,Clean,Monoderm (Keep)
GCF_009913175.1,False,,Clean,Monoderm (Keep)
GCF_009913215.1,False,,Clean,Monoderm (Keep)
GCF_009913095.1,False,,Clean,Monoderm (Keep)
GCF_009913155.1,False,,Clean,Monoderm (Keep)
GCF_009913135.1,False,,Clean,Monoderm (Keep)
GCF_009913195.1,False,,Clean,Monoderm (Keep)
GCF_009913255.1,False,,Clean,Monoderm (Keep)
GCF_009913275.1,False,,Clean,Monoderm (Keep)
GCF_009939805.1,False,,Clean,Monoderm (Keep)
GCF_009940965.1,False,,Clean,Monoderm (Keep)
GCF_009939825.1,False,,Clean,Monoderm (Keep)
GCF_009942395.1,False,,Clean,Monoderm (Keep)
GCF_009932885.2,False,,Clean,Monoderm (Keep)
GCF_009913935.1,False,,Clean,Monoderm (Keep)
GCF_009940325.1,False,,Clean,Monoderm (Keep)
GCF_009913675.1,False,,Clean,Monoderm (Keep)
GCF_009913995.1,False,,Clean,Monoderm (Keep)
GCF_009937825.1,False,,Clean,Monoderm (Keep)
GCF_009914095.1,False,,Clean,Monoderm (Keep)
GCF_009939765.1,False,,Clean,Monoderm (Keep)
GCF_009942655.1,False,,Clean,Monoderm (Keep)
GCF_009939975.1,False,,Clean,Monoderm (Keep)
GCF_009937785.1,False,,Clean,Monoderm (Keep)
GCF_009914015.1,False,,Clean,Monoderm (Keep)
GCF_009941325.1,False,,Clean,Monoderm (Keep)
GCF_009941705.1,False,,Clean,Monoderm (Keep)
GCF_009913955.1,False,,Clean,Monoderm (Keep)
GCF_009913895.1,False,,Clean,Monoderm (Keep)
GCF_009939745.1,False,,Clean,Monoderm (Keep)
GCF_009939845.1,False,,Clean,Monoderm (Keep)
GCF_009942155.1,False,,Clean,Monoderm (Keep)
GCF_009913875.1,False,,Clean,Monoderm (Keep)
GCF_009933525.1,False,,Clean,Monoderm (Keep)
GCF_009914035.1,False,,Clean,Monoderm (Keep)
GCF_009932715.2,False,,Clean,Monoderm (Keep)
GCF_009913975.1,False,,Clean,Monoderm (Keep)
GCF_009930895.1,False,,Clean,Monoderm (Keep)
GCF_009932935.2,False,,Clean,Monoderm (Keep)
GCF_009939785.1,False,,Clean,Monoderm (Keep)
GCF_009913555.1,False,,Clean,Monoderm (Keep)
GCF_009936335.1,False,,Clean,Monoderm (Keep)
GCF_009913915.1,False,,Clean,Monoderm (Keep)
GCF_009931715.1,False,,Clean,Monoderm (Keep)
GCF_009913695.1,False,,Clean,Monoderm (Keep)
GCF_009913855.1,False,,Clean,Monoderm (Keep)
GCF_009914455.1,False,,Clean,Monoderm (Keep)
GCF_009938285.1,False,,Clean,Monoderm (Keep)
GCF_009913835.1,False,,Clean,Monoderm (Keep)
GCF_009913535.1,False,,Clean,Monoderm (Keep)
GCF_009930955.1,False,,Clean,Monoderm (Keep)
GCF_009931635.1,False,,Clean,Monoderm (Keep)
GCF_009930915.1,False,,Clean,Monoderm (Keep)
GCF_009933595.1,False,,Clean,Monoderm (Keep)
GCF_009931415.1,False,,Clean,Monoderm (Keep)
GCF_009913655.1,False,,Clean,Monoderm (Keep)
GCF_009930875.1,False,,Clean,Monoderm (Keep)
GCF_009913615.1,False,,Clean,Monoderm (Keep)
GCF_009930775.1,False,,Clean,Monoderm (Keep)
GCF_009938075.1,False,,Clean,Monoderm (Keep)
GCF_009914195.1,False,,Clean,Monoderm (Keep)
GCF_009931395.1,False,,Clean,Monoderm (Keep)
GCF_009930795.1,False,,Clean,Monoderm (Keep)
GCF_009913635.1,False,,Clean,Monoderm (Keep)
GCF_009913575.1,False,,Clean,Monoderm (Keep)
GCF_009914535.1,False,,Clean,Monoderm (Keep)
GCF_009914155.1,False,,Clean,Monoderm (Keep)
GCF_009913515.1,False,,Clean,Monoderm (Keep)
GCF_009914175.1,False,,Clean,Monoderm (Keep)
GCF_009913395.1,False,,Clean,Monoderm (Keep)
GCF_009914135.1,False,,Clean,Monoderm (Keep)
GCF_009913335.1,False,,Clean,Monoderm (Keep)
GCF_009913595.1,False,,Clean,Monoderm (Keep)
GCF_009913375.1,False,,Clean,Monoderm (Keep)
GCF_009913315.1,False,,Clean,Monoderm (Keep)
GCF_009914515.1,False,,Clean,Monoderm (Keep)
GCF_009913475.1,False,,Clean,Monoderm (Keep)
GCF_009913355.1,False,,Clean,Monoderm (Keep)
GCF_009913495.1,False,,Clean,Monoderm (Keep)
GCF_009914495.1,False,,Clean,Monoderm (Keep)
GCF_009913295.1,False,,Clean,Monoderm (Keep)
GCF_009942915.1,False,,Clean,Monoderm (Keep)
GCF_009931675.1,False,,Clean,Monoderm (Keep)
GCF_009931355.1,False,,Clean,Monoderm (Keep)
GCF_009943205.1,False,,Clean,Monoderm (Keep)
GCF_009943505.1,False,,Clean,Monoderm (Keep)
GCF_009931695.1,False,,Clean,Monoderm (Keep)
GCF_009946285.1,False,,Clean,Monoderm (Keep)
GCF_009945865.1,False,,Clean,Monoderm (Keep)
GCF_009944725.1,False,,Clean,Monoderm (Keep)
GCF_009944335.1,False,,Clean,Monoderm (Keep)
GCF_009945535.1,False,,Clean,Monoderm (Keep)
GCF_009947575.1,False,,Clean,Monoderm (Keep)
GCF_009947205.1,False,,Clean,Monoderm (Keep)
GCF_009946845.1,False,,Clean,Monoderm (Keep)
GCF_010365785.1,False,,Clean,Monoderm (Keep)
GCF_009944075.1,False,,Clean,Monoderm (Keep)
GCF_009947985.1,False,,Clean,Monoderm (Keep)
GCF_009943805.1,False,,Clean,Monoderm (Keep)
GCF_009948395.1,False,,Clean,Monoderm (Keep)
GCF_009945165.1,False,,Clean,Monoderm (Keep)
GCF_010365805.1,False,,Clean,Monoderm (Keep)
GCF_009936235.1,False,,Clean,Monoderm (Keep)
GCF_009936315.1,False,,Clean,Monoderm (Keep)
GCF_010727325.1,False,,Clean,Monoderm (Keep)
GCF_010729105.1,False,,Clean,Monoderm (Keep)
GCF_010587175.1,False,,Clean,Monoderm (Keep)
GCF_010669265.1,False,,Clean,Monoderm (Keep)
GCF_010537155.1,False,,Clean,Monoderm (Keep)
GCF_010092945.1,False,,Clean,Monoderm (Keep)
GCF_010586925.1,False,,Clean,Monoderm (Keep)
GCF_010587305.1,False,,Clean,Monoderm (Keep)
GCF_010587105.1,False,,Clean,Monoderm (Keep)
GCF_010587255.1,False,,Clean,Monoderm (Keep)
GCF_010509075.1,False,,Clean,Monoderm (Keep)
GCF_010586905.1,False,,Clean,Monoderm (Keep)
GCF_010120595.1,False,,Clean,Monoderm (Keep)
GCF_010669305.1,False,,Clean,Monoderm (Keep)
GCF_010586945.1,False,,Clean,Monoderm (Keep)
GCF_010120755.1,False,,Clean,Monoderm (Keep)
GCF_010092385.1,False,,Clean,Monoderm (Keep)
GCF_010587055.1,False,,Clean,Monoderm (Keep)
GCF_010092485.1,False,,Clean,Monoderm (Keep)
GCF_010523235.1,False,,Clean,Monoderm (Keep)
GCF_010669085.1,False,,Clean,Monoderm (Keep)
GCF_010443035.1,False,,Clean,Monoderm (Keep)
GCF_010509575.1,False,,Clean,Monoderm (Keep)
GCF_010669245.1,False,,Clean,Monoderm (Keep)
GCF_010092505.1,False,,Clean,Monoderm (Keep)
GCF_010365285.1,False,,Clean,Monoderm (Keep)
GCF_010537335.1,False,,Clean,Monoderm (Keep)
GCF_010103655.1,False,,Clean,Monoderm (Keep)
GCF_010442835.1,False,,Clean,Monoderm (Keep)
GCF_010120715.1,False,,Clean,Monoderm (Keep)
GCF_010365305.1,False,,Clean,Monoderm (Keep)
GCF_010728155.1,False,,Clean,Monoderm (Keep)
GCF_010119915.1,False,,Clean,Monoderm (Keep)
GCF_010726505.1,False,,Clean,Monoderm (Keep)
GCF_010508875.1,False,,Clean,Monoderm (Keep)
GCF_010725725.1,False,,Clean,Monoderm (Keep)
GCF_010727125.1,False,,Clean,Monoderm (Keep)
GCF_010726085.1,False,,Clean,Monoderm (Keep)
GCF_010727725.1,False,,Clean,Monoderm (Keep)
GCF_010728525.1,False,,Clean,Monoderm (Keep)
GCF_010669045.1,False,,Clean,Monoderm (Keep)
GCF_010119935.1,False,,Clean,Monoderm (Keep)
GCF_010726955.1,False,,Clean,Monoderm (Keep)
GCF_010725885.1,False,,Clean,Monoderm (Keep)
GCF_010728925.1,False,,Clean,Monoderm (Keep)
GCF_010450915.1,False,,Clean,Monoderm (Keep)
GCF_010727605.1,False,,Clean,Monoderm (Keep)
GCF_010727945.1,False,,Clean,Monoderm (Keep)
GCF_010725485.1,False,,Clean,Monoderm (Keep)
GCF_010726245.1,False,,Clean,Monoderm (Keep)
GCF_010669205.1,False,,Clean,Monoderm (Keep)
GCF_010728325.1,False,,Clean,Monoderm (Keep)
GCF_010384365.1,False,,Clean,Monoderm (Keep)
GCF_010729305.1,False,,Clean,Monoderm (Keep)
GCF_010727475.1,False,,Clean,Monoderm (Keep)
GCF_010728725.1,False,,Clean,Monoderm (Keep)
GCF_010729485.1,False,,Clean,Monoderm (Keep)
GCF_010669165.1,False,,Clean,Monoderm (Keep)
GCF_010729665.1,False,,Clean,Monoderm (Keep)
GCF_010730055.1,False,,Clean,Monoderm (Keep)
GCF_010731615.1,False,,Clean,Monoderm (Keep)
GCF_010729895.1,False,,Clean,Monoderm (Keep)
GCF_010730195.1,False,,Clean,Monoderm (Keep)
GCF_010730355.1,False,,Clean,Monoderm (Keep)
GCF_011058695.1,False,,Clean,Monoderm (Keep)
GCF_010993845.2,False,,Clean,Monoderm (Keep)
GCF_011045395.1,False,,Clean,Monoderm (Keep)
GCF_011044335.1,False,,Clean,Monoderm (Keep)
GCF_011058775.1,False,,Clean,Monoderm (Keep)
GCF_010993915.2,False,,Clean,Monoderm (Keep)
GCF_011032785.1,False,,Clean,Monoderm (Keep)
GCF_011035105.1,False,,Clean,Monoderm (Keep)
GCF_011038645.2,False,,Clean,Monoderm (Keep)
GCF_011022295.1,False,,Clean,Monoderm (Keep)
GCF_011045555.1,False,,Clean,Monoderm (Keep)
GCF_010731675.1,False,,Clean,Monoderm (Keep)
GCF_011058715.1,False,,Clean,Monoderm (Keep)
GCF_011058795.1,False,,Clean,Monoderm (Keep)
GCF_011032745.1,False,,Clean,Monoderm (Keep)
GCF_011044195.1,False,,Clean,Monoderm (Keep)
GCF_010731295.1,False,,Clean,Monoderm (Keep)
GCF_010731815.2,False,,Clean,Monoderm (Keep)
GCF_010993865.2,False,,Clean,Monoderm (Keep)
GCF_011038885.2,False,,Clean,Monoderm (Keep)
GCF_011032765.1,False,,Clean,Monoderm (Keep)
GCF_011038575.1,False,,Clean,Monoderm (Keep)
GCF_010731835.1,False,,Clean,Monoderm (Keep)
GCF_010731635.1,False,,Clean,Monoderm (Keep)
GCF_010731535.1,False,,Clean,Monoderm (Keep)
GCF_010730745.1,False,,Clean,Monoderm (Keep)
GCF_010731575.1,False,,Clean,Monoderm (Keep)
GCF_010730575.1,False,,Clean,Monoderm (Keep)
GCF_010731655.1,False,,Clean,Monoderm (Keep)
GCF_010731115.1,False,,Clean,Monoderm (Keep)
GCF_010731795.1,False,,Clean,Monoderm (Keep)
GCF_010731715.1,False,,Clean,Monoderm (Keep)
GCF_010731695.1,False,,Clean,Monoderm (Keep)
GCF_010731595.1,False,,Clean,Monoderm (Keep)
GCF_010731735.1,False,,Clean,Monoderm (Keep)
GCF_010731775.1,False,,Clean,Monoderm (Keep)
GCF_011058735.1,False,,Clean,Monoderm (Keep)
GCF_011058755.1,False,,Clean,Monoderm (Keep)
GCF_011064785.1,False,,Clean,Monoderm (Keep)
GCF_011046975.1,False,,Clean,Monoderm (Keep)
GCF_011193375.1,False,,Clean,Monoderm (Keep)
GCF_011299095.1,False,,Clean,Monoderm (Keep)
GCF_011065325.1,False,,Clean,Monoderm (Keep)
GCF_010731915.1,False,,Clean,Monoderm (Keep)
GCF_011290565.1,False,,Clean,Monoderm (Keep)
GCF_011100465.1,False,,Clean,Monoderm (Keep)
GCF_011038655.2,False,,Clean,Monoderm (Keep)
GCF_011047135.1,False,,Clean,Monoderm (Keep)
GCF_011299615.1,False,,Clean,Monoderm (Keep)
GCF_011082085.1,False,,Clean,Monoderm (Keep)
GCF_011008975.1,False,,Clean,Monoderm (Keep)
GCF_011046485.1,False,,Clean,Monoderm (Keep)
GCF_011032725.1,False,,Clean,Monoderm (Keep)
GCF_010731875.1,False,,Clean,Monoderm (Keep)
GCF_010731895.1,False,,Clean,Monoderm (Keep)
GCF_010731855.1,False,,Clean,Monoderm (Keep)
GCF_010748895.1,False,,Clean,Monoderm (Keep)
GCF_010731935.1,False,,Clean,Monoderm (Keep)
GCF_011299575.1,False,,Clean,Monoderm (Keep)
GCF_011046535.1,False,,Clean,Monoderm (Keep)
GCF_011058275.1,False,,Clean,Monoderm (Keep)
GCF_011100445.1,False,,Clean,Monoderm (Keep)
GCF_011006355.1,False,,Clean,Monoderm (Keep)
GCF_011299595.1,False,,Clean,Monoderm (Keep)
GCF_011300215.1,False,,Clean,Monoderm (Keep)
GCF_011220525.1,False,,Clean,Monoderm (Keep)
GCF_011303955.1,False,,Clean,Monoderm (Keep)
GCF_011304355.1,False,,Clean,Monoderm (Keep)
GCF_011301115.1,False,,Clean,Monoderm (Keep)
GCF_011304195.1,False,,Clean,Monoderm (Keep)
GCF_011300875.1,False,,Clean,Monoderm (Keep)
GCF_011304595.2,False,,Clean,Monoderm (Keep)
GCF_011290605.1,False,,Clean,Monoderm (Keep)
GCF_011463755.1,False,,Clean,Monoderm (Keep)
GCF_011464015.1,False,,Clean,Monoderm (Keep)
GCF_011464495.1,False,,Clean,Monoderm (Keep)
GCF_011463895.1,False,,Clean,Monoderm (Keep)
GCF_011464655.1,False,,Clean,Monoderm (Keep)
GCF_011464975.1,False,,Clean,Monoderm (Keep)
GCF_011464375.1,False,,Clean,Monoderm (Keep)
GCF_011464075.1,False,,Clean,Monoderm (Keep)
GCF_011464815.1,False,,Clean,Monoderm (Keep)
GCF_011464055.1,False,,Clean,Monoderm (Keep)
GCF_011464035.1,False,,Clean,Monoderm (Keep)
GCF_011463995.1,False,,Clean,Monoderm (Keep)
GCF_011464195.1,False,,Clean,Monoderm (Keep)
GCF_011387195.1,False,,Clean,Monoderm (Keep)
GCF_011694695.1,False,,Clean,Monoderm (Keep)
GCF_011397115.1,False,,Clean,Monoderm (Keep)
GCF_011466875.1,False,,Clean,Monoderm (Keep)
GCF_011405175.1,False,,Clean,Monoderm (Keep)
GCF_011383065.1,False,,Clean,Monoderm (Keep)
GCF_011751945.2,False,,Clean,Monoderm (Keep)
GCF_011492965.1,False,,Clean,Monoderm (Keep)
GCF_011492945.1,False,,Clean,Monoderm (Keep)
GCF_011400295.1,False,,Clean,Monoderm (Keep)
GCF_011604585.1,False,,Clean,Monoderm (Keep)
GCF_011466855.1,False,,Clean,Monoderm (Keep)
GCF_011745645.1,False,,Clean,Monoderm (Keep)
GCF_011403135.1,False,,Clean,Monoderm (Keep)
GCF_011382965.1,False,,Clean,Monoderm (Keep)
GCF_011399455.1,False,,Clean,Monoderm (Keep)
GCF_011405655.1,False,,Clean,Monoderm (Keep)
GCF_011399315.1,False,,Clean,Monoderm (Keep)
GCF_011612265.2,False,,Clean,Monoderm (Keep)
GCF_011612585.1,False,,Clean,Monoderm (Keep)
GCF_011765525.1,False,,Clean,Monoderm (Keep)
GCF_011382985.1,False,,Clean,Monoderm (Keep)
GCF_011383005.1,False,,Clean,Monoderm (Keep)
GCF_011462075.1,False,,Clean,Monoderm (Keep)
GCF_011398925.1,False,,Clean,Monoderm (Keep)
GCF_011617705.1,False,,Clean,Monoderm (Keep)
GCF_011393335.1,False,,Clean,Monoderm (Keep)
GCF_011420305.2,False,,Clean,Monoderm (Keep)
GCF_011617465.1,False,,Clean,Monoderm (Keep)
GCF_011617245.1,False,,Clean,Monoderm (Keep)
GCF_011765505.1,False,,Clean,Monoderm (Keep)
GCF_011764605.1,False,,Clean,Monoderm (Keep)
GCF_011765585.1,False,,Clean,Monoderm (Keep)
GCF_011751865.2,False,,Clean,Monoderm (Keep)
GCF_011694815.1,False,,Clean,Monoderm (Keep)
GCF_011801285.1,False,,Clean,Monoderm (Keep)
GCF_011801245.1,False,,Clean,Monoderm (Keep)
GCF_011995665.1,False,,Clean,Monoderm (Keep)
GCF_011770105.1,False,,Clean,Monoderm (Keep)
GCF_011801265.1,False,,Clean,Monoderm (Keep)
GCF_011765485.1,False,,Clean,Monoderm (Keep)
GCF_011611865.1,False,,Clean,Monoderm (Keep)
GCF_011765545.1,False,,Clean,Monoderm (Keep)
GCF_011769905.1,False,,Clean,Monoderm (Keep)
GCF_011751745.2,False,,Clean,Monoderm (Keep)
GCF_011751885.2,False,,Clean,Monoderm (Keep)
GCF_011751765.2,False,,Clean,Monoderm (Keep)
GCF_011769925.1,False,,Clean,Monoderm (Keep)
GCF_011784665.1,False,,Clean,Monoderm (Keep)
GCF_011650445.1,False,,Clean,Monoderm (Keep)
GCF_011995885.1,False,,Clean,Monoderm (Keep)
GCF_011751035.2,False,,Clean,Monoderm (Keep)
GCF_011801125.1,False,,Clean,Monoderm (Keep)
GCF_012220065.1,False,,Clean,Monoderm (Keep)
GCF_011996525.1,False,,Clean,Monoderm (Keep)
GCF_012222705.1,False,,Clean,Monoderm (Keep)
GCF_012109355.1,False,,Clean,Monoderm (Keep)
GCF_012220205.1,False,,Clean,Monoderm (Keep)
GCF_012219705.1,False,,Clean,Monoderm (Keep)
GCF_012220405.1,False,,Clean,Monoderm (Keep)
GCF_012219925.1,False,,Clean,Monoderm (Keep)
GCF_012272695.1,False,,Clean,Monoderm (Keep)
GCF_012109075.1,False,,Clean,Monoderm (Keep)
GCF_012273035.1,False,,Clean,Monoderm (Keep)
GCF_012222485.1,False,,Clean,Monoderm (Keep)
GCF_012271835.1,False,,Clean,Monoderm (Keep)
GCF_011764565.1,False,,Clean,Monoderm (Keep)
GCF_011764545.1,False,,Clean,Monoderm (Keep)
GCF_011820545.1,False,,Clean,Monoderm (Keep)
GCF_011801145.1,False,,Clean,Monoderm (Keep)
GCF_012516495.1,False,,Clean,Monoderm (Keep)
GCF_012045505.1,False,,Clean,Monoderm (Keep)
GCF_012045365.1,False,,Clean,Monoderm (Keep)
GCF_012272955.1,False,,Clean,Monoderm (Keep)
GCF_012044215.1,False,,Clean,Monoderm (Keep)
GCF_012044475.1,False,,Clean,Monoderm (Keep)
GCF_012225885.1,False,,Clean,Monoderm (Keep)
GCF_012226065.1,False,,Clean,Monoderm (Keep)
GCF_012030675.1,False,,Clean,Monoderm (Keep)
GCF_011801165.1,False,,Clean,Monoderm (Keep)
GCF_012295505.1,False,,Clean,Monoderm (Keep)
GCF_012572265.1,False,,Clean,Monoderm (Keep)
GCF_012844385.1,False,,Clean,Monoderm (Keep)
GCF_012563545.1,False,,Clean,Monoderm (Keep)
GCF_012530535.1,False,,Clean,Monoderm (Keep)
GCF_012844405.1,False,,Clean,Monoderm (Keep)
GCF_012593885.1,False,,Clean,Monoderm (Keep)
GCF_012931845.1,False,,Clean,Monoderm (Keep)
GCF_012317045.1,False,,Clean,Monoderm (Keep)
GCF_012275165.1,False,,Clean,Monoderm (Keep)
GCF_012851115.1,False,,Clean,Monoderm (Keep)
GCF_012689565.1,False,,Clean,Monoderm (Keep)
GCF_012932975.2,False,,Clean,Monoderm (Keep)
GCF_012932985.2,False,,Clean,Monoderm (Keep)
GCF_012848655.1,False,,Clean,Monoderm (Keep)
GCF_012594215.1,False,,Clean,Monoderm (Keep)
GCF_012277275.1,False,,Clean,Monoderm (Keep)
GCF_012317385.1,False,,Clean,Monoderm (Keep)
GCF_012844365.1,False,,Clean,Monoderm (Keep)
GCF_012648005.1,False,,Clean,Monoderm (Keep)
GCF_012317185.1,False,,Clean,Monoderm (Keep)
GCF_012648205.1,False,,Clean,Monoderm (Keep)
GCF_012572025.1,False,,Clean,Monoderm (Keep)
GCF_012647845.1,False,,Clean,Monoderm (Keep)
GCF_012648345.1,False,,Clean,Monoderm (Keep)
GCF_012044595.1,False,,Clean,Monoderm (Keep)
GCF_012275205.1,False,,Clean,Monoderm (Keep)
GCF_012923765.1,False,,Clean,Monoderm (Keep)
GCF_012931705.2,False,,Clean,Monoderm (Keep)
GCF_012676905.1,False,,Clean,Monoderm (Keep)
GCF_012277335.1,False,,Clean,Monoderm (Keep)
GCF_012273515.1,False,,Clean,Monoderm (Keep)
GCF_012849095.1,False,,Clean,Monoderm (Keep)
GCF_012934855.1,False,,Clean,Monoderm (Keep)
GCF_012934885.1,False,,Clean,Monoderm (Keep)
GCF_012933075.2,False,,Clean,Monoderm (Keep)
GCF_013000945.1,False,,Clean,Monoderm (Keep)
GCF_012933165.2,False,,Clean,Monoderm (Keep)
GCF_012933195.2,False,,Clean,Monoderm (Keep)
GCF_012933055.2,False,,Clean,Monoderm (Keep)
GCF_012933285.2,False,,Clean,Monoderm (Keep)
GCF_013003945.1,False,,Clean,Monoderm (Keep)
GCF_012955485.1,False,,Clean,Monoderm (Keep)
GCF_012933265.2,False,,Clean,Monoderm (Keep)
GCF_012955605.1,False,,Clean,Monoderm (Keep)
GCF_012974825.1,False,,Clean,Monoderm (Keep)
GCF_012933295.2,False,,Clean,Monoderm (Keep)
GCF_012974545.1,False,,Clean,Monoderm (Keep)
GCF_012933245.2,False,,Clean,Monoderm (Keep)
GCF_013008815.1,False,,Clean,Monoderm (Keep)
GCF_013008635.1,False,,Clean,Monoderm (Keep)
GCF_012933345.2,False,,Clean,Monoderm (Keep)
GCF_013127315.1,False,,Clean,Monoderm (Keep)
GCF_012275145.1,False,,Clean,Monoderm (Keep)
GCF_012273535.1,False,,Clean,Monoderm (Keep)
GCF_012974285.1,False,,Clean,Monoderm (Keep)
GCF_013004125.1,False,,Clean,Monoderm (Keep)
GCF_013008375.1,False,,Clean,Monoderm (Keep)
GCF_013046865.1,False,,Clean,Monoderm (Keep)
GCF_013046825.1,False,,Clean,Monoderm (Keep)
GCF_013004085.1,False,,Clean,Monoderm (Keep)
GCF_013014885.1,False,,Clean,Monoderm (Keep)
GCF_013046805.1,False,,Clean,Monoderm (Keep)
GCF_013046885.1,False,,Clean,Monoderm (Keep)
GCF_013047165.1,False,,Clean,Monoderm (Keep)
GCF_013184985.2,False,,Clean,Monoderm (Keep)
GCF_013187685.1,False,,Clean,Monoderm (Keep)
GCF_013137955.1,False,,Clean,Monoderm (Keep)
GCF_013256965.1,False,,Clean,Monoderm (Keep)
GCF_013113675.1,False,,Clean,Monoderm (Keep)
GCF_013138395.1,False,,Clean,Monoderm (Keep)
GCF_013177375.1,False,,Clean,Monoderm (Keep)
GCF_013177415.1,False,,Clean,Monoderm (Keep)
GCF_013177395.1,False,,Clean,Monoderm (Keep)
GCF_013112035.1,False,,Clean,Monoderm (Keep)
GCF_013113715.1,False,,Clean,Monoderm (Keep)
GCF_013113775.1,False,,Clean,Monoderm (Keep)
GCF_013127755.1,False,,Clean,Monoderm (Keep)
GCF_013267415.1,False,,Clean,Monoderm (Keep)
GCF_013201055.1,False,,Clean,Monoderm (Keep)
GCF_013205725.1,False,,Clean,Monoderm (Keep)
GCF_013112415.1,False,,Clean,Monoderm (Keep)
GCF_013177295.1,False,,Clean,Monoderm (Keep)
GCF_013112375.1,False,,Clean,Monoderm (Keep)
GCF_013122235.1,False,,Clean,Monoderm (Keep)
GCF_013137935.1,False,,Clean,Monoderm (Keep)
GCF_013167115.1,False,,Clean,Monoderm (Keep)
GCF_013265585.1,False,,Clean,Monoderm (Keep)
GCF_013155145.1,False,,Clean,Monoderm (Keep)
GCF_013177455.1,False,,Clean,Monoderm (Keep)
GCF_013122255.1,False,,Clean,Monoderm (Keep)
GCF_013201135.1,False,,Clean,Monoderm (Keep)
GCF_013122275.1,False,,Clean,Monoderm (Keep)
GCF_013010385.1,False,,Clean,Monoderm (Keep)
GCF_013201465.1,False,,Clean,Monoderm (Keep)
GCF_013009385.1,False,,Clean,Monoderm (Keep)
GCF_013112015.1,False,,Clean,Monoderm (Keep)
GCF_013046785.1,False,,Clean,Monoderm (Keep)
GCF_013009255.1,False,,Clean,Monoderm (Keep)
GCF_013155125.1,False,,Clean,Monoderm (Keep)
GCF_013267315.1,False,,Clean,Monoderm (Keep)
GCF_013085465.1,False,,Clean,Monoderm (Keep)
GCF_013146705.1,False,,Clean,Monoderm (Keep)
GCF_013267235.1,False,,Clean,Monoderm (Keep)
GCF_013177495.2,False,,Clean,Monoderm (Keep)
GCF_013267255.1,False,,Clean,Monoderm (Keep)
GCF_013267275.1,False,,Clean,Monoderm (Keep)
GCF_013267295.1,False,,Clean,Monoderm (Keep)
GCF_013267495.1,False,,Clean,Monoderm (Keep)
GCF_013267435.1,False,,Clean,Monoderm (Keep)
GCF_013267715.1,False,,Clean,Monoderm (Keep)
GCF_013267575.1,False,,Clean,Monoderm (Keep)
GCF_013267455.1,False,,Clean,Monoderm (Keep)
GCF_013267675.1,False,,Clean,Monoderm (Keep)
GCF_013305285.1,False,,Clean,Monoderm (Keep)
GCF_013267535.1,False,,Clean,Monoderm (Keep)
GCF_013305265.1,False,,Clean,Monoderm (Keep)
GCF_013267475.1,False,,Clean,Monoderm (Keep)
GCF_013283855.1,False,,Clean,Monoderm (Keep)
GCF_013267755.1,False,,Clean,Monoderm (Keep)
GCF_013267515.1,False,,Clean,Monoderm (Keep)
GCF_013305725.1,False,,Clean,Monoderm (Keep)
GCF_013267735.1,False,,Clean,Monoderm (Keep)
GCF_013267695.1,False,,Clean,Monoderm (Keep)
GCF_013285325.1,False,,Clean,Monoderm (Keep)
GCF_013284785.2,False,,Clean,Monoderm (Keep)
GCF_013267655.1,False,,Clean,Monoderm (Keep)
GCF_013283915.1,False,,Clean,Monoderm (Keep)
GCF_013285085.2,False,,Clean,Monoderm (Keep)
GCF_013306985.1,False,,Clean,Monoderm (Keep)
GCF_013307025.1,False,,Clean,Monoderm (Keep)
GCF_013348745.1,False,,Clean,Monoderm (Keep)
GCF_013284455.2,False,,Clean,Monoderm (Keep)
GCF_013305885.1,False,,Clean,Monoderm (Keep)
GCF_013305955.1,False,,Clean,Monoderm (Keep)
GCF_013305905.1,False,,Clean,Monoderm (Keep)
GCF_013307005.2,False,,Clean,Monoderm (Keep)
GCF_013267795.1,False,,Clean,Monoderm (Keep)
GCF_013284505.2,False,,Clean,Monoderm (Keep)
GCF_013267775.1,False,,Clean,Monoderm (Keep)
GCF_013284245.2,False,,Clean,Monoderm (Keep)
GCF_013284375.2,False,,Clean,Monoderm (Keep)
GCF_013282215.1,False,,Clean,Monoderm (Keep)
GCF_013267635.1,False,,Clean,Monoderm (Keep)
GCF_013282805.1,False,,Clean,Monoderm (Keep)
GCF_013341455.1,False,,Clean,Monoderm (Keep)
GCF_013341435.1,False,,Clean,Monoderm (Keep)
GCF_013307085.1,False,,Clean,Monoderm (Keep)
GCF_013343055.1,False,,Clean,Monoderm (Keep)
GCF_013344605.1,False,,Clean,Monoderm (Keep)
GCF_013341395.1,False,,Clean,Monoderm (Keep)
GCF_013307125.1,False,,Clean,Monoderm (Keep)
GCF_013341415.1,False,,Clean,Monoderm (Keep)
GCF_013307265.1,False,,Clean,Monoderm (Keep)
GCF_013307065.1,False,,Clean,Monoderm (Keep)
GCF_013267815.1,False,,Clean,Monoderm (Keep)
GCF_013307285.1,False,,Clean,Monoderm (Keep)
GCF_013307185.1,False,,Clean,Monoderm (Keep)
GCF_013342945.1,False,,Clean,Monoderm (Keep)
GCF_013315815.1,False,,Clean,Monoderm (Keep)
GCF_013317125.1,False,,Clean,Monoderm (Keep)
GCF_013344625.1,False,,Clean,Monoderm (Keep)
GCF_013307105.1,False,,Clean,Monoderm (Keep)
GCF_013348825.1,False,,Clean,Monoderm (Keep)
GCF_013343115.1,False,,Clean,Monoderm (Keep)
GCF_013340725.1,False,,Clean,Monoderm (Keep)
GCF_013348005.1,False,,Clean,Monoderm (Keep)
GCF_013344665.1,False,,Clean,Monoderm (Keep)
GCF_013344645.1,False,,Clean,Monoderm (Keep)
GCF_013328835.1,False,,Clean,Monoderm (Keep)
GCF_013331815.1,False,,Clean,Monoderm (Keep)
GCF_013343075.1,False,,Clean,Monoderm (Keep)
GCF_013348805.1,False,,Clean,Monoderm (Keep)
GCF_013347105.1,False,,Clean,Monoderm (Keep)
GCF_013340745.1,False,,Clean,Monoderm (Keep)
GCF_013348705.1,False,,Clean,Monoderm (Keep)
GCF_013347305.1,False,,Clean,Monoderm (Keep)
GCF_013317105.1,False,,Clean,Monoderm (Keep)
GCF_013357385.1,False,,Clean,Monoderm (Keep)
GCF_013364095.1,False,,Clean,Monoderm (Keep)
GCF_013358365.1,False,,Clean,Monoderm (Keep)
GCF_013363915.1,False,,Clean,Monoderm (Keep)
GCF_013363895.1,False,,Clean,Monoderm (Keep)
GCF_013364175.1,False,,Clean,Monoderm (Keep)
GCF_013367895.1,False,,Clean,Monoderm (Keep)
GCF_013367935.1,False,,Clean,Monoderm (Keep)
GCF_013371665.1,False,,Clean,Monoderm (Keep)
GCF_013367915.1,False,,Clean,Monoderm (Keep)
GCF_013367855.1,False,,Clean,Monoderm (Keep)
GCF_013367975.1,False,,Clean,Monoderm (Keep)
GCF_013367995.1,False,,Clean,Monoderm (Keep)
GCF_013368035.1,False,,Clean,Monoderm (Keep)
GCF_013367955.1,False,,Clean,Monoderm (Keep)
GCF_013368015.1,False,,Clean,Monoderm (Keep)
GCF_013364155.1,False,,Clean,Monoderm (Keep)
GCF_013393745.1,False,,Clean,Monoderm (Keep)
GCF_013402755.1,False,,Clean,Monoderm (Keep)
GCF_013367715.1,False,,Clean,Monoderm (Keep)
GCF_013368775.1,False,,Clean,Monoderm (Keep)
GCF_013364215.1,False,,Clean,Monoderm (Keep)
GCF_013373365.1,False,,Clean,Monoderm (Keep)
GCF_013391185.1,False,,Clean,Monoderm (Keep)
GCF_013364195.1,False,,Clean,Monoderm (Keep)
GCF_013394005.1,False,,Clean,Monoderm (Keep)
GCF_013378355.1,False,,Clean,Monoderm (Keep)
GCF_013364075.1,False,,Clean,Monoderm (Keep)
GCF_013367755.1,False,,Clean,Monoderm (Keep)
GCF_013391165.1,False,,Clean,Monoderm (Keep)
GCF_013391145.1,False,,Clean,Monoderm (Keep)
GCF_013391205.1,False,,Clean,Monoderm (Keep)
GCF_013389395.1,False,,Clean,Monoderm (Keep)
GCF_013394025.1,False,,Clean,Monoderm (Keep)
GCF_013394045.1,False,,Clean,Monoderm (Keep)
GCF_013389715.1,False,,Clean,Monoderm (Keep)
GCF_013394695.1,False,,Clean,Monoderm (Keep)
GCF_013393765.1,False,,Clean,Monoderm (Keep)
GCF_013389665.1,False,,Clean,Monoderm (Keep)
GCF_013395075.1,False,,Clean,Monoderm (Keep)
GCF_013394425.1,False,,Clean,Monoderm (Keep)
GCF_013395015.3,False,,Clean,Monoderm (Keep)
GCF_013401395.2,False,,Clean,Monoderm (Keep)
GCF_013394305.1,False,,Clean,Monoderm (Keep)
GCF_013394385.1,False,,Clean,Monoderm (Keep)
GCF_013403485.1,False,,Clean,Monoderm (Keep)
GCF_013394715.1,False,,Clean,Monoderm (Keep)
GCF_013402775.1,False,,Clean,Monoderm (Keep)
GCF_013394325.1,False,,Clean,Monoderm (Keep)
GCF_013388335.1,False,,Clean,Monoderm (Keep)
GCF_013376795.1,False,,Clean,Monoderm (Keep)
GCF_013393385.1,False,,Clean,Monoderm (Keep)
GCF_013389435.1,False,,Clean,Monoderm (Keep)
GCF_013364375.1,False,,Clean,Monoderm (Keep)
GCF_013364235.1,False,,Clean,Monoderm (Keep)
GCF_013364315.1,False,,Clean,Monoderm (Keep)
GCF_013364275.1,False,,Clean,Monoderm (Keep)
GCF_013364335.1,False,,Clean,Monoderm (Keep)
GCF_013414325.1,False,,Clean,Monoderm (Keep)
GCF_013394225.1,False,,Clean,Monoderm (Keep)
GCF_013414345.1,False,,Clean,Monoderm (Keep)
GCF_013423865.1,False,,Clean,Monoderm (Keep)
GCF_013466785.1,False,,Clean,Monoderm (Keep)
GCF_013426035.1,False,,Clean,Monoderm (Keep)
GCF_013423765.1,False,,Clean,Monoderm (Keep)
GCF_013394245.1,False,,Clean,Monoderm (Keep)
GCF_013389765.1,False,,Clean,Monoderm (Keep)
GCF_013401535.1,False,,Clean,Monoderm (Keep)
GCF_013415955.1,False,,Clean,Monoderm (Keep)
GCF_013394065.1,False,,Clean,Monoderm (Keep)
GCF_013375055.1,False,,Clean,Monoderm (Keep)
GCF_013456995.1,False,,Clean,Monoderm (Keep)
GCF_013463155.1,False,,Clean,Monoderm (Keep)
GCF_013466985.1,False,,Clean,Monoderm (Keep)
GCF_013458335.1,False,,Clean,Monoderm (Keep)
GCF_013836745.1,False,,Clean,Monoderm (Keep)
GCF_014068355.1,False,,Clean,Monoderm (Keep)
GCF_013487885.1,False,,Clean,Monoderm (Keep)
GCF_013487925.1,False,,Clean,Monoderm (Keep)
GCF_013822985.1,False,,Clean,Monoderm (Keep)
GCF_014069315.1,False,,Clean,Monoderm (Keep)
GCF_013488165.1,False,,Clean,Monoderm (Keep)
GCF_013487805.1,False,,Clean,Monoderm (Keep)
GCF_014081765.1,False,,Clean,Monoderm (Keep)
GCF_014068615.1,False,,Clean,Monoderm (Keep)
GCF_013488105.1,False,,Clean,Monoderm (Keep)
GCF_014058425.1,False,,Clean,Monoderm (Keep)
GCF_013836525.1,False,,Clean,Monoderm (Keep)
GCF_014081885.1,False,,Clean,Monoderm (Keep)
GCF_014170115.1,False,,Clean,Monoderm (Keep)
GCF_014070215.1,False,,Clean,Monoderm (Keep)
GCF_014131735.1,False,,Clean,Monoderm (Keep)
GCF_013487845.1,False,,Clean,Monoderm (Keep)
GCF_014084065.1,False,,Clean,Monoderm (Keep)
GCF_014048085.1,False,,Clean,Monoderm (Keep)
GCF_014131795.1,False,,Clean,Monoderm (Keep)
GCF_013458535.1,False,,Clean,Monoderm (Keep)
GCF_014070455.1,False,,Clean,Monoderm (Keep)
GCF_013488185.1,False,,Clean,Monoderm (Keep)
GCF_014023125.1,False,,Clean,Monoderm (Keep)
GCF_014058685.1,False,,Clean,Monoderm (Keep)
GCF_013487945.1,False,,Clean,Monoderm (Keep)
GCF_014041995.1,False,,Clean,Monoderm (Keep)
GCF_014191695.1,False,,Clean,Monoderm (Keep)
GCF_014041875.1,False,,Clean,Monoderm (Keep)
GCF_014069875.1,False,,Clean,Monoderm (Keep)
GCF_013786965.1,False,,Clean,Monoderm (Keep)
GCF_014069575.1,False,,Clean,Monoderm (Keep)
GCF_013423905.1,False,,Clean,Monoderm (Keep)
GCF_014191835.1,False,,Clean,Monoderm (Keep)
GCF_013488125.1,False,,Clean,Monoderm (Keep)
GCF_013488085.1,False,,Clean,Monoderm (Keep)
GCF_014041895.1,False,,Clean,Monoderm (Keep)
GCF_013488145.1,False,,Clean,Monoderm (Keep)
GCF_013487905.1,False,,Clean,Monoderm (Keep)
GCF_013487865.1,False,,Clean,Monoderm (Keep)
GCF_013694365.1,False,,Clean,Monoderm (Keep)
GCF_013467405.1,False,,Clean,Monoderm (Keep)
GCF_014131675.1,False,,Clean,Monoderm (Keep)
GCF_014042015.1,False,,Clean,Monoderm (Keep)
GCF_013694305.1,False,,Clean,Monoderm (Keep)
GCF_014131695.1,False,,Clean,Monoderm (Keep)
GCF_013624435.2,False,,Clean,Monoderm (Keep)
GCF_014171575.1,False,,Clean,Monoderm (Keep)
GCF_014127485.1,False,,Clean,Monoderm (Keep)
GCF_013467165.1,False,,Clean,Monoderm (Keep)
GCF_014127285.1,False,,Clean,Monoderm (Keep)
GCF_014076395.1,False,,Clean,Monoderm (Keep)
GCF_013701805.1,False,,Clean,Monoderm (Keep)
GCF_014117505.1,False,,Clean,Monoderm (Keep)
GCF_014108865.1,False,,Clean,Monoderm (Keep)
GCF_014126825.1,False,,Clean,Monoderm (Keep)
GCF_014042035.1,False,,Clean,Monoderm (Keep)
GCF_013781885.1,False,,Clean,Monoderm (Keep)
GCF_013875015.1,False,,Clean,Monoderm (Keep)
GCF_013694265.1,False,,Clean,Monoderm (Keep)
GCF_014180705.2,False,,Clean,Monoderm (Keep)
GCF_014171535.1,False,,Clean,Monoderm (Keep)
GCF_014041935.1,False,,Clean,Monoderm (Keep)
GCF_013466425.1,False,,Clean,Monoderm (Keep)
GCF_014107495.1,False,,Clean,Monoderm (Keep)
GCF_013693715.1,False,,Clean,Monoderm (Keep)
GCF_014083985.1,False,,Clean,Monoderm (Keep)
GCF_013414305.1,False,,Clean,Monoderm (Keep)
GCF_014084125.1,False,,Clean,Monoderm (Keep)
GCF_014070435.1,False,,Clean,Monoderm (Keep)
GCF_013744875.1,False,,Clean,Monoderm (Keep)
GCF_014192005.1,False,,Clean,Monoderm (Keep)
GCF_014131715.1,False,,Clean,Monoderm (Keep)
GCF_014192175.1,False,,Clean,Monoderm (Keep)
GCF_014192345.1,False,,Clean,Monoderm (Keep)
GCF_014192695.1,False,,Clean,Monoderm (Keep)
GCF_014192525.1,False,,Clean,Monoderm (Keep)
GCF_014192895.1,False,,Clean,Monoderm (Keep)
GCF_014352955.1,False,,Clean,Monoderm (Keep)
GCF_014267365.1,False,,Clean,Monoderm (Keep)
GCF_014218175.1,False,,Clean,Monoderm (Keep)
GCF_014217215.1,False,,Clean,Monoderm (Keep)
GCF_014217745.1,False,,Clean,Monoderm (Keep)
GCF_014334275.1,False,,Clean,Monoderm (Keep)
GCF_014217685.1,False,,Clean,Monoderm (Keep)
GCF_014217665.1,False,,Clean,Monoderm (Keep)
GCF_014397115.1,False,,Clean,Monoderm (Keep)
GCF_014217625.1,False,,Clean,Monoderm (Keep)
GCF_014397255.1,False,,Clean,Monoderm (Keep)
GCF_014218015.1,False,,Clean,Monoderm (Keep)
GCF_014216335.1,False,,Clean,Monoderm (Keep)
GCF_014262665.1,False,,Clean,Monoderm (Keep)
GCF_014334375.1,False,,Clean,Monoderm (Keep)
GCF_014218075.1,False,,Clean,Monoderm (Keep)
GCF_014217235.1,False,,Clean,Monoderm (Keep)
GCF_014218115.1,False,,Clean,Monoderm (Keep)
GCF_014396165.1,False,,Clean,Monoderm (Keep)
GCF_014218095.1,False,,Clean,Monoderm (Keep)
GCF_014334715.1,False,,Clean,Monoderm (Keep)
GCF_014334075.1,False,,Clean,Monoderm (Keep)
GCF_014218155.1,False,,Clean,Monoderm (Keep)
GCF_014218135.1,False,,Clean,Monoderm (Keep)
GCF_014396385.1,False,,Clean,Monoderm (Keep)
GCF_014216315.1,False,,Clean,Monoderm (Keep)
GCF_014334735.1,False,,Clean,Monoderm (Keep)
GCF_014304675.1,False,,Clean,Monoderm (Keep)
GCF_014304775.1,False,,Clean,Monoderm (Keep)
GCF_014217915.1,False,,Clean,Monoderm (Keep)
GCF_014337155.1,False,,Clean,Monoderm (Keep)
GCF_014467055.1,False,,Clean,Monoderm (Keep)
GCF_014304695.1,False,,Clean,Monoderm (Keep)
GCF_014337175.1,False,,Clean,Monoderm (Keep)
GCF_014302635.1,False,,Clean,Monoderm (Keep)
GCF_014334295.1,False,,Clean,Monoderm (Keep)
GCF_014353035.1,False,,Clean,Monoderm (Keep)
GCF_014483895.1,False,,Clean,Monoderm (Keep)
GCF_014303955.1,False,,Clean,Monoderm (Keep)
GCF_014337195.1,False,,Clean,Monoderm (Keep)
GCF_014287515.2,False,,Clean,Monoderm (Keep)
GCF_014337215.1,False,,Clean,Monoderm (Keep)
GCF_014395645.1,False,,Clean,Monoderm (Keep)
GCF_014337235.1,False,,Clean,Monoderm (Keep)
GCF_014400405.1,False,,Clean,Monoderm (Keep)
GCF_014467075.1,False,,Clean,Monoderm (Keep)
GCF_014236775.1,False,,Clean,Monoderm (Keep)
GCF_014467015.1,False,,Clean,Monoderm (Keep)
GCF_014250415.1,False,,Clean,Monoderm (Keep)
GCF_014250435.1,False,,Clean,Monoderm (Keep)
GCF_014395785.1,False,,Clean,Monoderm (Keep)
GCF_014217765.1,False,,Clean,Monoderm (Keep)
GCF_014302295.1,False,,Clean,Monoderm (Keep)
GCF_014302175.1,False,,Clean,Monoderm (Keep)
GCF_014217545.1,False,,Clean,Monoderm (Keep)
GCF_014358035.1,False,,Clean,Monoderm (Keep)
GCF_014250375.1,False,,Clean,Monoderm (Keep)
GCF_014211995.1,False,,Clean,Monoderm (Keep)
GCF_014298115.1,False,,Clean,Monoderm (Keep)
GCF_014218335.1,False,,Clean,Monoderm (Keep)
GCF_014303395.1,False,,Clean,Monoderm (Keep)
GCF_014218355.1,False,,Clean,Monoderm (Keep)
GCF_014217785.1,False,,Clean,Monoderm (Keep)
GCF_014218295.1,False,,Clean,Monoderm (Keep)
GCF_014217835.1,False,,Clean,Monoderm (Keep)
GCF_014235185.1,False,,Clean,Monoderm (Keep)
GCF_014217565.1,False,,Clean,Monoderm (Keep)
GCF_014083905.1,False,,Clean,Monoderm (Keep)
GCF_014084105.1,False,,Clean,Monoderm (Keep)
GCF_014303795.1,False,,Clean,Monoderm (Keep)
GCF_014217585.1,False,,Clean,Monoderm (Keep)
GCF_014489335.1,False,,Clean,Monoderm (Keep)
GCF_014489455.1,False,,Clean,Monoderm (Keep)
GCF_014295035.1,False,,Clean,Monoderm (Keep)
GCF_014489355.1,False,,Clean,Monoderm (Keep)
GCF_014466955.1,False,,Clean,Monoderm (Keep)
GCF_014489615.1,False,,Clean,Monoderm (Keep)
GCF_014489575.1,False,,Clean,Monoderm (Keep)
GCF_014672875.1,False,,Clean,Monoderm (Keep)
GCF_014522345.1,False,,Clean,Monoderm (Keep)
GCF_014522325.1,False,,Clean,Monoderm (Keep)
GCF_014522305.1,False,,Clean,Monoderm (Keep)
GCF_014495745.1,False,,Clean,Monoderm (Keep)
GCF_014495965.1,False,,Clean,Monoderm (Keep)
GCF_014495985.1,False,,Clean,Monoderm (Keep)
GCF_014495945.1,False,,Clean,Monoderm (Keep)
GCF_014621675.1,False,,Clean,Monoderm (Keep)
GCF_014490555.1,False,,Clean,Monoderm (Keep)
GCF_014490575.1,False,,Clean,Monoderm (Keep)
GCF_014595995.2,False,,Clean,Monoderm (Keep)
GCF_014495925.1,False,,Clean,Monoderm (Keep)
GCF_014490535.1,False,,Clean,Monoderm (Keep)
GCF_014490515.1,False,,Clean,Monoderm (Keep)
GCF_014696975.1,False,,Clean,Monoderm (Keep)
GCF_014696535.1,False,,Clean,Monoderm (Keep)
GCF_014522285.1,False,,Clean,Monoderm (Keep)
GCF_014679705.1,False,,Clean,Monoderm (Keep)
GCF_014621755.1,False,,Clean,Monoderm (Keep)
GCF_014622705.1,False,,Clean,Monoderm (Keep)
GCF_014705925.2,False,,Clean,Monoderm (Keep)
GCF_014841035.1,False,,Clean,Monoderm (Keep)
GCF_014840995.1,False,,Clean,Monoderm (Keep)
GCF_014656585.1,False,,Clean,Monoderm (Keep)
GCF_014672815.1,False,,Clean,Monoderm (Keep)
GCF_014841055.1,False,,Clean,Monoderm (Keep)
GCF_014490015.1,False,,Clean,Monoderm (Keep)
GCF_014705945.2,False,,Clean,Monoderm (Keep)
GCF_014524485.1,False,,Clean,Monoderm (Keep)
GCF_014524545.1,False,,Clean,Monoderm (Keep)
GCF_014764445.1,False,,Clean,Monoderm (Keep)
GCF_014789145.1,False,,Clean,Monoderm (Keep)
GCF_014672715.2,False,,Clean,Monoderm (Keep)
GCF_014770185.1,False,,Clean,Monoderm (Keep)
GCF_014489635.1,False,,Clean,Monoderm (Keep)
GCF_014522205.1,False,,Clean,Monoderm (Keep)
GCF_014789785.1,False,,Clean,Monoderm (Keep)
GCF_014842815.3,False,,Clean,Monoderm (Keep)
GCF_014826095.1,False,,Clean,Monoderm (Keep)
GCF_014696415.1,False,,Clean,Monoderm (Keep)
GCF_014696835.1,False,,Clean,Monoderm (Keep)
GCF_014696685.1,False,,Clean,Monoderm (Keep)
GCF_014770315.1,False,,Clean,Monoderm (Keep)
GCF_014792805.1,False,,Clean,Monoderm (Keep)
GCF_014679335.1,False,,Clean,Monoderm (Keep)
GCF_014696255.1,False,,Clean,Monoderm (Keep)
GCF_014775655.1,False,,Clean,Monoderm (Keep)
GCF_014678925.1,False,,Clean,Monoderm (Keep)
GCF_014725695.1,False,,Clean,Monoderm (Keep)
GCF_014725715.1,False,,Clean,Monoderm (Keep)
GCF_014622745.1,False,,Clean,Monoderm (Keep)
GCF_014679505.1,False,,Clean,Monoderm (Keep)
GCF_014679145.1,False,,Clean,Monoderm (Keep)
GCF_014706595.1,False,,Clean,Monoderm (Keep)
GCF_014764325.1,False,,Clean,Monoderm (Keep)
GCF_014792065.1,False,,Clean,Monoderm (Keep)
GCF_014495825.1,False,,Clean,Monoderm (Keep)
GCF_014706555.1,False,,Clean,Monoderm (Keep)
GCF_014791945.1,False,,Clean,Monoderm (Keep)
GCF_014673475.1,False,,Clean,Monoderm (Keep)
GCF_014706575.1,False,,Clean,Monoderm (Keep)
GCF_014764405.1,False,,Clean,Monoderm (Keep)
GCF_014841075.1,False,,Clean,Monoderm (Keep)
GCF_014843055.1,False,,Clean,Monoderm (Keep)
GCF_014692735.1,False,,Clean,Monoderm (Keep)
GCF_014490055.1,False,,Clean,Monoderm (Keep)
GCF_014495705.1,False,,Clean,Monoderm (Keep)
GCF_014701095.1,False,,Clean,Monoderm (Keep)
GCF_014621695.1,False,,Clean,Monoderm (Keep)
GCF_014680085.1,False,,Clean,Monoderm (Keep)
GCF_014854615.1,False,,Clean,Monoderm (Keep)
GCF_014844115.1,False,,Clean,Monoderm (Keep)
GCF_014874615.1,False,,Clean,Monoderm (Keep)
GCF_014854735.1,False,,Clean,Monoderm (Keep)
GCF_014884605.1,False,,Clean,Monoderm (Keep)
GCF_014843275.1,False,,Clean,Monoderm (Keep)
GCF_014844235.1,False,,Clean,Monoderm (Keep)
GCF_014843315.1,False,,Clean,Monoderm (Keep)
GCF_014844195.1,False,,Clean,Monoderm (Keep)
GCF_014854695.1,False,,Clean,Monoderm (Keep)
GCF_014844215.1,False,,Clean,Monoderm (Keep)
GCF_014697215.1,False,,Clean,Monoderm (Keep)
GCF_014863545.1,False,,Clean,Monoderm (Keep)
GCF_014883935.1,False,,Clean,Monoderm (Keep)
GCF_014843075.1,False,,Clean,Monoderm (Keep)
GCF_014898215.1,False,,Clean,Monoderm (Keep)
GCF_014898115.1,False,,Clean,Monoderm (Keep)
GCF_014844995.1,False,,Clean,Monoderm (Keep)
GCF_014843095.1,False,,Clean,Monoderm (Keep)
GCF_014673495.1,False,,Clean,Monoderm (Keep)
GCF_014898195.1,False,,Clean,Monoderm (Keep)
GCF_014874555.1,False,,Clean,Monoderm (Keep)
GCF_014843295.1,False,,Clean,Monoderm (Keep)
GCF_014879295.1,False,,Clean,Monoderm (Keep)
GCF_014898175.1,False,,Clean,Monoderm (Keep)
GCF_014898235.1,False,,Clean,Monoderm (Keep)
GCF_014898135.1,False,,Clean,Monoderm (Keep)
GCF_014898155.1,False,,Clean,Monoderm (Keep)
GCF_014843335.1,False,,Clean,Monoderm (Keep)
GCF_014884625.1,False,,Clean,Monoderm (Keep)
GCF_014899225.1,False,,Clean,Monoderm (Keep)
GCF_014899545.1,False,,Clean,Monoderm (Keep)
GCF_014899325.1,False,,Clean,Monoderm (Keep)
GCF_014899465.1,False,,Clean,Monoderm (Keep)
GCF_014899605.1,False,,Clean,Monoderm (Keep)
GCF_014899405.1,False,,Clean,Monoderm (Keep)
GCF_014899685.1,False,,Clean,Monoderm (Keep)
GCF_014899365.1,False,,Clean,Monoderm (Keep)
GCF_014856545.2,False,,Clean,Monoderm (Keep)
GCF_014899625.1,False,,Clean,Monoderm (Keep)
GCF_014883915.1,False,,Clean,Monoderm (Keep)
GCF_014884645.1,False,,Clean,Monoderm (Keep)
GCF_014899345.1,False,,Clean,Monoderm (Keep)
GCF_014899305.1,False,,Clean,Monoderm (Keep)
GCF_014899585.1,False,,Clean,Monoderm (Keep)
GCF_014899385.1,False,,Clean,Monoderm (Keep)
GCF_014899705.1,False,,Clean,Monoderm (Keep)
GCF_014843215.1,False,,Clean,Monoderm (Keep)
GCF_014899285.1,False,,Clean,Monoderm (Keep)
GCF_014899265.1,False,,Clean,Monoderm (Keep)
GCF_014899445.1,False,,Clean,Monoderm (Keep)
GCF_014899205.1,False,,Clean,Monoderm (Keep)
GCF_014899725.1,False,,Clean,Monoderm (Keep)
GCF_014843175.1,False,,Clean,Monoderm (Keep)
GCF_014899645.1,False,,Clean,Monoderm (Keep)
GCF_014899745.1,False,,Clean,Monoderm (Keep)
GCF_014843195.1,False,,Clean,Monoderm (Keep)
GCF_014899565.1,False,,Clean,Monoderm (Keep)
GCF_014899245.1,False,,Clean,Monoderm (Keep)
GCF_014899525.1,False,,Clean,Monoderm (Keep)
GCF_014899665.1,False,,Clean,Monoderm (Keep)
GCF_014899425.1,False,,Clean,Monoderm (Keep)
GCF_014899505.1,False,,Clean,Monoderm (Keep)
GCF_014884665.1,False,,Clean,Monoderm (Keep)
GCF_014899485.1,False,,Clean,Monoderm (Keep)
GCF_014843155.1,False,,Clean,Monoderm (Keep)
GCF_014843135.1,False,,Clean,Monoderm (Keep)
GCF_014879275.1,False,,Clean,Monoderm (Keep)
GCF_014843235.1,False,,Clean,Monoderm (Keep)
GCF_014854715.1,False,,Clean,Monoderm (Keep)
GCF_014844075.1,False,,Clean,Monoderm (Keep)
GCF_014701115.1,False,,Clean,Monoderm (Keep)
GCF_014899765.1,False,,Clean,Monoderm (Keep)
GCF_014899785.1,False,,Clean,Monoderm (Keep)
GCF_014899805.1,False,,Clean,Monoderm (Keep)
GCF_014899865.1,False,,Clean,Monoderm (Keep)
GCF_014899845.1,False,,Clean,Monoderm (Keep)
GCF_014899825.1,False,,Clean,Monoderm (Keep)
GCF_014852565.2,False,,Clean,Monoderm (Keep)
GCF_014900335.1,False,,Clean,Monoderm (Keep)
GCF_014900195.1,False,,Clean,Monoderm (Keep)
GCF_014899925.1,False,,Clean,Monoderm (Keep)
GCF_014900275.1,False,,Clean,Monoderm (Keep)
GCF_014900135.1,False,,Clean,Monoderm (Keep)
GCF_014900075.1,False,,Clean,Monoderm (Keep)
GCF_014899885.1,False,,Clean,Monoderm (Keep)
GCF_014900395.1,False,,Clean,Monoderm (Keep)
GCF_014899905.1,False,,Clean,Monoderm (Keep)
GCF_014900055.1,False,,Clean,Monoderm (Keep)
GCF_014900415.1,False,,Clean,Monoderm (Keep)
GCF_014900175.1,False,,Clean,Monoderm (Keep)
GCF_014900005.1,False,,Clean,Monoderm (Keep)
GCF_014900115.1,False,,Clean,Monoderm (Keep)
GCF_014900155.1,False,,Clean,Monoderm (Keep)
GCF_014899985.1,False,,Clean,Monoderm (Keep)
GCF_014900095.1,False,,Clean,Monoderm (Keep)
GCF_014899965.1,False,,Clean,Monoderm (Keep)
GCF_014900355.1,False,,Clean,Monoderm (Keep)
GCF_014900315.1,False,,Clean,Monoderm (Keep)
GCF_014900295.1,False,,Clean,Monoderm (Keep)
GCF_014900435.1,False,,Clean,Monoderm (Keep)
GCF_014899945.1,False,,Clean,Monoderm (Keep)
GCF_014900235.1,False,,Clean,Monoderm (Keep)
GCF_014900215.1,False,,Clean,Monoderm (Keep)
GCF_014900475.1,False,,Clean,Monoderm (Keep)
GCF_014900535.1,False,,Clean,Monoderm (Keep)
GCF_014900375.1,False,,Clean,Monoderm (Keep)
GCF_014900255.1,False,,Clean,Monoderm (Keep)
GCF_014900495.1,False,,Clean,Monoderm (Keep)
GCF_014900455.1,False,,Clean,Monoderm (Keep)
GCF_014900615.1,False,,Clean,Monoderm (Keep)
GCF_014900595.1,False,,Clean,Monoderm (Keep)
GCF_014900635.1,False,,Clean,Monoderm (Keep)
GCF_014900515.1,False,,Clean,Monoderm (Keep)
GCF_014900655.1,False,,Clean,Monoderm (Keep)
GCF_014900555.1,False,,Clean,Monoderm (Keep)
GCF_014900675.1,False,,Clean,Monoderm (Keep)
GCF_014905035.1,False,,Clean,Monoderm (Keep)
GCF_014931015.1,False,,Clean,Monoderm (Keep)
GCF_014905075.1,False,,Clean,Monoderm (Keep)
GCF_014983645.1,False,,Clean,Monoderm (Keep)
GCF_014905055.1,False,,Clean,Monoderm (Keep)
GCF_014961985.1,False,,Clean,Monoderm (Keep)
GCF_014926385.1,False,,Clean,Monoderm (Keep)
GCF_014931665.1,False,,Clean,Monoderm (Keep)
GCF_014960965.1,False,,Clean,Monoderm (Keep)
GCF_014900715.1,False,,Clean,Monoderm (Keep)
GCF_014900695.1,False,,Clean,Monoderm (Keep)
GCF_014961825.1,False,,Clean,Monoderm (Keep)
GCF_014900775.1,False,,Clean,Monoderm (Keep)
GCF_014900735.1,False,,Clean,Monoderm (Keep)
GCF_014900755.1,False,,Clean,Monoderm (Keep)
GCF_014906145.1,False,,Clean,Monoderm (Keep)
GCF_014962425.1,False,,Clean,Monoderm (Keep)
GCF_014931645.1,False,,Clean,Monoderm (Keep)
GCF_014983945.1,False,,Clean,Monoderm (Keep)
GCF_014961685.1,False,,Clean,Monoderm (Keep)
GCF_014931565.1,False,,Clean,Monoderm (Keep)
GCF_014983505.1,False,,Clean,Monoderm (Keep)
GCF_014930895.1,False,,Clean,Monoderm (Keep)
GCF_014900795.1,False,,Clean,Monoderm (Keep)
GCF_014901155.1,False,,Clean,Monoderm (Keep)
GCF_014901135.1,False,,Clean,Monoderm (Keep)
GCF_014900855.1,False,,Clean,Monoderm (Keep)
GCF_014900895.1,False,,Clean,Monoderm (Keep)
GCF_014900965.1,False,,Clean,Monoderm (Keep)
GCF_014900815.1,False,,Clean,Monoderm (Keep)
GCF_014900835.1,False,,Clean,Monoderm (Keep)
GCF_014901115.1,False,,Clean,Monoderm (Keep)
GCF_014901095.1,False,,Clean,Monoderm (Keep)
GCF_014987905.1,False,,Clean,Monoderm (Keep)
GCF_014901035.1,False,,Clean,Monoderm (Keep)
GCF_014901055.1,False,,Clean,Monoderm (Keep)
GCF_015034585.1,False,,Clean,Monoderm (Keep)
GCF_014901075.1,False,,Clean,Monoderm (Keep)
GCF_015040615.1,False,,Clean,Monoderm (Keep)
GCF_015040335.1,False,,Clean,Monoderm (Keep)
GCF_015040095.1,False,,Clean,Monoderm (Keep)
GCF_015277835.1,False,,Clean,Monoderm (Keep)
GCF_015326725.1,False,,Clean,Monoderm (Keep)
GCF_015277515.1,False,,Clean,Monoderm (Keep)
GCF_015102215.1,False,,Clean,Monoderm (Keep)
GCF_015100215.1,False,,Clean,Monoderm (Keep)
GCF_015221735.2,False,,Clean,Monoderm (Keep)
GCF_015034605.1,False,,Clean,Monoderm (Keep)
GCF_015102035.1,False,,Clean,Monoderm (Keep)
GCF_015101725.1,False,,Clean,Monoderm (Keep)
GCF_015140235.1,False,,Clean,Monoderm (Keep)
GCF_015097455.1,False,,Clean,Monoderm (Keep)
GCF_015097055.1,False,,Clean,Monoderm (Keep)
GCF_015277855.1,False,,Clean,Monoderm (Keep)
GCF_015074845.1,False,,Clean,Monoderm (Keep)
GCF_015190465.1,False,,Clean,Monoderm (Keep)
GCF_015243435.1,False,,Clean,Monoderm (Keep)
GCF_015219905.1,False,,Clean,Monoderm (Keep)
GCF_015219925.1,False,,Clean,Monoderm (Keep)
GCF_015220695.1,False,,Clean,Monoderm (Keep)
GCF_015325925.1,False,,Clean,Monoderm (Keep)
GCF_015240065.1,False,,Clean,Monoderm (Keep)
GCF_015277875.1,False,,Clean,Monoderm (Keep)
GCF_015238575.1,False,,Clean,Monoderm (Keep)
GCF_015244035.1,False,,Clean,Monoderm (Keep)
GCF_015277895.1,False,,Clean,Monoderm (Keep)
GCF_015277815.1,False,,Clean,Monoderm (Keep)
GCF_015265495.1,False,,Clean,Monoderm (Keep)
GCF_015238635.1,False,,Clean,Monoderm (Keep)
GCF_015159595.1,False,,Clean,Monoderm (Keep)
GCF_015277495.1,False,,Clean,Monoderm (Keep)
GCF_015159555.1,False,,Clean,Monoderm (Keep)
GCF_015239615.1,False,,Clean,Monoderm (Keep)
GCF_015160895.1,False,,Clean,Monoderm (Keep)
GCF_015099595.1,False,,Clean,Monoderm (Keep)
GCF_015291865.1,False,,Clean,Monoderm (Keep)
GCF_015169995.1,False,,Clean,Monoderm (Keep)
GCF_015377745.1,False,,Clean,Monoderm (Keep)
GCF_015377785.1,False,,Clean,Monoderm (Keep)
GCF_015377505.1,False,,Clean,Monoderm (Keep)
GCF_015377805.1,False,,Clean,Monoderm (Keep)
GCF_015160875.1,False,,Clean,Monoderm (Keep)
GCF_015566135.1,False,,Clean,Monoderm (Keep)
GCF_015377485.1,False,,Clean,Monoderm (Keep)
GCF_015377585.1,False,,Clean,Monoderm (Keep)
GCF_015476135.1,False,,Clean,Monoderm (Keep)
GCF_015476155.1,False,,Clean,Monoderm (Keep)
GCF_015476075.1,False,,Clean,Monoderm (Keep)
GCF_015475575.1,False,,Clean,Monoderm (Keep)
GCF_015476295.1,False,,Clean,Monoderm (Keep)
GCF_015377525.1,False,,Clean,Monoderm (Keep)
GCF_015377765.1,False,,Clean,Monoderm (Keep)
GCF_015583955.1,False,,Clean,Monoderm (Keep)
GCF_015476175.1,False,,Clean,Monoderm (Keep)
GCF_015654125.1,False,,Clean,Monoderm (Keep)
GCF_015482585.1,False,,Clean,Monoderm (Keep)
GCF_015476195.1,False,,Clean,Monoderm (Keep)
GCF_015476095.1,False,,Clean,Monoderm (Keep)
GCF_015565955.1,False,,Clean,Monoderm (Keep)
GCF_015327065.1,False,,Clean,Monoderm (Keep)
GCF_015655285.1,False,,Clean,Monoderm (Keep)
GCF_015482805.1,False,,Clean,Monoderm (Keep)
GCF_015535655.1,False,,Clean,Monoderm (Keep)
GCF_015602625.1,False,,Clean,Monoderm (Keep)
GCF_015244315.1,False,,Clean,Monoderm (Keep)
GCF_015654205.1,False,,Clean,Monoderm (Keep)
GCF_015643545.1,False,,Clean,Monoderm (Keep)
GCF_015160855.1,False,,Clean,Monoderm (Keep)
GCF_015326965.1,False,,Clean,Monoderm (Keep)
GCF_015582655.1,False,,Clean,Monoderm (Keep)
GCF_015500095.1,False,,Clean,Monoderm (Keep)
GCF_015689395.1,False,,Clean,Monoderm (Keep)
GCF_015689375.1,False,,Clean,Monoderm (Keep)
GCF_015654185.1,False,,Clean,Monoderm (Keep)
GCF_015689175.1,False,,Clean,Monoderm (Keep)
GCF_015689355.1,False,,Clean,Monoderm (Keep)
GCF_015689035.1,False,,Clean,Monoderm (Keep)
GCF_015689015.1,False,,Clean,Monoderm (Keep)
GCF_015689075.1,False,,Clean,Monoderm (Keep)
GCF_015601545.1,False,,Clean,Monoderm (Keep)
GCF_015709185.1,False,,Clean,Monoderm (Keep)
GCF_015767475.1,False,,Clean,Monoderm (Keep)
GCF_015708635.1,False,,Clean,Monoderm (Keep)
GCF_015689415.1,False,,Clean,Monoderm (Keep)
GCF_015732535.1,False,,Clean,Monoderm (Keep)
GCF_015689435.1,False,,Clean,Monoderm (Keep)
GCF_015697685.1,False,,Clean,Monoderm (Keep)
GCF_015767495.1,False,,Clean,Monoderm (Keep)
GCF_015710815.1,False,,Clean,Monoderm (Keep)
GCF_015693945.1,False,,Clean,Monoderm (Keep)
GCF_015732475.1,False,,Clean,Monoderm (Keep)
GCF_015693925.1,False,,Clean,Monoderm (Keep)
GCF_015710975.1,False,,Clean,Monoderm (Keep)
GCF_015838875.1,False,,Clean,Monoderm (Keep)
GCF_015767555.1,False,,Clean,Monoderm (Keep)
GCF_015689455.1,False,,Clean,Monoderm (Keep)
GCF_015839035.1,False,,Clean,Monoderm (Keep)
GCF_015767715.1,False,,Clean,Monoderm (Keep)
GCF_015711475.1,False,,Clean,Monoderm (Keep)
GCF_015767695.1,False,,Clean,Monoderm (Keep)
GCF_015774855.1,False,,Clean,Monoderm (Keep)
GCF_015767735.1,False,,Clean,Monoderm (Keep)
GCF_015775975.1,False,,Clean,Monoderm (Keep)
GCF_015774835.1,False,,Clean,Monoderm (Keep)
GCF_015774815.1,False,,Clean,Monoderm (Keep)
GCF_015732455.1,False,,Clean,Monoderm (Keep)
GCF_015732555.1,False,,Clean,Monoderm (Keep)
GCF_015693885.1,False,,Clean,Monoderm (Keep)
GCF_015710575.1,False,,Clean,Monoderm (Keep)
GCF_015999505.1,False,,Clean,Monoderm (Keep)
GCF_015999445.1,False,,Clean,Monoderm (Keep)
GCF_016026575.1,False,,Clean,Monoderm (Keep)
GCF_015767795.1,False,,Clean,Monoderm (Keep)
GCF_015839915.1,False,,Clean,Monoderm (Keep)
GCF_015840115.1,False,,Clean,Monoderm (Keep)
GCF_015767775.1,False,,Clean,Monoderm (Keep)
GCF_015767755.1,False,,Clean,Monoderm (Keep)
GCF_015908885.1,False,,Clean,Monoderm (Keep)
GCF_015908985.1,False,,Clean,Monoderm (Keep)
GCF_015767915.1,False,,Clean,Monoderm (Keep)
GCF_015767815.1,False,,Clean,Monoderm (Keep)
GCF_015999405.1,False,,Clean,Monoderm (Keep)
GCF_015767875.1,False,,Clean,Monoderm (Keep)
GCF_015767855.1,False,,Clean,Monoderm (Keep)
GCF_015767935.1,False,,Clean,Monoderm (Keep)
GCF_015767895.1,False,,Clean,Monoderm (Keep)
GCF_015839775.1,False,,Clean,Monoderm (Keep)
GCF_015708605.1,False,,Clean,Monoderm (Keep)
GCF_015839235.1,False,,Clean,Monoderm (Keep)
GCF_015839415.1,False,,Clean,Monoderm (Keep)
GCF_015839575.1,False,,Clean,Monoderm (Keep)
GCF_015710995.1,False,,Clean,Monoderm (Keep)
GCF_015999425.1,False,,Clean,Monoderm (Keep)
GCF_015999605.1,False,,Clean,Monoderm (Keep)
GCF_016026415.1,False,,Clean,Monoderm (Keep)
GCF_015999565.1,False,,Clean,Monoderm (Keep)
GCF_016026695.1,False,,Clean,Monoderm (Keep)
GCF_016026675.1,False,,Clean,Monoderm (Keep)
GCF_016026975.1,False,,Clean,Monoderm (Keep)
GCF_016026635.1,False,,Clean,Monoderm (Keep)
GCF_016026595.1,False,,Clean,Monoderm (Keep)
GCF_016026555.1,False,,Clean,Monoderm (Keep)
GCF_015910445.1,False,,Clean,Monoderm (Keep)
GCF_016026995.1,False,,Clean,Monoderm (Keep)
GCF_016025875.1,False,,Clean,Monoderm (Keep)
GCF_015689475.1,False,,Clean,Monoderm (Keep)
GCF_016026915.1,False,,Clean,Monoderm (Keep)
GCF_016026835.1,False,,Clean,Monoderm (Keep)
GCF_016026855.1,False,,Clean,Monoderm (Keep)
GCF_016027135.1,False,,Clean,Monoderm (Keep)
GCF_016027975.1,False,,Clean,Monoderm (Keep)
GCF_016027375.1,False,,Clean,Monoderm (Keep)
GCF_016071375.1,False,,Clean,Monoderm (Keep)
GCF_016067395.1,False,,Clean,Monoderm (Keep)
GCF_016027715.1,False,,Clean,Monoderm (Keep)
GCF_016126675.1,False,,Clean,Monoderm (Keep)
GCF_016127035.1,False,,Clean,Monoderm (Keep)
GCF_016028815.1,False,,Clean,Monoderm (Keep)
GCF_016067635.1,False,,Clean,Monoderm (Keep)
GCF_016067215.1,False,,Clean,Monoderm (Keep)
GCF_016028795.1,False,,Clean,Monoderm (Keep)
GCF_016126715.1,False,,Clean,Monoderm (Keep)
GCF_016027575.1,False,,Clean,Monoderm (Keep)
GCF_016028235.1,False,,Clean,Monoderm (Keep)
GCF_016027155.1,False,,Clean,Monoderm (Keep)
GCF_016028835.1,False,,Clean,Monoderm (Keep)
GCF_016027015.1,False,,Clean,Monoderm (Keep)
GCF_016126835.1,False,,Clean,Monoderm (Keep)
GCF_016126915.1,False,,Clean,Monoderm (Keep)
GCF_016127075.1,False,,Clean,Monoderm (Keep)
GCF_016127015.1,False,,Clean,Monoderm (Keep)
GCF_016028255.1,False,,Clean,Monoderm (Keep)
GCF_016127275.1,False,,Clean,Monoderm (Keep)
GCF_016028695.1,False,,Clean,Monoderm (Keep)
GCF_016126975.1,False,,Clean,Monoderm (Keep)
GCF_016028175.1,False,,Clean,Monoderm (Keep)
GCF_016127255.1,False,,Clean,Monoderm (Keep)
GCF_016126695.1,False,,Clean,Monoderm (Keep)
GCF_016127395.1,False,,Clean,Monoderm (Keep)
GCF_016028275.1,False,,Clean,Monoderm (Keep)
GCF_016126775.1,False,,Clean,Monoderm (Keep)
GCF_016028855.1,False,,Clean,Monoderm (Keep)
GCF_016126795.1,False,,Clean,Monoderm (Keep)
GCF_016126755.1,False,,Clean,Monoderm (Keep)
GCF_016127055.1,False,,Clean,Monoderm (Keep)
GCF_016065215.1,False,,Clean,Monoderm (Keep)
GCF_016127235.1,False,,Clean,Monoderm (Keep)
GCF_016028295.1,False,,Clean,Monoderm (Keep)
GCF_016126735.1,False,,Clean,Monoderm (Keep)
GCF_016027615.1,False,,Clean,Monoderm (Keep)
GCF_016027415.1,False,,Clean,Monoderm (Keep)
GCF_016065415.1,False,,Clean,Monoderm (Keep)
GCF_016065635.1,False,,Clean,Monoderm (Keep)
GCF_016128095.1,False,,Clean,Monoderm (Keep)
GCF_016127775.1,False,,Clean,Monoderm (Keep)
GCF_016127375.1,False,,Clean,Monoderm (Keep)
GCF_016127455.1,False,,Clean,Monoderm (Keep)
GCF_016127295.1,False,,Clean,Monoderm (Keep)
GCF_016127935.1,False,,Clean,Monoderm (Keep)
GCF_016127135.1,False,,Clean,Monoderm (Keep)
GCF_016127815.1,False,,Clean,Monoderm (Keep)
GCF_016127475.1,False,,Clean,Monoderm (Keep)
GCF_016127735.1,False,,Clean,Monoderm (Keep)
GCF_016127915.1,False,,Clean,Monoderm (Keep)
GCF_016127555.1,False,,Clean,Monoderm (Keep)
GCF_016127095.1,False,,Clean,Monoderm (Keep)
GCF_016128055.1,False,,Clean,Monoderm (Keep)
GCF_016127535.1,False,,Clean,Monoderm (Keep)
GCF_016127875.1,False,,Clean,Monoderm (Keep)
GCF_016127995.1,False,,Clean,Monoderm (Keep)
GCF_016127715.1,False,,Clean,Monoderm (Keep)
GCF_016127975.1,False,,Clean,Monoderm (Keep)
GCF_016128075.1,False,,Clean,Monoderm (Keep)
GCF_016127615.1,False,,Clean,Monoderm (Keep)
GCF_016127495.1,False,,Clean,Monoderm (Keep)
GCF_016127855.1,False,,Clean,Monoderm (Keep)
GCF_016127335.1,False,,Clean,Monoderm (Keep)
GCF_016127155.1,False,,Clean,Monoderm (Keep)
GCF_016128135.1,False,,Clean,Monoderm (Keep)
GCF_016128175.1,False,,Clean,Monoderm (Keep)
GCF_016128155.1,False,,Clean,Monoderm (Keep)
GCF_016127635.1,False,,Clean,Monoderm (Keep)
GCF_016128215.1,False,,Clean,Monoderm (Keep)
GCF_016313165.1,False,,Clean,Monoderm (Keep)
GCF_016128255.1,False,,Clean,Monoderm (Keep)
GCF_016267665.1,False,,Clean,Monoderm (Keep)
GCF_016128315.1,False,,Clean,Monoderm (Keep)
GCF_016313225.1,False,,Clean,Monoderm (Keep)
GCF_016313185.1,False,,Clean,Monoderm (Keep)
GCF_016406365.1,False,,Clean,Monoderm (Keep)
GCF_016415545.1,False,,Clean,Monoderm (Keep)
GCF_016406565.1,False,,Clean,Monoderm (Keep)
GCF_016415385.1,False,,Clean,Monoderm (Keep)
GCF_016415485.1,False,,Clean,Monoderm (Keep)
GCF_016406545.1,False,,Clean,Monoderm (Keep)
GCF_016406405.1,False,,Clean,Monoderm (Keep)
GCF_016413725.1,False,,Clean,Monoderm (Keep)
GCF_016415565.1,False,,Clean,Monoderm (Keep)
GCF_016406185.1,False,,Clean,Monoderm (Keep)
GCF_016406625.1,False,,Clean,Monoderm (Keep)
GCF_016406225.1,False,,Clean,Monoderm (Keep)
GCF_016413705.1,False,,Clean,Monoderm (Keep)
GCF_016415285.1,False,,Clean,Monoderm (Keep)
GCF_016406425.1,False,,Clean,Monoderm (Keep)
GCF_016406525.1,False,,Clean,Monoderm (Keep)
GCF_016415365.1,False,,Clean,Monoderm (Keep)
GCF_016415445.1,False,,Clean,Monoderm (Keep)
GCF_016415465.1,False,,Clean,Monoderm (Keep)
GCF_016406125.1,False,,Clean,Monoderm (Keep)
GCF_016406385.1,False,,Clean,Monoderm (Keep)
GCF_016415345.1,False,,Clean,Monoderm (Keep)
GCF_016415425.1,False,,Clean,Monoderm (Keep)
GCF_016406105.1,False,,Clean,Monoderm (Keep)
GCF_016406465.1,False,,Clean,Monoderm (Keep)
GCF_016415025.1,False,,Clean,Monoderm (Keep)
GCF_016406445.1,False,,Clean,Monoderm (Keep)
GCF_016406345.1,False,,Clean,Monoderm (Keep)
GCF_016415405.1,False,,Clean,Monoderm (Keep)
GCF_016415505.1,False,,Clean,Monoderm (Keep)
GCF_016415605.1,False,,Clean,Monoderm (Keep)
GCF_016415325.1,False,,Clean,Monoderm (Keep)
GCF_016406485.1,False,,Clean,Monoderm (Keep)
GCF_016415105.1,False,,Clean,Monoderm (Keep)
GCF_016406505.1,False,,Clean,Monoderm (Keep)
GCF_016406585.1,False,,Clean,Monoderm (Keep)
GCF_016406605.1,False,,Clean,Monoderm (Keep)
GCF_016454985.1,False,,Clean,Monoderm (Keep)
GCF_016455085.1,False,,Clean,Monoderm (Keep)
GCF_016454965.1,False,,Clean,Monoderm (Keep)
GCF_016455165.1,False,,Clean,Monoderm (Keep)
GCF_016549355.1,False,,Clean,Monoderm (Keep)
GCF_016455105.1,False,,Clean,Monoderm (Keep)
GCF_016455265.1,False,,Clean,Monoderm (Keep)
GCF_016455005.1,False,,Clean,Monoderm (Keep)
GCF_016455225.1,False,,Clean,Monoderm (Keep)
GCF_016455245.1,False,,Clean,Monoderm (Keep)
GCF_016455065.1,False,,Clean,Monoderm (Keep)
GCF_016455025.1,False,,Clean,Monoderm (Keep)
GCF_016455145.1,False,,Clean,Monoderm (Keep)
GCF_016455205.1,False,,Clean,Monoderm (Keep)
GCF_016415725.1,False,,Clean,Monoderm (Keep)
GCF_016446355.1,False,,Clean,Monoderm (Keep)
GCF_016128295.1,False,,Clean,Monoderm (Keep)
GCF_016549335.1,False,,Clean,Monoderm (Keep)
GCF_016455285.1,False,,Clean,Monoderm (Keep)
GCF_016549375.1,False,,Clean,Monoderm (Keep)
GCF_016591995.1,False,,Clean,Monoderm (Keep)
GCF_016496025.1,False,,Clean,Monoderm (Keep)
GCF_016549395.1,False,,Clean,Monoderm (Keep)
GCF_016598775.1,False,,Clean,Monoderm (Keep)
GCF_016458825.1,False,,Clean,Monoderm (Keep)
GCF_016598895.1,False,,Clean,Monoderm (Keep)
GCF_016495865.1,False,,Clean,Monoderm (Keep)
GCF_016591975.1,False,,Clean,Monoderm (Keep)
GCF_016598735.1,False,,Clean,Monoderm (Keep)
GCF_016592155.1,False,,Clean,Monoderm (Keep)
GCF_016495725.1,False,,Clean,Monoderm (Keep)
GCF_016598915.1,False,,Clean,Monoderm (Keep)
GCF_016598575.1,False,,Clean,Monoderm (Keep)
GCF_016598695.1,False,,Clean,Monoderm (Keep)
GCF_016599675.1,False,,Clean,Monoderm (Keep)
GCF_016467295.1,False,,Clean,Monoderm (Keep)
GCF_016599815.1,False,,Clean,Monoderm (Keep)
GCF_016725245.1,False,,Clean,Monoderm (Keep)
GCF_016727385.1,False,,Clean,Monoderm (Keep)
GCF_016647595.1,False,,Clean,Monoderm (Keep)
GCF_016727125.1,False,,Clean,Monoderm (Keep)
GCF_016743855.1,False,,Clean,Monoderm (Keep)
GCF_016728705.1,False,,Clean,Monoderm (Keep)
GCF_016725265.1,False,,Clean,Monoderm (Keep)
GCF_016728685.1,False,,Clean,Monoderm (Keep)
GCF_016726885.1,False,,Clean,Monoderm (Keep)
GCF_016649195.2,False,,Clean,Monoderm (Keep)
GCF_016599755.1,False,,Clean,Monoderm (Keep)
GCF_016724665.1,False,,Clean,Monoderm (Keep)
GCF_016724885.1,False,,Clean,Monoderm (Keep)
GCF_016728645.1,False,,Clean,Monoderm (Keep)
GCF_016725285.1,False,,Clean,Monoderm (Keep)
GCF_016724565.1,False,,Clean,Monoderm (Keep)
GCF_016629445.1,False,,Clean,Monoderm (Keep)
GCF_016629465.1,False,,Clean,Monoderm (Keep)
GCF_016694995.1,False,,Clean,Monoderm (Keep)
GCF_016727305.1,False,,Clean,Monoderm (Keep)
GCF_016599795.1,False,,Clean,Monoderm (Keep)
GCF_016653515.1,False,,Clean,Monoderm (Keep)
GCF_016725305.1,False,,Clean,Monoderm (Keep)
GCF_016727345.1,False,,Clean,Monoderm (Keep)
GCF_016605985.1,False,,Clean,Monoderm (Keep)
GCF_016743875.1,False,,Clean,Monoderm (Keep)
GCF_016724865.1,False,,Clean,Monoderm (Keep)
GCF_016725205.1,False,,Clean,Monoderm (Keep)
GCF_016727585.1,False,,Clean,Monoderm (Keep)
GCF_016727265.1,False,,Clean,Monoderm (Keep)
GCF_016743895.1,False,,Clean,Monoderm (Keep)
GCF_016727325.1,False,,Clean,Monoderm (Keep)
GCF_016725165.1,False,,Clean,Monoderm (Keep)
GCF_016726765.1,False,,Clean,Monoderm (Keep)
GCF_016725005.1,False,,Clean,Monoderm (Keep)
GCF_016617695.1,False,,Clean,Monoderm (Keep)
GCF_016726485.1,False,,Clean,Monoderm (Keep)
GCF_016726965.1,False,,Clean,Monoderm (Keep)
GCF_016653595.1,False,,Clean,Monoderm (Keep)
GCF_016653495.1,False,,Clean,Monoderm (Keep)
GCF_016658865.1,False,,Clean,Monoderm (Keep)
GCF_016725225.1,False,,Clean,Monoderm (Keep)
GCF_016725185.1,False,,Clean,Monoderm (Keep)
GCF_016694795.1,False,,Clean,Monoderm (Keep)
GCF_016727365.1,False,,Clean,Monoderm (Keep)
GCF_016626125.1,False,,Clean,Monoderm (Keep)
GCF_016726365.1,False,,Clean,Monoderm (Keep)
GCF_016728505.1,False,,Clean,Monoderm (Keep)
GCF_016728365.1,False,,Clean,Monoderm (Keep)
GCF_016728725.1,False,,Clean,Monoderm (Keep)
GCF_016694895.1,False,,Clean,Monoderm (Keep)
GCF_016628525.2,False,,Clean,Monoderm (Keep)
GCF_016728625.1,False,,Clean,Monoderm (Keep)
GCF_016743055.1,False,,Clean,Monoderm (Keep)
GCF_016728745.1,False,,Clean,Monoderm (Keep)
GCF_016628735.2,False,,Clean,Monoderm (Keep)
GCF_016728205.1,False,,Clean,Monoderm (Keep)
GCF_016728665.1,False,,Clean,Monoderm (Keep)
GCF_016728025.1,False,,Clean,Monoderm (Keep)
GCF_016653675.1,False,,Clean,Monoderm (Keep)
GCF_016728105.1,False,,Clean,Monoderm (Keep)
GCF_016728785.1,False,,Clean,Monoderm (Keep)
GCF_016724825.1,False,,Clean,Monoderm (Keep)
GCF_016598615.1,False,,Clean,Monoderm (Keep)
GCF_016726245.1,False,,Clean,Monoderm (Keep)
GCF_016638705.1,False,,Clean,Monoderm (Keep)
GCF_016605905.1,False,,Clean,Monoderm (Keep)
GCF_016727405.1,False,,Clean,Monoderm (Keep)
GCF_016722835.1,False,,Clean,Monoderm (Keep)
GCF_016756375.1,False,,Clean,Monoderm (Keep)
GCF_016749935.1,False,,Clean,Monoderm (Keep)
GCF_016755915.1,False,,Clean,Monoderm (Keep)
GCF_016745295.1,False,,Clean,Monoderm (Keep)
GCF_016695385.1,False,,Clean,Monoderm (Keep)
GCF_016757695.1,False,,Clean,Monoderm (Keep)
GCF_016755935.1,False,,Clean,Monoderm (Keep)
GCF_016767155.1,False,,Clean,Monoderm (Keep)
GCF_016756055.1,False,,Clean,Monoderm (Keep)
GCF_016766735.1,False,,Clean,Monoderm (Keep)
GCF_016756355.1,False,,Clean,Monoderm (Keep)
GCF_016767115.1,False,,Clean,Monoderm (Keep)
GCF_016766755.1,False,,Clean,Monoderm (Keep)
GCF_016757715.1,False,,Clean,Monoderm (Keep)
GCF_016756095.1,False,,Clean,Monoderm (Keep)
GCF_016767095.1,False,,Clean,Monoderm (Keep)
GCF_016767015.1,False,,Clean,Monoderm (Keep)
GCF_016767055.1,False,,Clean,Monoderm (Keep)
GCF_016766955.1,False,,Clean,Monoderm (Keep)
GCF_016767035.1,False,,Clean,Monoderm (Keep)
GCF_016766975.1,False,,Clean,Monoderm (Keep)
GCF_016766995.1,False,,Clean,Monoderm (Keep)
GCF_016755975.1,False,,Clean,Monoderm (Keep)
GCF_016756035.1,False,,Clean,Monoderm (Keep)
GCF_016755995.1,False,,Clean,Monoderm (Keep)
GCF_016755955.1,False,,Clean,Monoderm (Keep)
GCF_016756015.1,False,,Clean,Monoderm (Keep)
GCF_016756155.1,False,,Clean,Monoderm (Keep)
GCF_016756075.1,False,,Clean,Monoderm (Keep)
GCF_016766595.1,False,,Clean,Monoderm (Keep)
GCF_016756195.1,False,,Clean,Monoderm (Keep)
GCF_016756115.1,False,,Clean,Monoderm (Keep)
GCF_016756135.1,False,,Clean,Monoderm (Keep)
GCF_016756295.1,False,,Clean,Monoderm (Keep)
GCF_016807725.1,False,,Clean,Monoderm (Keep)
GCF_016807705.1,False,,Clean,Monoderm (Keep)
GCF_016756175.1,False,,Clean,Monoderm (Keep)
GCF_016767175.1,False,,Clean,Monoderm (Keep)
GCF_016767135.1,False,,Clean,Monoderm (Keep)
GCF_016756255.1,False,,Clean,Monoderm (Keep)
GCF_016812095.1,False,,Clean,Monoderm (Keep)
GCF_016774515.1,False,,Clean,Monoderm (Keep)
GCF_016772515.1,False,,Clean,Monoderm (Keep)
GCF_016804365.1,False,,Clean,Monoderm (Keep)
GCF_016834475.1,False,,Clean,Monoderm (Keep)
GCF_016807685.1,False,,Clean,Monoderm (Keep)
GCF_016775685.1,False,,Clean,Monoderm (Keep)
GCF_016834495.1,False,,Clean,Monoderm (Keep)
GCF_016812075.1,False,,Clean,Monoderm (Keep)
GCF_016774575.1,False,,Clean,Monoderm (Keep)
GCF_016812035.1,False,,Clean,Monoderm (Keep)
GCF_016774475.1,False,,Clean,Monoderm (Keep)
GCF_016756395.1,False,,Clean,Monoderm (Keep)
GCF_016767795.1,False,,Clean,Monoderm (Keep)
GCF_016772475.1,False,,Clean,Monoderm (Keep)
GCF_016774535.1,False,,Clean,Monoderm (Keep)
GCF_016802645.1,False,,Clean,Monoderm (Keep)
GCF_016767835.1,False,,Clean,Monoderm (Keep)
GCF_016804245.1,False,,Clean,Monoderm (Keep)
GCF_016775725.1,False,,Clean,Monoderm (Keep)
GCF_016805985.1,False,,Clean,Monoderm (Keep)
GCF_016775765.1,False,,Clean,Monoderm (Keep)
GCF_016775745.1,False,,Clean,Monoderm (Keep)
GCF_016803835.1,False,,Clean,Monoderm (Keep)
GCF_016798345.1,False,,Clean,Monoderm (Keep)
GCF_016801735.1,False,,Clean,Monoderm (Keep)
GCF_016772275.1,False,,Clean,Monoderm (Keep)
GCF_016767855.1,False,,Clean,Monoderm (Keep)
GCF_016756215.1,False,,Clean,Monoderm (Keep)
GCF_016767715.1,False,,Clean,Monoderm (Keep)
GCF_016756235.1,False,,Clean,Monoderm (Keep)
GCF_016756275.1,False,,Clean,Monoderm (Keep)
GCF_016804345.1,False,,Clean,Monoderm (Keep)
GCF_016774555.1,False,,Clean,Monoderm (Keep)
GCF_016811915.1,False,,Clean,Monoderm (Keep)
GCF_016834435.1,False,,Clean,Monoderm (Keep)
GCF_016803985.1,False,,Clean,Monoderm (Keep)
GCF_016835115.1,False,,Clean,Monoderm (Keep)
GCF_016834535.1,False,,Clean,Monoderm (Keep)
GCF_016804005.1,False,,Clean,Monoderm (Keep)
GCF_016904135.1,False,,Clean,Monoderm (Keep)
GCF_016861955.1,False,,Clean,Monoderm (Keep)
GCF_016865445.1,False,,Clean,Monoderm (Keep)
GCF_016903555.1,False,,Clean,Monoderm (Keep)
GCF_016903575.1,False,,Clean,Monoderm (Keep)
GCF_016889945.1,False,,Clean,Monoderm (Keep)
GCF_016887735.2,False,,Clean,Monoderm (Keep)
GCF_016889985.1,False,,Clean,Monoderm (Keep)
GCF_016889145.1,False,,Clean,Monoderm (Keep)
GCF_016890025.1,False,,Clean,Monoderm (Keep)
GCF_016888845.1,False,,Clean,Monoderm (Keep)
GCF_016887545.1,False,,Clean,Monoderm (Keep)
GCF_016865215.1,False,,Clean,Monoderm (Keep)
GCF_016889245.1,False,,Clean,Monoderm (Keep)
GCF_016838645.1,False,,Clean,Monoderm (Keep)
GCF_016864255.1,False,,Clean,Monoderm (Keep)
GCF_016889445.1,False,,Clean,Monoderm (Keep)
GCF_016838705.1,False,,Clean,Monoderm (Keep)
GCF_016889425.1,False,,Clean,Monoderm (Keep)
GCF_016889225.1,False,,Clean,Monoderm (Keep)
GCF_016904675.1,False,,Clean,Monoderm (Keep)
GCF_016838685.1,False,,Clean,Monoderm (Keep)
GCF_016889285.1,False,,Clean,Monoderm (Keep)
GCF_016889405.1,False,,Clean,Monoderm (Keep)
GCF_016889365.1,False,,Clean,Monoderm (Keep)
GCF_016835135.1,False,,Clean,Monoderm (Keep)
GCF_016889465.1,False,,Clean,Monoderm (Keep)
GCF_016889885.1,False,,Clean,Monoderm (Keep)
GCF_016865385.1,False,,Clean,Monoderm (Keep)
GCF_016889965.1,False,,Clean,Monoderm (Keep)
GCF_016889765.1,False,,Clean,Monoderm (Keep)
GCF_016889005.1,False,,Clean,Monoderm (Keep)
GCF_016889785.1,False,,Clean,Monoderm (Keep)
GCF_016838665.1,False,,Clean,Monoderm (Keep)
GCF_016839225.1,False,,Clean,Monoderm (Keep)
GCF_016894165.1,False,,Clean,Monoderm (Keep)
GCF_016861545.1,False,,Clean,Monoderm (Keep)
GCF_016888865.1,False,,Clean,Monoderm (Keep)
GCF_016920995.1,False,,Clean,Monoderm (Keep)
GCF_016894285.1,False,,Clean,Monoderm (Keep)
GCF_016921055.1,False,,Clean,Monoderm (Keep)
GCF_016919305.1,False,,Clean,Monoderm (Keep)
GCF_016921015.1,False,,Clean,Monoderm (Keep)
GCF_016924835.1,False,,Clean,Monoderm (Keep)
GCF_016894405.1,False,,Clean,Monoderm (Keep)
GCF_016921035.1,False,,Clean,Monoderm (Keep)
GCF_016894325.1,False,,Clean,Monoderm (Keep)
GCF_016904925.1,False,,Clean,Monoderm (Keep)
GCF_016889665.1,False,,Clean,Monoderm (Keep)
GCF_016903355.1,False,,Clean,Monoderm (Keep)
GCF_016919665.1,False,,Clean,Monoderm (Keep)
GCF_016839185.1,False,,Clean,Monoderm (Keep)
GCF_016889705.1,False,,Clean,Monoderm (Keep)
GCF_016917335.1,False,,Clean,Monoderm (Keep)
GCF_016917315.1,False,,Clean,Monoderm (Keep)
GCF_016904015.1,False,,Clean,Monoderm (Keep)
GCF_016904155.1,False,,Clean,Monoderm (Keep)
GCF_016919285.1,False,,Clean,Monoderm (Keep)
GCF_016919385.1,False,,Clean,Monoderm (Keep)
GCF_016859395.1,False,,Clean,Monoderm (Keep)
GCF_016865425.1,False,,Clean,Monoderm (Keep)
GCF_016859185.1,False,,Clean,Monoderm (Keep)
GCF_016906205.1,False,,Clean,Monoderm (Keep)
GCF_016906245.1,False,,Clean,Monoderm (Keep)
GCF_016917775.1,False,,Clean,Monoderm (Keep)
GCF_016906225.1,False,,Clean,Monoderm (Keep)
GCF_016917795.1,False,,Clean,Monoderm (Keep)
GCF_016906185.1,False,,Clean,Monoderm (Keep)
GCF_016906265.1,False,,Clean,Monoderm (Keep)
GCF_016919325.1,False,,Clean,Monoderm (Keep)
GCF_016919685.1,False,,Clean,Monoderm (Keep)
GCF_016925555.1,False,,Clean,Monoderm (Keep)
GCF_016939455.1,False,,Clean,Monoderm (Keep)
GCF_016924995.1,False,,Clean,Monoderm (Keep)
GCF_016939435.1,False,,Clean,Monoderm (Keep)
GCF_016925535.1,False,,Clean,Monoderm (Keep)
GCF_016925595.1,False,,Clean,Monoderm (Keep)
GCF_016925615.1,False,,Clean,Monoderm (Keep)
GCF_016917755.1,False,,Clean,Monoderm (Keep)
GCF_017068235.1,False,,Clean,Monoderm (Keep)
GCF_016952955.1,False,,Clean,Monoderm (Keep)
GCF_017100085.1,False,,Clean,Monoderm (Keep)
GCF_017068275.1,False,,Clean,Monoderm (Keep)
GCF_017088305.1,False,,Clean,Monoderm (Keep)
GCF_017161095.1,False,,Clean,Monoderm (Keep)
GCF_016952995.1,False,,Clean,Monoderm (Keep)
GCF_017086525.1,False,,Clean,Monoderm (Keep)
GCF_017086425.1,False,,Clean,Monoderm (Keep)
GCF_017088385.1,False,,Clean,Monoderm (Keep)
GCF_017183775.1,False,,Clean,Monoderm (Keep)
GCF_017183815.1,False,,Clean,Monoderm (Keep)
GCF_017086565.1,False,,Clean,Monoderm (Keep)
GCF_017132755.1,False,,Clean,Monoderm (Keep)
GCF_017183655.1,False,,Clean,Monoderm (Keep)
GCF_017132795.1,False,,Clean,Monoderm (Keep)
GCF_017086405.1,False,,Clean,Monoderm (Keep)
GCF_017068035.1,False,,Clean,Monoderm (Keep)
GCF_017068355.1,False,,Clean,Monoderm (Keep)
GCF_017161365.1,False,,Clean,Monoderm (Keep)
GCF_017132775.1,False,,Clean,Monoderm (Keep)
GCF_017134375.1,False,,Clean,Monoderm (Keep)
GCF_017134335.1,False,,Clean,Monoderm (Keep)
GCF_017134355.1,False,,Clean,Monoderm (Keep)
GCF_017068315.1,False,,Clean,Monoderm (Keep)
GCF_017161405.1,False,,Clean,Monoderm (Keep)
GCF_017086465.1,False,,Clean,Monoderm (Keep)
GCF_017161205.1,False,,Clean,Monoderm (Keep)
GCF_016925635.1,False,,Clean,Monoderm (Keep)
GCF_017164035.1,False,,Clean,Monoderm (Keep)
GCF_017183795.1,False,,Clean,Monoderm (Keep)
GCF_017086365.1,False,,Clean,Monoderm (Keep)
GCF_017084465.1,False,,Clean,Monoderm (Keep)
GCF_017189395.1,False,,Clean,Monoderm (Keep)
GCF_017277335.1,False,,Clean,Monoderm (Keep)
GCF_017280035.1,False,,Clean,Monoderm (Keep)
GCF_017164055.1,False,,Clean,Monoderm (Keep)
GCF_017183835.1,False,,Clean,Monoderm (Keep)
GCF_017183735.1,False,,Clean,Monoderm (Keep)
GCF_017183555.1,False,,Clean,Monoderm (Keep)
GCF_017189415.1,False,,Clean,Monoderm (Keep)
GCF_017183915.1,False,,Clean,Monoderm (Keep)
GCF_017189375.1,False,,Clean,Monoderm (Keep)
GCF_017068395.1,False,,Clean,Monoderm (Keep)
GCF_017183855.1,False,,Clean,Monoderm (Keep)
GCF_017189355.1,False,,Clean,Monoderm (Keep)
GCF_017190595.1,False,,Clean,Monoderm (Keep)
GCF_017190695.1,False,,Clean,Monoderm (Keep)
GCF_017183875.1,False,,Clean,Monoderm (Keep)
GCF_017189435.1,False,,Clean,Monoderm (Keep)
GCF_017183955.1,False,,Clean,Monoderm (Keep)
GCF_017280235.1,False,,Clean,Monoderm (Keep)
GCF_017183895.1,False,,Clean,Monoderm (Keep)
GCF_017190795.1,False,,Clean,Monoderm (Keep)
GCF_017309625.1,False,,Clean,Monoderm (Keep)
GCF_017309645.1,False,,Clean,Monoderm (Keep)
GCF_017190535.1,False,,Clean,Monoderm (Keep)
GCF_017183935.1,False,,Clean,Monoderm (Keep)
GCF_017190875.1,False,,Clean,Monoderm (Keep)
GCF_017068375.1,False,,Clean,Monoderm (Keep)
GCF_017183975.1,False,,Clean,Monoderm (Keep)
GCF_017309485.1,False,,Clean,Monoderm (Keep)
GCF_017309505.1,False,,Clean,Monoderm (Keep)
GCF_017309545.1,False,,Clean,Monoderm (Keep)
GCF_017309525.1,False,,Clean,Monoderm (Keep)
GCF_017309405.1,False,,Clean,Monoderm (Keep)
GCF_017301935.1,False,,Clean,Monoderm (Keep)
GCF_017299595.1,False,,Clean,Monoderm (Keep)
GCF_017310035.1,False,,Clean,Monoderm (Keep)
GCF_017309995.1,False,,Clean,Monoderm (Keep)
GCF_017301615.1,False,,Clean,Monoderm (Keep)
GCF_017584225.1,False,,Clean,Monoderm (Keep)
GCF_017584245.1,False,,Clean,Monoderm (Keep)
GCF_017347585.1,False,,Clean,Monoderm (Keep)
GCF_017638885.1,False,,Clean,Monoderm (Keep)
GCF_017355025.1,False,,Clean,Monoderm (Keep)
GCF_017584065.1,False,,Clean,Monoderm (Keep)
GCF_017654545.1,False,,Clean,Monoderm (Keep)
GCF_017576965.1,False,,Clean,Monoderm (Keep)
GCF_017355045.1,False,,Clean,Monoderm (Keep)
GCF_017348895.1,False,,Clean,Monoderm (Keep)
GCF_017351995.1,False,,Clean,Monoderm (Keep)
GCF_017355005.1,False,,Clean,Monoderm (Keep)
GCF_017357445.1,False,,Clean,Monoderm (Keep)
GCF_017638905.1,False,,Clean,Monoderm (Keep)
GCF_017298635.1,False,,Clean,Monoderm (Keep)
GCF_017654605.1,False,,Clean,Monoderm (Keep)
GCF_017352315.1,False,,Clean,Monoderm (Keep)
GCF_017639585.1,False,,Clean,Monoderm (Keep)
GCF_017357425.1,False,,Clean,Monoderm (Keep)
GCF_017347625.1,False,,Clean,Monoderm (Keep)
GCF_017603725.1,False,,Clean,Monoderm (Keep)
GCF_017357805.1,False,,Clean,Monoderm (Keep)
GCF_017360085.1,False,,Clean,Monoderm (Keep)
GCF_017359885.1,False,,Clean,Monoderm (Keep)
GCF_017357065.1,False,,Clean,Monoderm (Keep)
GCF_017603845.1,False,,Clean,Monoderm (Keep)
GCF_017360005.1,False,,Clean,Monoderm (Keep)
GCF_017360165.1,False,,Clean,Monoderm (Keep)
GCF_017638465.1,False,,Clean,Monoderm (Keep)
GCF_017352215.1,False,,Clean,Monoderm (Keep)
GCF_017359825.1,False,,Clean,Monoderm (Keep)
GCF_017655745.1,False,,Clean,Monoderm (Keep)
GCF_017360305.1,False,,Clean,Monoderm (Keep)
GCF_017498665.1,False,,Clean,Monoderm (Keep)
GCF_017655725.1,False,,Clean,Monoderm (Keep)
GCF_017639855.1,False,,Clean,Monoderm (Keep)
GCF_017655665.1,False,,Clean,Monoderm (Keep)
GCF_017655685.1,False,,Clean,Monoderm (Keep)
GCF_017360245.1,False,,Clean,Monoderm (Keep)
GCF_017311125.1,False,,Clean,Monoderm (Keep)
GCF_017357325.1,False,,Clean,Monoderm (Keep)
GCF_017569245.1,False,,Clean,Monoderm (Keep)
GCF_017372155.1,False,,Clean,Monoderm (Keep)
GCF_017378735.1,False,,Clean,Monoderm (Keep)
GCF_017603605.1,False,,Clean,Monoderm (Keep)
GCF_017355605.1,False,,Clean,Monoderm (Keep)
GCF_017357345.1,False,,Clean,Monoderm (Keep)
GCF_017638445.1,False,,Clean,Monoderm (Keep)
GCF_017363655.2,False,,Clean,Monoderm (Keep)
GCF_017358145.1,False,,Clean,Monoderm (Keep)
GCF_017378625.1,False,,Clean,Monoderm (Keep)
GCF_017376415.1,False,,Clean,Monoderm (Keep)
GCF_017378695.1,False,,Clean,Monoderm (Keep)
GCF_017357005.1,False,,Clean,Monoderm (Keep)
GCF_017352195.1,False,,Clean,Monoderm (Keep)
GCF_017569205.1,False,,Clean,Monoderm (Keep)
GCF_017579825.1,False,,Clean,Monoderm (Keep)
GCF_017569225.1,False,,Clean,Monoderm (Keep)
GCF_017579845.1,False,,Clean,Monoderm (Keep)
GCF_017498505.1,False,,Clean,Monoderm (Keep)
GCF_017603825.1,False,,Clean,Monoderm (Keep)
GCF_017592625.2,False,,Clean,Monoderm (Keep)
GCF_017357905.1,False,,Clean,Monoderm (Keep)
GCF_017338795.1,False,,Clean,Monoderm (Keep)
GCF_017352335.1,False,,Clean,Monoderm (Keep)
GCF_017654315.1,False,,Clean,Monoderm (Keep)
GCF_017655785.1,False,,Clean,Monoderm (Keep)
GCF_017655805.1,False,,Clean,Monoderm (Keep)
GCF_017655905.1,False,,Clean,Monoderm (Keep)
GCF_017655885.1,False,,Clean,Monoderm (Keep)
GCF_017655945.1,False,,Clean,Monoderm (Keep)
GCF_017655845.1,False,,Clean,Monoderm (Keep)
GCF_017655825.1,False,,Clean,Monoderm (Keep)
GCF_017655965.1,False,,Clean,Monoderm (Keep)
GCF_017655865.1,False,,Clean,Monoderm (Keep)
GCF_017655925.1,False,,Clean,Monoderm (Keep)
GCF_017639205.1,False,,Clean,Monoderm (Keep)
GCF_017526105.1,False,,Clean,Monoderm (Keep)
GCF_018093105.1,False,,Clean,Monoderm (Keep)
GCF_017909395.1,False,,Clean,Monoderm (Keep)
GCF_017815695.1,False,,Clean,Monoderm (Keep)
GCF_017821195.1,False,,Clean,Monoderm (Keep)
GCF_018024475.1,False,,Clean,Monoderm (Keep)
GCF_017815655.1,False,,Clean,Monoderm (Keep)
GCF_018093225.1,False,,Clean,Monoderm (Keep)
GCF_017968845.1,False,,Clean,Monoderm (Keep)
GCF_017798245.1,False,,Clean,Monoderm (Keep)
GCF_017795485.1,False,,Clean,Monoderm (Keep)
GCF_018093205.1,False,,Clean,Monoderm (Keep)
GCF_017893605.1,False,,Clean,Monoderm (Keep)
GCF_017798305.1,False,,Clean,Monoderm (Keep)
GCF_017894345.1,False,,Clean,Monoderm (Keep)
GCF_018106285.1,False,,Clean,Monoderm (Keep)
GCF_017909135.1,False,,Clean,Monoderm (Keep)
GCF_017815675.1,False,,Clean,Monoderm (Keep)
GCF_017898005.1,False,,Clean,Monoderm (Keep)
GCF_018093065.1,False,,Clean,Monoderm (Keep)
GCF_017897965.1,False,,Clean,Monoderm (Keep)
GCF_018106305.1,False,,Clean,Monoderm (Keep)
GCF_017909015.1,False,,Clean,Monoderm (Keep)
GCF_017840575.1,False,,Clean,Monoderm (Keep)
GCF_017909295.1,False,,Clean,Monoderm (Keep)
GCF_017909235.1,False,,Clean,Monoderm (Keep)
GCF_017798265.1,False,,Clean,Monoderm (Keep)
GCF_018106325.1,False,,Clean,Monoderm (Keep)
GCF_017743055.1,False,,Clean,Monoderm (Keep)
GCF_017910955.1,False,,Clean,Monoderm (Keep)
GCF_017898025.1,False,,Clean,Monoderm (Keep)
GCF_017909435.1,False,,Clean,Monoderm (Keep)
GCF_017909455.1,False,,Clean,Monoderm (Keep)
GCF_017945865.1,False,,Clean,Monoderm (Keep)
GCF_017743235.1,False,,Clean,Monoderm (Keep)
GCF_017751245.1,False,,Clean,Monoderm (Keep)
GCF_017743215.1,False,,Clean,Monoderm (Keep)
GCF_017795725.1,False,,Clean,Monoderm (Keep)
GCF_017815835.1,False,,Clean,Monoderm (Keep)
GCF_017656075.1,False,,Clean,Monoderm (Keep)
GCF_017894325.1,False,,Clean,Monoderm (Keep)
GCF_017840535.1,False,,Clean,Monoderm (Keep)
GCF_017743175.1,False,,Clean,Monoderm (Keep)
GCF_017743155.1,False,,Clean,Monoderm (Keep)
GCF_017743195.1,False,,Clean,Monoderm (Keep)
GCF_017792285.1,False,,Clean,Monoderm (Keep)
GCF_017869415.1,False,,Clean,Monoderm (Keep)
GCF_017815535.1,False,,Clean,Monoderm (Keep)
GCF_018024495.1,False,,Clean,Monoderm (Keep)
GCF_017795605.1,False,,Clean,Monoderm (Keep)
GCF_018106265.1,False,,Clean,Monoderm (Keep)
GCF_018075265.1,False,,Clean,Monoderm (Keep)
GCF_017742875.1,False,,Clean,Monoderm (Keep)
GCF_017809215.1,False,,Clean,Monoderm (Keep)
GCF_017948325.1,False,,Clean,Monoderm (Keep)
GCF_017751145.1,True,3.2e-52,GM661_RS02295,Diderm (Exclude)
GCF_017792025.1,False,,Clean,Monoderm (Keep)
GCF_017948225.1,False,,Clean,Monoderm (Keep)
GCF_018075365.1,False,,Clean,Monoderm (Keep)
GCF_017742975.1,False,,Clean,Monoderm (Keep)
GCF_017901075.1,False,,Clean,Monoderm (Keep)
GCF_017815555.1,False,,Clean,Monoderm (Keep)
GCF_017948365.1,False,,Clean,Monoderm (Keep)
GCF_017901115.1,False,,Clean,Monoderm (Keep)
GCF_017901055.1,False,,Clean,Monoderm (Keep)
GCF_017901035.1,False,,Clean,Monoderm (Keep)
GCF_017753785.1,False,,Clean,Monoderm (Keep)
GCF_017797845.1,False,,Clean,Monoderm (Keep)
GCF_017901095.1,False,,Clean,Monoderm (Keep)
GCF_017671885.1,False,,Clean,Monoderm (Keep)
GCF_017916255.1,False,,Clean,Monoderm (Keep)
GCF_018127725.1,False,,Clean,Monoderm (Keep)
GCF_018128285.1,False,,Clean,Monoderm (Keep)
GCF_017933115.1,False,,Clean,Monoderm (Keep)
GCF_017933235.1,False,,Clean,Monoderm (Keep)
GCF_018128325.1,False,,Clean,Monoderm (Keep)
GCF_018069625.1,False,,Clean,Monoderm (Keep)
GCF_018128265.1,False,,Clean,Monoderm (Keep)
GCF_018128345.1,False,,Clean,Monoderm (Keep)
GCF_017751265.1,False,,Clean,Monoderm (Keep)
GCF_017933255.1,False,,Clean,Monoderm (Keep)
GCF_018219325.1,False,,Clean,Monoderm (Keep)
GCF_018141605.1,False,,Clean,Monoderm (Keep)
GCF_018279145.1,False,,Clean,Monoderm (Keep)
GCF_018135565.1,False,,Clean,Monoderm (Keep)
GCF_018219285.1,False,,Clean,Monoderm (Keep)
GCF_018135545.1,False,,Clean,Monoderm (Keep)
GCF_018141585.1,False,,Clean,Monoderm (Keep)
GCF_018219175.1,False,,Clean,Monoderm (Keep)
GCF_018141545.1,False,,Clean,Monoderm (Keep)
GCF_018141165.1,False,,Clean,Monoderm (Keep)
GCF_018255795.1,False,,Clean,Monoderm (Keep)
GCF_018141025.1,False,,Clean,Monoderm (Keep)
GCF_018138125.1,False,,Clean,Monoderm (Keep)
GCF_018228725.1,False,,Clean,Monoderm (Keep)
GCF_018278985.1,False,,Clean,Monoderm (Keep)
GCF_018137985.1,False,,Clean,Monoderm (Keep)
GCF_018141085.1,False,,Clean,Monoderm (Keep)
GCF_018141445.1,False,,Clean,Monoderm (Keep)
GCF_018286375.1,False,,Clean,Monoderm (Keep)
GCF_018323945.1,False,,Clean,Monoderm (Keep)
GCF_018219245.1,False,,Clean,Monoderm (Keep)
GCF_018140655.1,False,,Clean,Monoderm (Keep)
GCF_018140535.1,False,,Clean,Monoderm (Keep)
GCF_018140985.1,False,,Clean,Monoderm (Keep)
GCF_018219225.1,False,,Clean,Monoderm (Keep)
GCF_018141385.1,False,,Clean,Monoderm (Keep)
GCF_018141205.1,False,,Clean,Monoderm (Keep)
GCF_018140675.1,False,,Clean,Monoderm (Keep)
GCF_018228745.1,False,,Clean,Monoderm (Keep)
GCF_018141525.1,False,,Clean,Monoderm (Keep)
GCF_018286435.1,False,,Clean,Monoderm (Keep)
GCF_018223625.1,False,,Clean,Monoderm (Keep)
GCF_018128365.1,False,,Clean,Monoderm (Keep)
GCF_018208375.1,False,,Clean,Monoderm (Keep)
GCF_018137945.1,False,,Clean,Monoderm (Keep)
GCF_018308945.1,False,,Clean,Monoderm (Keep)
GCF_018223705.1,False,,Clean,Monoderm (Keep)
GCF_018255775.1,False,,Clean,Monoderm (Keep)
GCF_018140595.1,False,,Clean,Monoderm (Keep)
GCF_018140925.1,False,,Clean,Monoderm (Keep)
GCF_018140555.1,False,,Clean,Monoderm (Keep)
GCF_018195715.2,False,,Clean,Monoderm (Keep)
GCF_018223605.1,False,,Clean,Monoderm (Keep)
GCF_018278905.1,False,,Clean,Monoderm (Keep)
GCF_018141425.1,False,,Clean,Monoderm (Keep)
GCF_018135605.1,False,,Clean,Monoderm (Keep)
GCF_018207515.1,False,,Clean,Monoderm (Keep)
GCF_018314255.1,False,,Clean,Monoderm (Keep)
GCF_018286655.1,False,,Clean,Monoderm (Keep)
GCF_018223745.1,False,,Clean,Monoderm (Keep)
GCF_018279565.1,False,,Clean,Monoderm (Keep)
GCF_018310555.1,False,,Clean,Monoderm (Keep)
GCF_018128905.1,False,,Clean,Monoderm (Keep)
GCF_018309085.1,False,,Clean,Monoderm (Keep)
GCF_018324565.1,False,,Clean,Monoderm (Keep)
GCF_018324505.1,False,,Clean,Monoderm (Keep)
GCF_018255875.1,False,,Clean,Monoderm (Keep)
GCF_018141105.1,False,,Clean,Monoderm (Keep)
GCF_018223685.1,False,,Clean,Monoderm (Keep)
GCF_018139085.1,False,,Clean,Monoderm (Keep)
GCF_018141485.1,False,,Clean,Monoderm (Keep)
GCF_018309125.1,False,,Clean,Monoderm (Keep)
GCF_018324255.1,False,,Clean,Monoderm (Keep)
GCF_018309145.1,False,,Clean,Monoderm (Keep)
GCF_018309165.1,False,,Clean,Monoderm (Keep)
GCF_018316795.1,False,,Clean,Monoderm (Keep)
GCF_018326145.1,False,,Clean,Monoderm (Keep)
GCF_018316655.1,False,,Clean,Monoderm (Keep)
GCF_018263855.1,False,,Clean,Monoderm (Keep)
GCF_018310575.1,False,,Clean,Monoderm (Keep)
GCF_018310535.1,False,,Clean,Monoderm (Keep)
GCF_018324685.1,False,,Clean,Monoderm (Keep)
GCF_018406545.1,False,,Clean,Monoderm (Keep)
GCF_018336535.1,False,,Clean,Monoderm (Keep)
GCF_018324205.1,False,,Clean,Monoderm (Keep)
GCF_018389825.1,False,,Clean,Monoderm (Keep)
GCF_018389545.1,False,,Clean,Monoderm (Keep)
GCF_018516925.1,False,,Clean,Monoderm (Keep)
GCF_018326305.1,False,,Clean,Monoderm (Keep)
GCF_018517045.1,False,,Clean,Monoderm (Keep)
GCF_018408575.1,False,,Clean,Monoderm (Keep)
GCF_018336515.1,False,,Clean,Monoderm (Keep)
GCF_018389685.1,False,,Clean,Monoderm (Keep)
GCF_018389805.1,False,,Clean,Monoderm (Keep)
GCF_018389745.1,False,,Clean,Monoderm (Keep)
GCF_018389725.1,False,,Clean,Monoderm (Keep)
GCF_018389565.1,False,,Clean,Monoderm (Keep)
GCF_018516845.1,False,,Clean,Monoderm (Keep)
GCF_018409145.1,False,,Clean,Monoderm (Keep)
GCF_018389765.1,False,,Clean,Monoderm (Keep)
GCF_018517085.1,False,,Clean,Monoderm (Keep)
GCF_018517105.1,False,,Clean,Monoderm (Keep)
GCF_018389625.1,False,,Clean,Monoderm (Keep)
GCF_018389585.1,False,,Clean,Monoderm (Keep)
GCF_018389705.1,False,,Clean,Monoderm (Keep)
GCF_018409405.1,False,,Clean,Monoderm (Keep)
GCF_018408705.1,False,,Clean,Monoderm (Keep)
GCF_018502505.1,False,,Clean,Monoderm (Keep)
GCF_018517065.1,False,,Clean,Monoderm (Keep)
GCF_018389665.1,False,,Clean,Monoderm (Keep)
GCF_018350285.1,False,,Clean,Monoderm (Keep)
GCF_018389605.1,False,,Clean,Monoderm (Keep)
GCF_018389645.1,False,,Clean,Monoderm (Keep)
GCF_018394055.1,False,,Clean,Monoderm (Keep)
GCF_018326285.1,False,,Clean,Monoderm (Keep)
GCF_018336555.1,False,,Clean,Monoderm (Keep)
GCF_018437745.1,False,,Clean,Monoderm (Keep)
GCF_018336875.1,False,,Clean,Monoderm (Keep)
GCF_018437525.1,False,,Clean,Monoderm (Keep)
GCF_018336775.1,False,,Clean,Monoderm (Keep)
GCF_018336635.1,False,,Clean,Monoderm (Keep)
GCF_018336795.1,False,,Clean,Monoderm (Keep)
GCF_018336675.1,False,,Clean,Monoderm (Keep)
GCF_018336695.1,False,,Clean,Monoderm (Keep)
GCF_018336655.1,False,,Clean,Monoderm (Keep)
GCF_018326425.1,False,,Clean,Monoderm (Keep)
GCF_018336735.1,False,,Clean,Monoderm (Keep)
GCF_018336755.1,False,,Clean,Monoderm (Keep)
GCF_018336715.1,False,,Clean,Monoderm (Keep)
GCF_018459925.1,False,,Clean,Monoderm (Keep)
GCF_018454405.1,False,,Clean,Monoderm (Keep)
GCF_018502525.1,False,,Clean,Monoderm (Keep)
GCF_018417515.1,False,,Clean,Monoderm (Keep)
GCF_018415955.1,False,,Clean,Monoderm (Keep)
GCF_018326245.1,False,,Clean,Monoderm (Keep)
GCF_018326265.1,False,,Clean,Monoderm (Keep)
GCF_018351295.1,False,,Clean,Monoderm (Keep)
GCF_018517185.1,False,,Clean,Monoderm (Keep)
GCF_018517125.1,False,,Clean,Monoderm (Keep)
GCF_018363055.1,False,,Clean,Monoderm (Keep)
GCF_018363075.1,False,,Clean,Monoderm (Keep)
GCF_018363095.1,False,,Clean,Monoderm (Keep)
GCF_018399115.1,False,,Clean,Monoderm (Keep)
GCF_018406465.1,False,,Clean,Monoderm (Keep)
GCF_018388445.1,False,,Clean,Monoderm (Keep)
GCF_018388425.1,False,,Clean,Monoderm (Keep)
GCF_018388465.1,False,,Clean,Monoderm (Keep)
GCF_018363035.1,False,,Clean,Monoderm (Keep)
GCF_018394175.1,False,,Clean,Monoderm (Keep)
GCF_018437505.1,False,,Clean,Monoderm (Keep)
GCF_018406485.1,False,,Clean,Monoderm (Keep)
GCF_018363015.1,False,,Clean,Monoderm (Keep)
GCF_018582665.1,False,,Clean,Monoderm (Keep)
GCF_018588665.2,False,,Clean,Monoderm (Keep)
GCF_018588605.2,False,,Clean,Monoderm (Keep)
GCF_018588615.2,False,,Clean,Monoderm (Keep)
GCF_018398955.1,False,,Clean,Monoderm (Keep)
GCF_018343855.1,False,,Clean,Monoderm (Keep)
GCF_018603455.1,False,,Clean,Monoderm (Keep)
GCF_018603475.1,False,,Clean,Monoderm (Keep)
GCF_018603395.1,False,,Clean,Monoderm (Keep)
GCF_018362975.1,False,,Clean,Monoderm (Keep)
GCF_018732225.1,False,,Clean,Monoderm (Keep)
GCF_018604565.1,False,,Clean,Monoderm (Keep)
GCF_018732245.1,False,,Clean,Monoderm (Keep)
GCF_018741525.1,False,,Clean,Monoderm (Keep)
GCF_018741165.1,False,,Clean,Monoderm (Keep)
GCF_018604665.1,False,,Clean,Monoderm (Keep)
GCF_018604685.1,False,,Clean,Monoderm (Keep)
GCF_018623015.1,False,,Clean,Monoderm (Keep)
GCF_018604265.1,False,,Clean,Monoderm (Keep)
GCF_018622615.1,False,,Clean,Monoderm (Keep)
GCF_018622975.1,False,,Clean,Monoderm (Keep)
GCF_018672415.1,False,,Clean,Monoderm (Keep)
GCF_018623035.1,False,,Clean,Monoderm (Keep)
GCF_018604625.1,False,,Clean,Monoderm (Keep)
GCF_018736025.1,False,,Clean,Monoderm (Keep)
GCF_018732165.1,False,,Clean,Monoderm (Keep)
GCF_018735945.1,False,,Clean,Monoderm (Keep)
GCF_018604225.1,False,,Clean,Monoderm (Keep)
GCF_018604285.1,False,,Clean,Monoderm (Keep)
GCF_018604325.1,False,,Clean,Monoderm (Keep)
GCF_018622855.1,False,,Clean,Monoderm (Keep)
GCF_018735785.1,False,,Clean,Monoderm (Keep)
GCF_018604245.1,False,,Clean,Monoderm (Keep)
GCF_018604185.1,False,,Clean,Monoderm (Keep)
GCF_018604305.1,False,,Clean,Monoderm (Keep)
GCF_018604205.1,False,,Clean,Monoderm (Keep)
GCF_018622755.1,False,,Clean,Monoderm (Keep)
GCF_018622995.1,False,,Clean,Monoderm (Keep)
GCF_018741585.1,False,,Clean,Monoderm (Keep)
GCF_018629015.1,False,,Clean,Monoderm (Keep)
GCF_018739605.1,False,,Clean,Monoderm (Keep)
GCF_018736725.1,False,,Clean,Monoderm (Keep)
GCF_018741545.1,False,,Clean,Monoderm (Keep)
GCF_018741605.1,False,,Clean,Monoderm (Keep)
GCF_018739385.1,False,,Clean,Monoderm (Keep)
GCF_018742045.1,False,,Clean,Monoderm (Keep)
GCF_018741505.1,False,,Clean,Monoderm (Keep)
GCF_018741625.1,False,,Clean,Monoderm (Keep)
GCF_018736765.1,False,,Clean,Monoderm (Keep)
GCF_018736705.1,False,,Clean,Monoderm (Keep)
GCF_018741645.1,False,,Clean,Monoderm (Keep)
GCF_018742105.1,False,,Clean,Monoderm (Keep)
GCF_018741285.1,False,,Clean,Monoderm (Keep)
GCF_018739305.1,False,,Clean,Monoderm (Keep)
GCF_018741465.1,False,,Clean,Monoderm (Keep)
GCF_018741565.1,False,,Clean,Monoderm (Keep)
GCF_018736745.1,False,,Clean,Monoderm (Keep)
GCF_018732145.1,False,,Clean,Monoderm (Keep)
GCF_018732185.1,False,,Clean,Monoderm (Keep)
GCF_018741405.1,False,,Clean,Monoderm (Keep)
GCF_018604145.1,False,,Clean,Monoderm (Keep)
GCF_018739665.1,False,,Clean,Monoderm (Keep)
GCF_018739485.1,False,,Clean,Monoderm (Keep)
GCF_018741085.1,False,,Clean,Monoderm (Keep)
GCF_018739365.1,False,,Clean,Monoderm (Keep)
GCF_018739445.1,False,,Clean,Monoderm (Keep)
GCF_018739505.1,False,,Clean,Monoderm (Keep)
GCF_018739545.1,False,,Clean,Monoderm (Keep)
GCF_018739705.1,False,,Clean,Monoderm (Keep)
GCF_018739525.1,False,,Clean,Monoderm (Keep)
GCF_018739625.1,False,,Clean,Monoderm (Keep)
GCF_018739685.1,False,,Clean,Monoderm (Keep)
GCF_018604545.1,False,,Clean,Monoderm (Keep)
GCF_018740945.1,False,,Clean,Monoderm (Keep)
GCF_018741005.1,False,,Clean,Monoderm (Keep)
GCF_018739645.1,False,,Clean,Monoderm (Keep)
GCF_018741125.1,False,,Clean,Monoderm (Keep)
GCF_018831625.1,False,,Clean,Monoderm (Keep)
GCF_018884225.1,False,,Clean,Monoderm (Keep)
GCF_018986875.1,False,,Clean,Monoderm (Keep)
GCF_018866265.1,False,,Clean,Monoderm (Keep)
GCF_019048025.1,False,,Clean,Monoderm (Keep)
GCF_018884765.1,False,,Clean,Monoderm (Keep)
GCF_018987345.1,False,,Clean,Monoderm (Keep)
GCF_018798865.1,False,,Clean,Monoderm (Keep)
GCF_018885085.1,False,,Clean,Monoderm (Keep)
GCF_018986755.2,False,,Clean,Monoderm (Keep)
GCF_018884845.1,False,,Clean,Monoderm (Keep)
GCF_018885385.1,False,,Clean,Monoderm (Keep)
GCF_018968745.1,False,,Clean,Monoderm (Keep)
GCF_018884665.1,False,,Clean,Monoderm (Keep)
GCF_018884925.1,False,,Clean,Monoderm (Keep)
GCF_018866365.1,False,,Clean,Monoderm (Keep)
GCF_018986855.1,False,,Clean,Monoderm (Keep)
GCF_018885365.1,False,,Clean,Monoderm (Keep)
GCF_018885045.1,False,,Clean,Monoderm (Keep)
GCF_018987325.1,False,,Clean,Monoderm (Keep)
GCF_018884705.1,False,,Clean,Monoderm (Keep)
GCF_018884905.1,False,,Clean,Monoderm (Keep)
GCF_019048965.1,False,,Clean,Monoderm (Keep)
GCF_018866345.1,False,,Clean,Monoderm (Keep)
GCF_018779945.3,False,,Clean,Monoderm (Keep)
GCF_018884185.1,False,,Clean,Monoderm (Keep)
GCF_018884945.1,False,,Clean,Monoderm (Keep)
GCF_018742245.1,False,,Clean,Monoderm (Keep)
GCF_018771705.1,False,,Clean,Monoderm (Keep)
GCF_018884865.1,False,,Clean,Monoderm (Keep)
GCF_018751995.1,False,,Clean,Monoderm (Keep)
GCF_019047825.1,False,,Clean,Monoderm (Keep)
GCF_018885325.1,False,,Clean,Monoderm (Keep)
GCF_018742225.1,False,,Clean,Monoderm (Keep)
GCF_018736145.1,False,,Clean,Monoderm (Keep)
GCF_018889955.1,False,,Clean,Monoderm (Keep)
GCF_018742205.1,False,,Clean,Monoderm (Keep)
GCF_018742285.1,False,,Clean,Monoderm (Keep)
GCF_018742185.1,False,,Clean,Monoderm (Keep)
GCF_018885285.1,False,,Clean,Monoderm (Keep)
GCF_018884205.1,False,,Clean,Monoderm (Keep)
GCF_019048645.1,False,,Clean,Monoderm (Keep)
GCF_019048465.1,False,,Clean,Monoderm (Keep)
GCF_019047505.1,False,,Clean,Monoderm (Keep)
GCF_018986735.1,False,,Clean,Monoderm (Keep)
GCF_019021805.1,False,,Clean,Monoderm (Keep)
GCF_019046945.1,False,,Clean,Monoderm (Keep)
GCF_018987235.1,False,,Clean,Monoderm (Keep)
GCF_018802225.1,False,,Clean,Monoderm (Keep)
GCF_018884245.1,False,,Clean,Monoderm (Keep)
GCF_018968725.1,False,,Clean,Monoderm (Keep)
GCF_019048165.1,False,,Clean,Monoderm (Keep)
GCF_018802245.1,False,,Clean,Monoderm (Keep)
GCF_018987365.1,False,,Clean,Monoderm (Keep)
GCF_019047805.1,False,,Clean,Monoderm (Keep)
GCF_018866245.1,False,,Clean,Monoderm (Keep)
GCF_018966765.1,False,,Clean,Monoderm (Keep)
GCF_018884725.1,False,,Clean,Monoderm (Keep)
GCF_018885305.1,False,,Clean,Monoderm (Keep)
GCF_018884965.1,False,,Clean,Monoderm (Keep)
GCF_018966805.1,False,,Clean,Monoderm (Keep)
GCF_018889995.1,False,,Clean,Monoderm (Keep)
GCF_018866305.1,False,,Clean,Monoderm (Keep)
GCF_018884885.1,False,,Clean,Monoderm (Keep)
GCF_018884745.1,False,,Clean,Monoderm (Keep)
GCF_018884605.1,False,,Clean,Monoderm (Keep)
GCF_018885105.1,False,,Clean,Monoderm (Keep)
GCF_018884825.1,False,,Clean,Monoderm (Keep)
GCF_018885065.1,False,,Clean,Monoderm (Keep)
GCF_018884165.1,False,,Clean,Monoderm (Keep)
GCF_018861275.1,False,,Clean,Monoderm (Keep)
GCF_018775385.1,False,,Clean,Monoderm (Keep)
GCF_018966525.1,False,,Clean,Monoderm (Keep)
GCF_018771665.1,False,,Clean,Monoderm (Keep)
GCF_018866325.1,False,,Clean,Monoderm (Keep)
GCF_019039255.1,False,,Clean,Monoderm (Keep)
GCF_018966865.1,False,,Clean,Monoderm (Keep)
GCF_018885265.1,False,,Clean,Monoderm (Keep)
GCF_019048865.1,False,,Clean,Monoderm (Keep)
GCF_019056395.1,False,,Clean,Monoderm (Keep)
GCF_019076805.1,False,,Clean,Monoderm (Keep)
GCF_019056515.1,False,,Clean,Monoderm (Keep)
GCF_019048925.1,False,,Clean,Monoderm (Keep)
GCF_019056555.1,False,,Clean,Monoderm (Keep)
GCF_019329545.1,False,,Clean,Monoderm (Keep)
GCF_019329745.1,False,,Clean,Monoderm (Keep)
GCF_019334145.1,False,,Clean,Monoderm (Keep)
GCF_019329725.1,False,,Clean,Monoderm (Keep)
GCF_019329645.1,False,,Clean,Monoderm (Keep)
GCF_019329425.1,False,,Clean,Monoderm (Keep)
GCF_019175445.1,False,,Clean,Monoderm (Keep)
GCF_019329365.1,False,,Clean,Monoderm (Keep)
GCF_019329605.1,False,,Clean,Monoderm (Keep)
GCF_019329805.1,False,,Clean,Monoderm (Keep)
GCF_019329625.1,False,,Clean,Monoderm (Keep)
GCF_019175465.1,False,,Clean,Monoderm (Keep)
GCF_019330125.1,False,,Clean,Monoderm (Keep)
GCF_019195415.1,False,,Clean,Monoderm (Keep)
GCF_019222685.1,False,,Clean,Monoderm (Keep)
GCF_019263765.1,False,,Clean,Monoderm (Keep)
GCF_019134615.1,False,,Clean,Monoderm (Keep)
GCF_019321805.1,False,,Clean,Monoderm (Keep)
GCF_019211765.1,False,,Clean,Monoderm (Keep)
GCF_019222705.1,False,,Clean,Monoderm (Keep)
GCF_019175525.1,False,,Clean,Monoderm (Keep)
GCF_019211785.1,False,,Clean,Monoderm (Keep)
GCF_019329325.1,False,,Clean,Monoderm (Keep)
GCF_019285615.1,False,,Clean,Monoderm (Keep)
GCF_019329765.1,False,,Clean,Monoderm (Keep)
GCF_019330205.1,False,,Clean,Monoderm (Keep)
GCF_019329525.1,False,,Clean,Monoderm (Keep)
GCF_019329245.1,False,,Clean,Monoderm (Keep)
GCF_019329565.1,False,,Clean,Monoderm (Keep)
GCF_019330145.1,False,,Clean,Monoderm (Keep)
GCF_019330165.1,False,,Clean,Monoderm (Keep)
GCF_019330185.1,False,,Clean,Monoderm (Keep)
GCF_019330045.1,False,,Clean,Monoderm (Keep)
GCF_019329585.1,False,,Clean,Monoderm (Keep)
GCF_019272915.1,False,,Clean,Monoderm (Keep)
GCF_019329665.1,False,,Clean,Monoderm (Keep)
GCF_019095205.1,False,,Clean,Monoderm (Keep)
GCF_019329405.1,False,,Clean,Monoderm (Keep)
GCF_019330225.1,False,,Clean,Monoderm (Keep)
GCF_019330245.1,False,,Clean,Monoderm (Keep)
GCF_019175405.1,False,,Clean,Monoderm (Keep)
GCF_019329685.1,False,,Clean,Monoderm (Keep)
GCF_019175425.1,False,,Clean,Monoderm (Keep)
GCF_019330105.1,False,,Clean,Monoderm (Keep)
GCF_019329505.1,False,,Clean,Monoderm (Keep)
GCF_019175505.1,False,,Clean,Monoderm (Keep)
GCF_019272935.1,False,,Clean,Monoderm (Keep)
GCF_019329705.1,False,,Clean,Monoderm (Keep)
GCF_019263785.1,False,,Clean,Monoderm (Keep)
GCF_019329785.1,False,,Clean,Monoderm (Keep)
GCF_019175485.1,False,,Clean,Monoderm (Keep)
GCF_019203145.1,False,,Clean,Monoderm (Keep)
GCF_019317345.1,False,,Clean,Monoderm (Keep)
GCF_019297795.1,False,,Clean,Monoderm (Keep)
GCF_019297775.1,False,,Clean,Monoderm (Keep)
GCF_019076885.1,False,,Clean,Monoderm (Keep)
GCF_019297755.1,False,,Clean,Monoderm (Keep)
GCF_019203185.1,False,,Clean,Monoderm (Keep)
GCF_019316905.1,False,,Clean,Monoderm (Keep)
GCF_019332005.1,False,,Clean,Monoderm (Keep)
GCF_019134635.1,False,,Clean,Monoderm (Keep)
GCF_019112525.1,False,,Clean,Monoderm (Keep)
GCF_019285735.1,False,,Clean,Monoderm (Keep)
GCF_019222745.1,False,,Clean,Monoderm (Keep)
GCF_019164215.1,False,,Clean,Monoderm (Keep)
GCF_019285775.1,False,,Clean,Monoderm (Keep)
GCF_019095765.1,False,,Clean,Monoderm (Keep)
GCF_019163475.1,False,,Clean,Monoderm (Keep)
GCF_019056675.1,False,,Clean,Monoderm (Keep)
GCF_019287315.1,False,,Clean,Monoderm (Keep)
GCF_019175365.1,False,,Clean,Monoderm (Keep)
GCF_019334785.1,False,,Clean,Monoderm (Keep)
GCF_019334745.1,False,,Clean,Monoderm (Keep)
GCF_019334565.1,False,,Clean,Monoderm (Keep)
GCF_019334585.1,False,,Clean,Monoderm (Keep)
GCF_019330265.1,False,,Clean,Monoderm (Keep)
GCF_019334685.1,False,,Clean,Monoderm (Keep)
GCF_019334525.1,False,,Clean,Monoderm (Keep)
GCF_019334125.1,False,,Clean,Monoderm (Keep)
GCF_019222765.1,False,,Clean,Monoderm (Keep)
GCF_019357515.1,False,,Clean,Monoderm (Keep)
GCF_019356355.1,False,,Clean,Monoderm (Keep)
GCF_019357575.1,False,,Clean,Monoderm (Keep)
GCF_019357495.1,False,,Clean,Monoderm (Keep)
GCF_019434215.1,False,,Clean,Monoderm (Keep)
GCF_019396865.1,False,,Clean,Monoderm (Keep)
GCF_019357695.1,False,,Clean,Monoderm (Keep)
GCF_019399915.1,False,,Clean,Monoderm (Keep)
GCF_019378895.1,False,,Clean,Monoderm (Keep)
GCF_019357555.1,False,,Clean,Monoderm (Keep)
GCF_019357535.1,False,,Clean,Monoderm (Keep)
GCF_019456555.1,False,,Clean,Monoderm (Keep)
GCF_019456595.1,False,,Clean,Monoderm (Keep)
GCF_019456575.1,False,,Clean,Monoderm (Keep)
GCF_019342965.1,False,,Clean,Monoderm (Keep)
GCF_019448315.1,False,,Clean,Monoderm (Keep)
GCF_019448175.1,False,,Clean,Monoderm (Keep)
GCF_019343085.1,False,,Clean,Monoderm (Keep)
GCF_019357475.1,False,,Clean,Monoderm (Keep)
GCF_019343125.1,False,,Clean,Monoderm (Keep)
GCF_019443925.1,False,,Clean,Monoderm (Keep)
GCF_019380255.1,False,,Clean,Monoderm (Keep)
GCF_019342905.1,False,,Clean,Monoderm (Keep)
GCF_019342885.1,False,,Clean,Monoderm (Keep)
GCF_019342865.1,False,,Clean,Monoderm (Keep)
GCF_019456615.1,False,,Clean,Monoderm (Keep)
GCF_019454385.1,False,,Clean,Monoderm (Keep)
GCF_019334805.1,False,,Clean,Monoderm (Keep)
GCF_019343025.1,False,,Clean,Monoderm (Keep)
GCF_019343005.1,False,,Clean,Monoderm (Keep)
GCF_019425695.1,False,,Clean,Monoderm (Keep)
GCF_019342985.1,False,,Clean,Monoderm (Keep)
GCF_019342925.1,False,,Clean,Monoderm (Keep)
GCF_019343065.1,False,,Clean,Monoderm (Keep)
GCF_019342845.1,False,,Clean,Monoderm (Keep)
GCF_019343045.1,False,,Clean,Monoderm (Keep)
GCF_019342945.1,False,,Clean,Monoderm (Keep)
GCF_019355395.1,False,,Clean,Monoderm (Keep)
GCF_019443965.1,False,,Clean,Monoderm (Keep)
GCF_019464495.1,False,,Clean,Monoderm (Keep)
GCF_019448235.1,False,,Clean,Monoderm (Keep)
GCF_019443525.1,False,,Clean,Monoderm (Keep)
GCF_019464595.1,False,,Clean,Monoderm (Keep)
GCF_019464375.1,False,,Clean,Monoderm (Keep)
GCF_019448195.1,False,,Clean,Monoderm (Keep)
GCF_019469365.1,False,,Clean,Monoderm (Keep)
GCF_019469325.1,False,,Clean,Monoderm (Keep)
GCF_019469345.1,False,,Clean,Monoderm (Keep)
GCF_019469265.1,False,,Clean,Monoderm (Keep)
GCF_019469425.1,False,,Clean,Monoderm (Keep)
GCF_019443425.1,False,,Clean,Monoderm (Keep)
GCF_019443325.1,False,,Clean,Monoderm (Keep)
GCF_019355135.1,False,,Clean,Monoderm (Keep)
GCF_019443305.1,False,,Clean,Monoderm (Keep)
GCF_019449395.1,False,,Clean,Monoderm (Keep)
GCF_019443465.1,False,,Clean,Monoderm (Keep)
GCF_019464335.1,False,,Clean,Monoderm (Keep)
GCF_019443725.1,False,,Clean,Monoderm (Keep)
GCF_019443745.1,False,,Clean,Monoderm (Keep)
GCF_019396925.1,False,,Clean,Monoderm (Keep)
GCF_019456675.1,False,,Clean,Monoderm (Keep)
GCF_019456695.2,False,,Clean,Monoderm (Keep)
GCF_019431355.1,False,,Clean,Monoderm (Keep)
GCF_019456655.1,False,,Clean,Monoderm (Keep)
GCF_019464555.1,False,,Clean,Monoderm (Keep)
GCF_019454065.1,False,,Clean,Monoderm (Keep)
GCF_019454085.1,False,,Clean,Monoderm (Keep)
GCF_019469465.1,False,,Clean,Monoderm (Keep)
GCF_019551235.1,False,,Clean,Monoderm (Keep)
GCF_019551175.1,False,,Clean,Monoderm (Keep)
GCF_019551095.1,False,,Clean,Monoderm (Keep)
GCF_019550945.1,False,,Clean,Monoderm (Keep)
GCF_019550875.1,False,,Clean,Monoderm (Keep)
GCF_019468565.1,False,,Clean,Monoderm (Keep)
GCF_019551035.1,False,,Clean,Monoderm (Keep)
GCF_019504365.1,False,,Clean,Monoderm (Keep)
GCF_019378875.1,False,,Clean,Monoderm (Keep)
GCF_019550795.1,False,,Clean,Monoderm (Keep)
GCF_019378935.1,False,,Clean,Monoderm (Keep)
GCF_019397265.1,False,,Clean,Monoderm (Keep)
GCF_019552405.1,False,,Clean,Monoderm (Keep)
GCF_019576055.1,False,,Clean,Monoderm (Keep)
GCF_019603375.1,False,,Clean,Monoderm (Keep)
GCF_019720735.1,False,,Clean,Monoderm (Keep)
GCF_019669345.1,False,,Clean,Monoderm (Keep)
GCF_019551375.1,False,,Clean,Monoderm (Keep)
GCF_019576155.1,False,,Clean,Monoderm (Keep)
GCF_019669165.1,False,,Clean,Monoderm (Keep)
GCF_019551355.1,False,,Clean,Monoderm (Keep)
GCF_019575995.1,False,,Clean,Monoderm (Keep)
GCF_019669245.1,False,,Clean,Monoderm (Keep)
GCF_019614295.1,False,,Clean,Monoderm (Keep)
GCF_019551415.1,False,,Clean,Monoderm (Keep)
GCF_019645935.1,False,,Clean,Monoderm (Keep)
GCF_019576095.1,False,,Clean,Monoderm (Keep)
GCF_019603355.1,False,,Clean,Monoderm (Keep)
GCF_019614475.1,False,,Clean,Monoderm (Keep)
GCF_019552345.1,False,,Clean,Monoderm (Keep)
GCF_019575955.1,False,,Clean,Monoderm (Keep)
GCF_019653615.1,False,,Clean,Monoderm (Keep)
GCF_019551315.1,False,,Clean,Monoderm (Keep)
GCF_019551735.1,False,,Clean,Monoderm (Keep)
GCF_019597925.1,False,,Clean,Monoderm (Keep)
GCF_019603335.1,False,,Clean,Monoderm (Keep)
GCF_019704475.1,False,,Clean,Monoderm (Keep)
GCF_019551675.1,False,,Clean,Monoderm (Keep)
GCF_019704515.1,False,,Clean,Monoderm (Keep)
GCF_019669385.1,False,,Clean,Monoderm (Keep)
GCF_019704575.1,False,,Clean,Monoderm (Keep)
GCF_019738975.1,False,,Clean,Monoderm (Keep)
GCF_019774535.1,False,,Clean,Monoderm (Keep)
GCF_019704115.1,False,,Clean,Monoderm (Keep)
GCF_019704095.1,False,,Clean,Monoderm (Keep)
GCF_019599105.1,False,,Clean,Monoderm (Keep)
GCF_019704455.1,False,,Clean,Monoderm (Keep)
GCF_019704395.1,False,,Clean,Monoderm (Keep)
GCF_019670745.1,False,,Clean,Monoderm (Keep)
GCF_019704335.1,False,,Clean,Monoderm (Keep)
GCF_019704415.1,False,,Clean,Monoderm (Keep)
GCF_019704375.1,False,,Clean,Monoderm (Keep)
GCF_019754015.1,False,,Clean,Monoderm (Keep)
GCF_019645875.1,False,,Clean,Monoderm (Keep)
GCF_019581175.1,False,,Clean,Monoderm (Keep)
GCF_019704155.2,False,,Clean,Monoderm (Keep)
GCF_019704055.1,False,,Clean,Monoderm (Keep)
GCF_019645855.1,False,,Clean,Monoderm (Keep)
GCF_019704435.1,False,,Clean,Monoderm (Keep)
GCF_019645815.1,False,,Clean,Monoderm (Keep)
GCF_019710455.1,False,,Clean,Monoderm (Keep)
GCF_019703915.1,False,,Clean,Monoderm (Keep)
GCF_019704355.1,False,,Clean,Monoderm (Keep)
GCF_019704015.1,False,,Clean,Monoderm (Keep)
GCF_019720775.1,False,,Clean,Monoderm (Keep)
GCF_019598965.1,False,,Clean,Monoderm (Keep)
GCF_019703975.1,False,,Clean,Monoderm (Keep)
GCF_019703995.1,False,,Clean,Monoderm (Keep)
GCF_019645835.1,False,,Clean,Monoderm (Keep)
GCF_019693235.1,False,,Clean,Monoderm (Keep)
GCF_019704075.1,False,,Clean,Monoderm (Keep)
GCF_019739095.1,False,,Clean,Monoderm (Keep)
GCF_019739075.1,False,,Clean,Monoderm (Keep)
GCF_019787665.1,False,,Clean,Monoderm (Keep)
GCF_019774635.1,False,,Clean,Monoderm (Keep)
GCF_019599145.1,False,,Clean,Monoderm (Keep)
GCF_019774615.1,False,,Clean,Monoderm (Keep)
GCF_019703895.1,False,,Clean,Monoderm (Keep)
GCF_019873825.1,False,,Clean,Monoderm (Keep)
GCF_019797785.1,False,,Clean,Monoderm (Keep)
GCF_019797825.1,False,,Clean,Monoderm (Keep)
GCF_019797765.1,False,,Clean,Monoderm (Keep)
GCF_019856415.1,False,,Clean,Monoderm (Keep)
GCF_019856475.1,False,,Clean,Monoderm (Keep)
GCF_019844055.1,False,,Clean,Monoderm (Keep)
GCF_019844075.1,False,,Clean,Monoderm (Keep)
GCF_019856375.1,False,,Clean,Monoderm (Keep)
GCF_019797905.1,False,,Clean,Monoderm (Keep)
GCF_019856355.1,False,,Clean,Monoderm (Keep)
GCF_019856395.1,False,,Clean,Monoderm (Keep)
GCF_019856275.1,False,,Clean,Monoderm (Keep)
GCF_019856315.1,False,,Clean,Monoderm (Keep)
GCF_019793795.1,False,,Clean,Monoderm (Keep)
GCF_019704555.1,False,,Clean,Monoderm (Keep)
GCF_019891015.1,False,,Clean,Monoderm (Keep)
GCF_019890915.1,False,,Clean,Monoderm (Keep)
GCF_019856595.1,False,,Clean,Monoderm (Keep)
GCF_019930545.1,False,,Clean,Monoderm (Keep)
GCF_019924635.1,False,,Clean,Monoderm (Keep)
GCF_019915585.1,False,,Clean,Monoderm (Keep)
GCF_019967715.1,False,,Clean,Monoderm (Keep)
GCF_019931755.1,False,,Clean,Monoderm (Keep)
GCF_019915405.1,False,,Clean,Monoderm (Keep)
GCF_019916025.1,False,,Clean,Monoderm (Keep)
GCF_019931715.1,False,,Clean,Monoderm (Keep)
GCF_019890935.1,False,,Clean,Monoderm (Keep)
GCF_019931025.1,False,,Clean,Monoderm (Keep)
GCF_019880485.1,False,,Clean,Monoderm (Keep)
GCF_019880345.1,False,,Clean,Monoderm (Keep)
GCF_019977335.1,False,,Clean,Monoderm (Keep)
GCF_019890875.1,False,,Clean,Monoderm (Keep)
GCF_019931005.1,False,,Clean,Monoderm (Keep)
GCF_019915285.1,False,,Clean,Monoderm (Keep)
GCF_019968075.1,False,,Clean,Monoderm (Keep)
GCF_019977255.1,False,,Clean,Monoderm (Keep)
GCF_019856435.1,False,,Clean,Monoderm (Keep)
GCF_019856255.1,False,,Clean,Monoderm (Keep)
GCF_019968035.1,False,,Clean,Monoderm (Keep)
GCF_019968015.1,False,,Clean,Monoderm (Keep)
GCF_019974135.1,False,,Clean,Monoderm (Keep)
GCF_019967995.1,False,,Clean,Monoderm (Keep)
GCF_019967855.1,False,,Clean,Monoderm (Keep)
GCF_019884725.1,False,,Clean,Monoderm (Keep)
GCF_019915425.1,False,,Clean,Monoderm (Keep)
GCF_019968055.1,False,,Clean,Monoderm (Keep)
GCF_019967975.1,False,,Clean,Monoderm (Keep)
GCF_019973735.1,False,,Clean,Monoderm (Keep)
GCF_019856495.1,False,,Clean,Monoderm (Keep)
GCF_019967935.1,False,,Clean,Monoderm (Keep)
GCF_019968665.1,False,,Clean,Monoderm (Keep)
GCF_019915265.1,False,,Clean,Monoderm (Keep)
GCF_019931675.1,False,,Clean,Monoderm (Keep)
GCF_019880385.1,False,,Clean,Monoderm (Keep)
GCF_019977275.1,False,,Clean,Monoderm (Keep)
GCF_019930645.1,False,,Clean,Monoderm (Keep)
GCF_019880325.1,False,,Clean,Monoderm (Keep)
GCF_019977295.1,False,,Clean,Monoderm (Keep)
GCF_019884785.1,False,,Clean,Monoderm (Keep)
GCF_019880425.1,False,,Clean,Monoderm (Keep)
GCF_019977195.1,False,,Clean,Monoderm (Keep)
GCF_019880285.1,False,,Clean,Monoderm (Keep)
GCF_019856555.1,False,,Clean,Monoderm (Keep)
GCF_019976975.1,False,,Clean,Monoderm (Keep)
GCF_019977235.1,False,,Clean,Monoderm (Keep)
GCF_019930745.1,False,,Clean,Monoderm (Keep)
GCF_019977355.1,False,,Clean,Monoderm (Keep)
GCF_019880305.1,False,,Clean,Monoderm (Keep)
GCF_019933155.2,False,,Clean,Monoderm (Keep)
GCF_019930625.1,False,,Clean,Monoderm (Keep)
GCF_019977375.1,False,,Clean,Monoderm (Keep)
GCF_019977395.1,False,,Clean,Monoderm (Keep)
GCF_020003145.1,False,,Clean,Monoderm (Keep)
GCF_019977575.1,False,,Clean,Monoderm (Keep)
GCF_019977495.1,False,,Clean,Monoderm (Keep)
GCF_020002245.1,False,,Clean,Monoderm (Keep)
GCF_019933235.1,False,,Clean,Monoderm (Keep)
GCF_020097115.1,False,,Clean,Monoderm (Keep)
GCF_020138695.1,False,,Clean,Monoderm (Keep)
GCF_020138755.1,False,,Clean,Monoderm (Keep)
GCF_020138335.1,False,,Clean,Monoderm (Keep)
GCF_020097075.1,False,,Clean,Monoderm (Keep)
GCF_020097095.1,False,,Clean,Monoderm (Keep)
GCF_020138715.1,False,,Clean,Monoderm (Keep)
GCF_020139275.1,False,,Clean,Monoderm (Keep)
GCF_020138415.1,False,,Clean,Monoderm (Keep)
GCF_020138455.1,False,,Clean,Monoderm (Keep)
GCF_020138775.1,False,,Clean,Monoderm (Keep)
GCF_020139295.1,False,,Clean,Monoderm (Keep)
GCF_020097055.1,False,,Clean,Monoderm (Keep)
GCF_020097135.1,False,,Clean,Monoderm (Keep)
GCF_020097755.1,False,,Clean,Monoderm (Keep)
GCF_020139215.1,False,,Clean,Monoderm (Keep)
GCF_020138375.1,False,,Clean,Monoderm (Keep)
GCF_020138795.1,False,,Clean,Monoderm (Keep)
GCF_020138475.1,False,,Clean,Monoderm (Keep)
GCF_020139255.1,False,,Clean,Monoderm (Keep)
GCF_020138655.1,False,,Clean,Monoderm (Keep)
GCF_020138395.1,False,,Clean,Monoderm (Keep)
GCF_020138555.1,False,,Clean,Monoderm (Keep)
GCF_020138575.1,False,,Clean,Monoderm (Keep)
GCF_020138495.1,False,,Clean,Monoderm (Keep)
GCF_020042725.1,False,,Clean,Monoderm (Keep)
GCF_020091325.1,False,,Clean,Monoderm (Keep)
GCF_020138435.1,False,,Clean,Monoderm (Keep)
GCF_020138735.1,False,,Clean,Monoderm (Keep)
GCF_020138615.1,False,,Clean,Monoderm (Keep)
GCF_020138535.1,False,,Clean,Monoderm (Keep)
GCF_020138595.1,False,,Clean,Monoderm (Keep)
GCF_020003165.1,False,,Clean,Monoderm (Keep)
GCF_020139235.1,False,,Clean,Monoderm (Keep)
GCF_020097015.1,False,,Clean,Monoderm (Keep)
GCF_020138675.1,False,,Clean,Monoderm (Keep)
GCF_020138355.1,False,,Clean,Monoderm (Keep)
GCF_020138635.1,False,,Clean,Monoderm (Keep)
GCF_020034535.1,False,,Clean,Monoderm (Keep)
GCF_020042005.1,False,,Clean,Monoderm (Keep)
GCF_020097215.1,False,,Clean,Monoderm (Keep)
GCF_020042225.1,False,,Clean,Monoderm (Keep)
GCF_020138515.1,False,,Clean,Monoderm (Keep)
GCF_020097435.1,False,,Clean,Monoderm (Keep)
GCF_020008065.1,False,,Clean,Monoderm (Keep)
GCF_020091665.1,False,,Clean,Monoderm (Keep)
GCF_020097455.1,False,,Clean,Monoderm (Keep)
GCF_020008085.1,False,,Clean,Monoderm (Keep)
GCF_020097335.1,False,,Clean,Monoderm (Keep)
GCF_020023755.1,False,,Clean,Monoderm (Keep)
GCF_020023775.1,False,,Clean,Monoderm (Keep)
GCF_020097155.1,False,,Clean,Monoderm (Keep)
GCF_020097035.1,False,,Clean,Monoderm (Keep)
GCF_020099275.1,False,,Clean,Monoderm (Keep)
GCF_020097615.1,False,,Clean,Monoderm (Keep)
GCF_020097655.1,False,,Clean,Monoderm (Keep)
GCF_020042125.1,False,,Clean,Monoderm (Keep)
GCF_020096995.1,False,,Clean,Monoderm (Keep)
GCF_020097495.1,False,,Clean,Monoderm (Keep)
GCF_020099295.1,False,,Clean,Monoderm (Keep)
GCF_020097255.1,False,,Clean,Monoderm (Keep)
GCF_019977655.1,False,,Clean,Monoderm (Keep)
GCF_020084885.1,False,,Clean,Monoderm (Keep)
GCF_019904175.1,False,,Clean,Monoderm (Keep)
GCF_020149975.1,False,,Clean,Monoderm (Keep)
GCF_020034615.1,False,,Clean,Monoderm (Keep)
GCF_020149955.1,False,,Clean,Monoderm (Keep)
GCF_020149525.1,False,,Clean,Monoderm (Keep)
GCF_020150295.1,False,,Clean,Monoderm (Keep)
GCF_020149995.1,False,,Clean,Monoderm (Keep)
GCF_020150915.1,False,,Clean,Monoderm (Keep)
GCF_020162175.1,False,,Clean,Monoderm (Keep)
GCF_020162155.1,False,,Clean,Monoderm (Keep)
GCF_020150035.1,False,,Clean,Monoderm (Keep)
GCF_020099395.1,False,,Clean,Monoderm (Keep)
GCF_020162095.1,False,,Clean,Monoderm (Keep)
GCF_020150015.1,False,,Clean,Monoderm (Keep)
GCF_020026305.1,False,,Clean,Monoderm (Keep)
GCF_020276625.1,False,,Clean,Monoderm (Keep)
GCF_020276605.1,False,,Clean,Monoderm (Keep)
GCF_020181395.1,False,,Clean,Monoderm (Keep)
GCF_020276585.1,False,,Clean,Monoderm (Keep)
GCF_020177155.3,False,,Clean,Monoderm (Keep)
GCF_020276565.1,False,,Clean,Monoderm (Keep)
GCF_020181355.1,False,,Clean,Monoderm (Keep)
GCF_020388655.1,False,,Clean,Monoderm (Keep)
GCF_020181415.1,False,,Clean,Monoderm (Keep)
GCF_020276645.1,False,,Clean,Monoderm (Keep)
GCF_020150655.1,False,,Clean,Monoderm (Keep)
GCF_020181495.1,False,,Clean,Monoderm (Keep)
GCF_020162235.1,False,,Clean,Monoderm (Keep)
GCF_020388845.1,False,,Clean,Monoderm (Keep)
GCF_020229695.1,False,,Clean,Monoderm (Keep)
GCF_020388235.1,False,,Clean,Monoderm (Keep)
GCF_020353915.1,False,,Clean,Monoderm (Keep)
GCF_020388925.1,False,,Clean,Monoderm (Keep)
GCF_020388885.1,False,,Clean,Monoderm (Keep)
GCF_020229655.1,False,,Clean,Monoderm (Keep)
GCF_020388785.1,False,,Clean,Monoderm (Keep)
GCF_020388905.1,False,,Clean,Monoderm (Keep)
GCF_020388255.1,False,,Clean,Monoderm (Keep)
GCF_020388275.1,False,,Clean,Monoderm (Keep)
GCF_020221755.1,False,,Clean,Monoderm (Keep)
GCF_020341655.1,False,,Clean,Monoderm (Keep)
GCF_020229715.1,False,,Clean,Monoderm (Keep)
GCF_020181455.1,False,,Clean,Monoderm (Keep)
GCF_020388735.1,False,,Clean,Monoderm (Keep)
GCF_020388675.1,False,,Clean,Monoderm (Keep)
GCF_020388695.1,False,,Clean,Monoderm (Keep)
GCF_020309925.1,False,,Clean,Monoderm (Keep)
GCF_020268645.1,False,,Clean,Monoderm (Keep)
GCF_020309945.1,False,,Clean,Monoderm (Keep)
GCF_020309965.1,False,,Clean,Monoderm (Keep)
GCF_020388395.1,False,,Clean,Monoderm (Keep)
GCF_020309985.1,False,,Clean,Monoderm (Keep)
GCF_020217385.1,False,,Clean,Monoderm (Keep)
GCF_020388095.1,False,,Clean,Monoderm (Keep)
GCF_020388135.1,False,,Clean,Monoderm (Keep)
GCF_020388195.1,False,,Clean,Monoderm (Keep)
GCF_020388155.1,False,,Clean,Monoderm (Keep)
GCF_020386595.1,False,,Clean,Monoderm (Keep)
GCF_020388825.1,False,,Clean,Monoderm (Keep)
GCF_020388115.1,False,,Clean,Monoderm (Keep)
GCF_020388805.1,False,,Clean,Monoderm (Keep)
GCF_020388315.1,False,,Clean,Monoderm (Keep)
GCF_020388075.1,False,,Clean,Monoderm (Keep)
GCF_020388215.1,False,,Clean,Monoderm (Keep)
GCF_020388965.1,False,,Clean,Monoderm (Keep)
GCF_020181555.1,False,,Clean,Monoderm (Keep)
GCF_020388765.1,False,,Clean,Monoderm (Keep)
GCF_020388715.1,False,,Clean,Monoderm (Keep)
GCF_020388175.1,False,,Clean,Monoderm (Keep)
GCF_020181435.1,False,,Clean,Monoderm (Keep)
GCF_020217405.1,False,,Clean,Monoderm (Keep)
GCF_020311615.1,False,,Clean,Monoderm (Keep)
GCF_020388295.1,False,,Clean,Monoderm (Keep)
GCF_020388335.1,False,,Clean,Monoderm (Keep)
GCF_020388355.1,False,,Clean,Monoderm (Keep)
GCF_020215665.1,False,,Clean,Monoderm (Keep)
GCF_020388555.1,False,,Clean,Monoderm (Keep)
GCF_020311635.1,False,,Clean,Monoderm (Keep)
GCF_020388985.1,False,,Clean,Monoderm (Keep)
GCF_020181695.1,False,,Clean,Monoderm (Keep)
GCF_020389005.1,False,,Clean,Monoderm (Keep)
GCF_020423025.1,False,,Clean,Monoderm (Keep)
GCF_020497635.1,False,,Clean,Monoderm (Keep)
GCF_020423005.1,False,,Clean,Monoderm (Keep)
GCF_020422985.1,False,,Clean,Monoderm (Keep)
GCF_020422965.1,False,,Clean,Monoderm (Keep)
GCF_020389025.2,False,,Clean,Monoderm (Keep)
GCF_020389485.1,False,,Clean,Monoderm (Keep)
GCF_020389425.1,False,,Clean,Monoderm (Keep)
GCF_020389545.1,False,,Clean,Monoderm (Keep)
GCF_020389265.1,False,,Clean,Monoderm (Keep)
GCF_020389165.1,False,,Clean,Monoderm (Keep)
GCF_020389325.1,False,,Clean,Monoderm (Keep)
GCF_020341595.1,False,,Clean,Monoderm (Keep)
GCF_020535185.1,False,,Clean,Monoderm (Keep)
GCF_020497585.1,False,,Clean,Monoderm (Keep)
GCF_020535165.1,False,,Clean,Monoderm (Keep)
GCF_020628555.1,False,,Clean,Monoderm (Keep)
GCF_020510245.1,False,,Clean,Monoderm (Keep)
GCF_020702585.2,False,,Clean,Monoderm (Keep)
GCF_020389505.1,False,,Clean,Monoderm (Keep)
GCF_020616875.1,False,,Clean,Monoderm (Keep)
GCF_020535425.1,False,,Clean,Monoderm (Keep)
GCF_020541885.1,False,,Clean,Monoderm (Keep)
GCF_020389525.1,False,,Clean,Monoderm (Keep)
GCF_020541965.1,False,,Clean,Monoderm (Keep)
GCF_020541825.1,False,,Clean,Monoderm (Keep)
GCF_020616595.1,False,,Clean,Monoderm (Keep)
GCF_020541865.1,False,,Clean,Monoderm (Keep)
GCF_020542045.1,False,,Clean,Monoderm (Keep)
GCF_020412485.1,False,,Clean,Monoderm (Keep)
GCF_020614355.1,False,,Clean,Monoderm (Keep)
GCF_020541905.1,False,,Clean,Monoderm (Keep)
GCF_020412465.1,False,,Clean,Monoderm (Keep)
GCF_020526105.1,False,,Clean,Monoderm (Keep)
GCF_020614055.1,False,,Clean,Monoderm (Keep)
GCF_020542025.1,False,,Clean,Monoderm (Keep)
GCF_020463755.1,False,,Clean,Monoderm (Keep)
GCF_020541945.1,False,,Clean,Monoderm (Keep)
GCF_020389565.1,False,,Clean,Monoderm (Keep)
GCF_020389445.1,False,,Clean,Monoderm (Keep)
GCF_020541925.1,False,,Clean,Monoderm (Keep)
GCF_020462325.1,False,,Clean,Monoderm (Keep)
GCF_020215645.1,False,,Clean,Monoderm (Keep)
GCF_020614335.1,False,,Clean,Monoderm (Keep)
GCF_020614015.1,False,,Clean,Monoderm (Keep)
GCF_020422885.1,False,,Clean,Monoderm (Keep)
GCF_020412445.1,False,,Clean,Monoderm (Keep)
GCF_020447105.2,False,,Clean,Monoderm (Keep)
GCF_020424085.1,False,,Clean,Monoderm (Keep)
GCF_020519665.1,False,,Clean,Monoderm (Keep)
GCF_020520205.1,False,,Clean,Monoderm (Keep)
GCF_020410765.1,False,,Clean,Monoderm (Keep)
GCF_020714625.1,False,,Clean,Monoderm (Keep)
GCF_020702545.2,False,,Clean,Monoderm (Keep)
GCF_020702575.2,False,,Clean,Monoderm (Keep)
GCF_020702135.2,False,,Clean,Monoderm (Keep)
GCF_020628665.1,False,,Clean,Monoderm (Keep)
GCF_020628455.1,False,,Clean,Monoderm (Keep)
GCF_020702515.2,False,,Clean,Monoderm (Keep)
GCF_020628735.1,False,,Clean,Monoderm (Keep)
GCF_020702535.2,False,,Clean,Monoderm (Keep)
GCF_020616775.1,False,,Clean,Monoderm (Keep)
GCF_020628355.1,False,,Clean,Monoderm (Keep)
GCF_020616935.1,False,,Clean,Monoderm (Keep)
GCF_020616335.1,False,,Clean,Monoderm (Keep)
GCF_020614175.1,False,,Clean,Monoderm (Keep)
GCF_020614295.1,False,,Clean,Monoderm (Keep)
GCF_020520165.1,False,,Clean,Monoderm (Keep)
GCF_020412405.1,False,,Clean,Monoderm (Keep)
GCF_020702615.2,False,,Clean,Monoderm (Keep)
GCF_020520305.1,False,,Clean,Monoderm (Keep)
GCF_020412425.1,False,,Clean,Monoderm (Keep)
GCF_020535385.1,False,,Clean,Monoderm (Keep)
GCF_020616615.1,False,,Clean,Monoderm (Keep)
GCF_020637575.2,False,,Clean,Monoderm (Keep)
GCF_020715565.1,False,,Clean,Monoderm (Keep)
GCF_020715685.1,False,,Clean,Monoderm (Keep)
GCF_020826335.1,False,,Clean,Monoderm (Keep)
GCF_020783435.1,False,,Clean,Monoderm (Keep)
GCF_020882055.1,False,,Clean,Monoderm (Keep)
GCF_020881935.1,False,,Clean,Monoderm (Keep)
GCF_020882115.1,False,,Clean,Monoderm (Keep)
GCF_020735625.1,False,,Clean,Monoderm (Keep)
GCF_020736585.1,False,,Clean,Monoderm (Keep)
GCF_020882035.1,False,,Clean,Monoderm (Keep)
GCF_020735425.1,False,,Clean,Monoderm (Keep)
GCF_020783355.1,False,,Clean,Monoderm (Keep)
GCF_020809245.1,False,,Clean,Monoderm (Keep)
GCF_020882075.1,False,,Clean,Monoderm (Keep)
GCF_020882095.1,False,,Clean,Monoderm (Keep)
GCF_020736625.1,False,,Clean,Monoderm (Keep)
GCF_020790095.1,False,,Clean,Monoderm (Keep)
GCF_020809405.1,False,,Clean,Monoderm (Keep)
GCF_020844125.1,False,,Clean,Monoderm (Keep)
GCF_020809145.1,False,,Clean,Monoderm (Keep)
GCF_020827035.1,False,,Clean,Monoderm (Keep)
GCF_020735745.1,False,,Clean,Monoderm (Keep)
GCF_020883435.1,False,,Clean,Monoderm (Keep)
GCF_020809105.1,False,,Clean,Monoderm (Keep)
GCF_020792675.1,False,,Clean,Monoderm (Keep)
GCF_020827135.1,False,,Clean,Monoderm (Keep)
GCF_020736005.1,False,,Clean,Monoderm (Keep)
GCF_020809165.1,False,,Clean,Monoderm (Keep)
GCF_020827015.1,False,,Clean,Monoderm (Keep)
GCF_020809185.1,False,,Clean,Monoderm (Keep)
GCF_020809125.1,False,,Clean,Monoderm (Keep)
GCF_020827095.1,False,,Clean,Monoderm (Keep)
GCF_020542785.1,False,,Clean,Monoderm (Keep)
GCF_020735765.1,False,,Clean,Monoderm (Keep)
GCF_020826975.1,False,,Clean,Monoderm (Keep)
GCF_020809205.1,False,,Clean,Monoderm (Keep)
GCF_020826955.1,False,,Clean,Monoderm (Keep)
GCF_020735385.1,False,,Clean,Monoderm (Keep)
GCF_020827075.1,False,,Clean,Monoderm (Keep)
GCF_020736065.1,False,,Clean,Monoderm (Keep)
GCF_020844005.1,False,,Clean,Monoderm (Keep)
GCF_020826915.1,False,,Clean,Monoderm (Keep)
GCF_020827115.1,False,,Clean,Monoderm (Keep)
GCF_020826995.1,False,,Clean,Monoderm (Keep)
GCF_020735465.1,False,,Clean,Monoderm (Keep)
GCF_020736085.1,False,,Clean,Monoderm (Keep)
GCF_020826935.1,False,,Clean,Monoderm (Keep)
GCF_020616555.1,False,,Clean,Monoderm (Keep)
GCF_020827055.1,False,,Clean,Monoderm (Keep)
GCF_020881895.1,False,,Clean,Monoderm (Keep)
GCF_020736125.1,False,,Clean,Monoderm (Keep)
GCF_020735705.1,False,,Clean,Monoderm (Keep)
GCF_020882195.1,False,,Clean,Monoderm (Keep)
GCF_020881975.1,False,,Clean,Monoderm (Keep)
GCF_020736105.1,False,,Clean,Monoderm (Keep)
GCF_020809045.1,False,,Clean,Monoderm (Keep)
GCF_020735365.1,False,,Clean,Monoderm (Keep)
GCF_020735545.1,False,,Clean,Monoderm (Keep)
GCF_020773035.1,False,,Clean,Monoderm (Keep)
GCF_020735405.1,False,,Clean,Monoderm (Keep)
GCF_020735505.1,False,,Clean,Monoderm (Keep)
GCF_020735485.1,False,,Clean,Monoderm (Keep)
GCF_020735845.1,False,,Clean,Monoderm (Keep)
GCF_020735345.1,False,,Clean,Monoderm (Keep)
GCF_020861345.1,False,,Clean,Monoderm (Keep)
GCF_020783615.1,False,,Clean,Monoderm (Keep)
GCF_020783575.1,False,,Clean,Monoderm (Keep)
GCF_020783635.1,False,,Clean,Monoderm (Keep)
GCF_020783595.1,False,,Clean,Monoderm (Keep)
GCF_020809065.1,False,,Clean,Monoderm (Keep)
GCF_020735285.1,False,,Clean,Monoderm (Keep)
GCF_020790115.1,False,,Clean,Monoderm (Keep)
GCF_020783515.1,False,,Clean,Monoderm (Keep)
GCF_020783555.1,False,,Clean,Monoderm (Keep)
GCF_020783535.1,False,,Clean,Monoderm (Keep)
GCF_020883195.1,False,,Clean,Monoderm (Keep)
GCF_020783455.1,False,,Clean,Monoderm (Keep)
GCF_020883535.1,False,,Clean,Monoderm (Keep)
GCF_020740535.1,False,,Clean,Monoderm (Keep)
GCF_020883475.1,False,,Clean,Monoderm (Keep)
GCF_020886635.1,False,,Clean,Monoderm (Keep)
GCF_020887095.1,False,,Clean,Monoderm (Keep)
GCF_020995385.1,False,,Clean,Monoderm (Keep)
GCF_020991185.1,False,,Clean,Monoderm (Keep)
GCF_021172885.1,False,,Clean,Monoderm (Keep)
GCF_020911725.1,False,,Clean,Monoderm (Keep)
GCF_020991205.1,False,,Clean,Monoderm (Keep)
GCF_021117155.1,False,,Clean,Monoderm (Keep)
GCF_021029855.2,False,,Clean,Monoderm (Keep)
GCF_021049245.1,False,,Clean,Monoderm (Keep)
GCF_021172945.1,False,,Clean,Monoderm (Keep)
GCF_021091115.1,False,,Clean,Monoderm (Keep)
GCF_021172185.1,False,,Clean,Monoderm (Keep)
GCF_021172845.1,False,,Clean,Monoderm (Keep)
GCF_020887215.1,False,,Clean,Monoderm (Keep)
GCF_021172105.3,False,,Clean,Monoderm (Keep)
GCF_020906975.2,False,,Clean,Monoderm (Keep)
GCF_021172865.1,False,,Clean,Monoderm (Keep)
GCF_021172925.1,False,,Clean,Monoderm (Keep)
GCF_021049325.1,False,,Clean,Monoderm (Keep)
GCF_021165995.1,False,,Clean,Monoderm (Keep)
GCF_021117275.1,False,,Clean,Monoderm (Keep)
GCF_021018785.1,False,,Clean,Monoderm (Keep)
GCF_021029665.1,False,,Clean,Monoderm (Keep)
GCF_021183685.1,False,,Clean,Monoderm (Keep)
GCF_021183705.1,False,,Clean,Monoderm (Keep)
GCF_020892075.1,False,,Clean,Monoderm (Keep)
GCF_020885655.1,False,,Clean,Monoderm (Keep)
GCF_021183605.1,False,,Clean,Monoderm (Keep)
GCF_021054785.1,False,,Clean,Monoderm (Keep)
GCF_021184065.1,False,,Clean,Monoderm (Keep)
GCF_021165875.1,False,,Clean,Monoderm (Keep)
GCF_021029685.1,False,,Clean,Monoderm (Keep)
GCF_020906605.1,False,,Clean,Monoderm (Keep)
GCF_021172905.1,False,,Clean,Monoderm (Keep)
GCF_021029705.2,False,,Clean,Monoderm (Keep)
GCF_021052705.1,False,,Clean,Monoderm (Keep)
GCF_020887155.1,False,,Clean,Monoderm (Keep)
GCF_020889645.1,False,,Clean,Monoderm (Keep)
GCF_020892095.1,False,,Clean,Monoderm (Keep)
GCF_020889665.1,False,,Clean,Monoderm (Keep)
GCF_021172825.1,False,,Clean,Monoderm (Keep)
GCF_020892115.1,False,,Clean,Monoderm (Keep)
GCF_021044565.1,False,,Clean,Monoderm (Keep)
GCF_021117345.1,False,,Clean,Monoderm (Keep)
GCF_020985245.1,False,,Clean,Monoderm (Keep)
GCF_020886775.1,False,,Clean,Monoderm (Keep)
GCF_020923495.1,False,,Clean,Monoderm (Keep)
GCF_021117425.1,False,,Clean,Monoderm (Keep)
GCF_021117365.1,False,,Clean,Monoderm (Keep)
GCF_021049265.1,False,,Clean,Monoderm (Keep)
GCF_021172025.1,False,,Clean,Monoderm (Keep)
GCF_021049285.1,False,,Clean,Monoderm (Keep)
GCF_020991065.1,False,,Clean,Monoderm (Keep)
GCF_020995365.1,False,,Clean,Monoderm (Keep)
GCF_020971785.1,False,,Clean,Monoderm (Keep)
GCF_020923435.1,False,,Clean,Monoderm (Keep)
GCF_021166035.1,False,,Clean,Monoderm (Keep)
GCF_021183745.1,False,,Clean,Monoderm (Keep)
GCF_020911825.1,False,,Clean,Monoderm (Keep)
GCF_021183765.1,False,,Clean,Monoderm (Keep)
GCF_021165915.1,False,,Clean,Monoderm (Keep)
GCF_021183725.1,False,,Clean,Monoderm (Keep)
GCF_021183785.1,False,,Clean,Monoderm (Keep)
GCF_020995455.1,False,,Clean,Monoderm (Keep)
GCF_021172045.1,False,,Clean,Monoderm (Keep)
GCF_021183665.1,False,,Clean,Monoderm (Keep)
GCF_021183585.1,False,,Clean,Monoderm (Keep)
GCF_021183625.1,False,,Clean,Monoderm (Keep)
GCF_021028635.1,False,,Clean,Monoderm (Keep)
GCF_021183565.1,False,,Clean,Monoderm (Keep)
GCF_021183645.1,False,,Clean,Monoderm (Keep)
GCF_021029465.1,False,,Clean,Monoderm (Keep)
GCF_021183805.1,False,,Clean,Monoderm (Keep)
GCF_021165975.1,False,,Clean,Monoderm (Keep)
GCF_021216655.1,False,,Clean,Monoderm (Keep)
GCF_021165735.1,False,,Clean,Monoderm (Keep)
GCF_021184205.1,False,,Clean,Monoderm (Keep)
GCF_021216675.1,False,,Clean,Monoderm (Keep)
GCF_021223605.1,False,,Clean,Monoderm (Keep)
GCF_021044705.1,False,,Clean,Monoderm (Keep)
GCF_021484865.1,False,,Clean,Monoderm (Keep)
GCF_021460215.1,False,,Clean,Monoderm (Keep)
GCF_021397795.1,False,,Clean,Monoderm (Keep)
GCF_021266585.1,False,,Clean,Monoderm (Keep)
GCF_021432185.1,False,,Clean,Monoderm (Keep)
GCF_021460135.1,False,,Clean,Monoderm (Keep)
GCF_021460055.1,False,,Clean,Monoderm (Keep)
GCF_021253825.1,False,,Clean,Monoderm (Keep)
GCF_021398615.1,False,,Clean,Monoderm (Keep)
GCF_021398305.1,False,,Clean,Monoderm (Keep)
GCF_021398325.1,False,,Clean,Monoderm (Keep)
GCF_021391455.1,False,,Clean,Monoderm (Keep)
GCF_021391475.1,False,,Clean,Monoderm (Keep)
GCF_021484825.1,False,,Clean,Monoderm (Keep)
GCF_021398345.1,False,,Clean,Monoderm (Keep)
GCF_021398505.1,False,,Clean,Monoderm (Keep)
GCF_021383865.1,False,,Clean,Monoderm (Keep)
GCF_021329025.1,False,,Clean,Monoderm (Keep)
GCF_021390135.1,False,,Clean,Monoderm (Keep)
GCF_021378605.1,False,,Clean,Monoderm (Keep)
GCF_021249285.1,False,,Clean,Monoderm (Keep)
GCF_021249305.1,False,,Clean,Monoderm (Keep)
GCF_021378725.1,False,,Clean,Monoderm (Keep)
GCF_021228615.1,False,,Clean,Monoderm (Keep)
GCF_021233135.1,False,,Clean,Monoderm (Keep)
GCF_021442085.1,False,,Clean,Monoderm (Keep)
GCF_021391515.1,False,,Clean,Monoderm (Keep)
GCF_021278925.1,False,,Clean,Monoderm (Keep)
GCF_021460195.1,False,,Clean,Monoderm (Keep)
GCF_021432145.1,False,,Clean,Monoderm (Keep)
GCF_021390075.1,False,,Clean,Monoderm (Keep)
GCF_021383585.1,False,,Clean,Monoderm (Keep)
GCF_021228035.1,False,,Clean,Monoderm (Keep)
GCF_021398235.1,False,,Clean,Monoderm (Keep)
GCF_021378645.1,False,,Clean,Monoderm (Keep)
GCF_021459965.1,False,,Clean,Monoderm (Keep)
GCF_021432165.1,False,,Clean,Monoderm (Keep)
GCF_021278945.1,False,,Clean,Monoderm (Keep)
GCF_021228055.1,False,,Clean,Monoderm (Keep)
GCF_021484885.1,False,,Clean,Monoderm (Keep)
GCF_021398285.1,False,,Clean,Monoderm (Keep)
GCF_021398265.1,False,,Clean,Monoderm (Keep)
GCF_021442105.1,False,,Clean,Monoderm (Keep)
GCF_021378685.1,False,,Clean,Monoderm (Keep)
GCF_021460175.1,False,,Clean,Monoderm (Keep)
GCF_021460115.1,False,,Clean,Monoderm (Keep)
GCF_021378215.1,False,,Clean,Monoderm (Keep)
GCF_021398715.1,False,,Clean,Monoderm (Keep)
GCF_021378625.1,False,,Clean,Monoderm (Keep)
GCF_021442325.1,False,,Clean,Monoderm (Keep)
GCF_021378665.1,False,,Clean,Monoderm (Keep)
GCF_021378415.1,False,,Clean,Monoderm (Keep)
GCF_021460095.1,False,,Clean,Monoderm (Keep)
GCF_021279005.2,False,,Clean,Monoderm (Keep)
GCF_021491715.1,False,,Clean,Monoderm (Keep)
GCF_021398835.1,False,,Clean,Monoderm (Keep)
GCF_021391335.1,False,,Clean,Monoderm (Keep)
GCF_021398215.1,False,,Clean,Monoderm (Keep)
GCF_021378705.1,False,,Clean,Monoderm (Keep)
GCF_021391295.1,False,,Clean,Monoderm (Keep)
GCF_021233235.1,False,,Clean,Monoderm (Keep)
GCF_021401425.1,False,,Clean,Monoderm (Keep)
GCF_021441905.1,False,,Clean,Monoderm (Keep)
GCF_021390055.1,False,,Clean,Monoderm (Keep)
GCF_021251405.1,False,,Clean,Monoderm (Keep)
GCF_021398545.1,False,,Clean,Monoderm (Keep)
GCF_021228895.1,False,,Clean,Monoderm (Keep)
GCF_021383925.1,False,,Clean,Monoderm (Keep)
GCF_021491675.1,False,,Clean,Monoderm (Keep)
GCF_021391495.1,False,,Clean,Monoderm (Keep)
GCF_021390035.1,False,,Clean,Monoderm (Keep)
GCF_021441825.1,False,,Clean,Monoderm (Keep)
GCF_021441945.1,False,,Clean,Monoderm (Keep)
GCF_021491775.1,False,,Clean,Monoderm (Keep)
GCF_021491835.1,False,,Clean,Monoderm (Keep)
GCF_021491895.1,False,,Clean,Monoderm (Keep)
GCF_021491735.1,False,,Clean,Monoderm (Keep)
GCF_021495975.1,False,,Clean,Monoderm (Keep)
GCF_021497145.1,False,,Clean,Monoderm (Keep)
GCF_021496725.1,False,,Clean,Monoderm (Keep)
GCF_021497165.1,False,,Clean,Monoderm (Keep)
GCF_021497085.1,False,,Clean,Monoderm (Keep)
GCF_021497105.1,False,,Clean,Monoderm (Keep)
GCF_021497185.1,False,,Clean,Monoderm (Keep)
GCF_021497125.1,False,,Clean,Monoderm (Keep)
GCF_021495995.1,False,,Clean,Monoderm (Keep)
GCF_021559675.1,False,,Clean,Monoderm (Keep)
GCF_021513355.1,False,,Clean,Monoderm (Keep)
GCF_021496035.1,False,,Clean,Monoderm (Keep)
GCF_021535045.1,False,,Clean,Monoderm (Keep)
GCF_021513115.1,False,,Clean,Monoderm (Keep)
GCF_021513055.1,False,,Clean,Monoderm (Keep)
GCF_021513095.1,False,,Clean,Monoderm (Keep)
GCF_021513075.1,False,,Clean,Monoderm (Keep)
GCF_021497065.1,False,,Clean,Monoderm (Keep)
GCF_021650835.1,False,,Clean,Monoderm (Keep)
GCF_021513155.1,False,,Clean,Monoderm (Keep)
GCF_021513035.1,False,,Clean,Monoderm (Keep)
GCF_021496015.1,False,,Clean,Monoderm (Keep)
GCF_021560195.1,False,,Clean,Monoderm (Keep)
GCF_021496075.1,False,,Clean,Monoderm (Keep)
GCF_021496385.1,False,,Clean,Monoderm (Keep)
GCF_021513015.1,False,,Clean,Monoderm (Keep)
GCF_021497985.1,False,,Clean,Monoderm (Keep)
GCF_021497525.1,False,,Clean,Monoderm (Keep)
GCF_021560115.1,False,,Clean,Monoderm (Keep)
GCF_021559915.1,False,,Clean,Monoderm (Keep)
GCF_021497545.1,False,,Clean,Monoderm (Keep)
GCF_021497965.1,False,,Clean,Monoderm (Keep)
GCF_021496905.1,False,,Clean,Monoderm (Keep)
GCF_021496965.1,False,,Clean,Monoderm (Keep)
GCF_021497945.1,False,,Clean,Monoderm (Keep)
GCF_021497885.1,False,,Clean,Monoderm (Keep)
GCF_021497505.1,False,,Clean,Monoderm (Keep)
GCF_021496865.1,False,,Clean,Monoderm (Keep)
GCF_021560275.1,False,,Clean,Monoderm (Keep)
GCF_021496945.1,False,,Clean,Monoderm (Keep)
GCF_021560235.1,False,,Clean,Monoderm (Keep)
GCF_021496805.1,False,,Clean,Monoderm (Keep)
GCF_021233395.1,False,,Clean,Monoderm (Keep)
GCF_021496845.1,False,,Clean,Monoderm (Keep)
GCF_021496825.1,False,,Clean,Monoderm (Keep)
GCF_021560215.1,False,,Clean,Monoderm (Keep)
GCF_021496885.1,False,,Clean,Monoderm (Keep)
GCF_021560315.1,False,,Clean,Monoderm (Keep)
GCF_021560335.1,False,,Clean,Monoderm (Keep)
GCF_021560255.1,False,,Clean,Monoderm (Keep)
GCF_021496665.1,False,,Clean,Monoderm (Keep)
GCF_021560135.1,False,,Clean,Monoderm (Keep)
GCF_021560295.1,False,,Clean,Monoderm (Keep)
GCF_021560035.1,False,,Clean,Monoderm (Keep)
GCF_021513255.1,False,,Clean,Monoderm (Keep)
GCF_021559895.1,False,,Clean,Monoderm (Keep)
GCF_021535155.1,False,,Clean,Monoderm (Keep)
GCF_021650875.1,False,,Clean,Monoderm (Keep)
GCF_021650955.1,False,,Clean,Monoderm (Keep)
GCF_021610105.1,False,,Clean,Monoderm (Keep)
GCF_021537535.1,False,,Clean,Monoderm (Keep)
GCF_021654535.1,False,,Clean,Monoderm (Keep)
GCF_021497645.1,False,,Clean,Monoderm (Keep)
GCF_021654455.1,False,,Clean,Monoderm (Keep)
GCF_021582895.2,False,,Clean,Monoderm (Keep)
GCF_021654515.1,False,,Clean,Monoderm (Keep)
GCF_021582875.1,False,,Clean,Monoderm (Keep)
GCF_021590045.1,False,,Clean,Monoderm (Keep)
GCF_021559715.1,False,,Clean,Monoderm (Keep)
GCF_021650855.1,False,,Clean,Monoderm (Keep)
GCF_021496485.1,False,,Clean,Monoderm (Keep)
GCF_021496465.1,False,,Clean,Monoderm (Keep)
GCF_021560175.1,False,,Clean,Monoderm (Keep)
GCF_021545335.1,False,,Clean,Monoderm (Keep)
GCF_021595545.1,False,,Clean,Monoderm (Keep)
GCF_021654555.1,False,,Clean,Monoderm (Keep)
GCF_022058185.1,False,,Clean,Monoderm (Keep)
GCF_021869545.1,False,,Clean,Monoderm (Keep)
GCF_021725475.1,False,,Clean,Monoderm (Keep)
GCF_021919125.1,False,,Clean,Monoderm (Keep)
GCF_021922985.1,False,,Clean,Monoderm (Keep)
GCF_021654975.1,False,,Clean,Monoderm (Keep)
GCF_021899455.1,False,,Clean,Monoderm (Keep)
GCF_021923065.1,False,,Clean,Monoderm (Keep)
GCF_021655635.1,False,,Clean,Monoderm (Keep)
GCF_021713095.1,False,,Clean,Monoderm (Keep)
GCF_021919345.1,False,,Clean,Monoderm (Keep)
GCF_021655335.1,False,,Clean,Monoderm (Keep)
GCF_021655015.1,False,,Clean,Monoderm (Keep)
GCF_021654935.1,False,,Clean,Monoderm (Keep)
GCF_021655135.1,False,,Clean,Monoderm (Keep)
GCF_021654595.1,False,,Clean,Monoderm (Keep)
GCF_021654675.1,False,,Clean,Monoderm (Keep)
GCF_021655355.1,False,,Clean,Monoderm (Keep)
GCF_021952865.1,False,,Clean,Monoderm (Keep)
GCF_021655255.1,False,,Clean,Monoderm (Keep)
GCF_021922925.1,False,,Clean,Monoderm (Keep)
GCF_022023815.1,False,,Clean,Monoderm (Keep)
GCF_021789315.1,False,,Clean,Monoderm (Keep)
GCF_022014775.1,False,,Clean,Monoderm (Keep)
GCF_021655295.1,False,,Clean,Monoderm (Keep)
GCF_021655055.1,False,,Clean,Monoderm (Keep)
GCF_021655315.1,False,,Clean,Monoderm (Keep)
GCF_021655215.1,False,,Clean,Monoderm (Keep)
GCF_022014815.1,False,,Clean,Monoderm (Keep)
GCF_021655275.1,False,,Clean,Monoderm (Keep)
GCF_022014795.1,False,,Clean,Monoderm (Keep)
GCF_021655235.1,False,,Clean,Monoderm (Keep)
GCF_021654895.1,False,,Clean,Monoderm (Keep)
GCF_021654915.1,False,,Clean,Monoderm (Keep)
GCF_021655195.1,False,,Clean,Monoderm (Keep)
GCF_021654735.1,False,,Clean,Monoderm (Keep)
GCF_021655175.1,False,,Clean,Monoderm (Keep)
GCF_021654995.1,False,,Clean,Monoderm (Keep)
GCF_021655035.1,False,,Clean,Monoderm (Keep)
GCF_021800405.1,False,,Clean,Monoderm (Keep)
GCF_022014755.1,False,,Clean,Monoderm (Keep)
GCF_021801725.1,False,,Clean,Monoderm (Keep)
GCF_022024355.1,False,,Clean,Monoderm (Keep)
GCF_022068285.1,False,,Clean,Monoderm (Keep)
GCF_021654875.1,False,,Clean,Monoderm (Keep)
GCF_021729405.1,False,,Clean,Monoderm (Keep)
GCF_022068405.1,False,,Clean,Monoderm (Keep)
GCF_022068245.1,False,,Clean,Monoderm (Keep)
GCF_022068265.1,False,,Clean,Monoderm (Keep)
GCF_022068525.1,False,,Clean,Monoderm (Keep)
GCF_022049065.2,False,,Clean,Monoderm (Keep)
GCF_021729385.1,False,,Clean,Monoderm (Keep)
GCF_022068225.1,False,,Clean,Monoderm (Keep)
GCF_021655535.1,False,,Clean,Monoderm (Keep)
GCF_021923125.1,False,,Clean,Monoderm (Keep)
GCF_021869805.1,False,,Clean,Monoderm (Keep)
GCF_021764685.1,False,,Clean,Monoderm (Keep)
GCF_021729365.1,False,,Clean,Monoderm (Keep)
GCF_021918005.1,False,,Clean,Monoderm (Keep)
GCF_021789175.1,False,,Clean,Monoderm (Keep)
GCF_021654715.1,False,,Clean,Monoderm (Keep)
GCF_022023835.1,False,,Clean,Monoderm (Keep)
GCF_022023995.1,False,,Clean,Monoderm (Keep)
GCF_021729445.1,False,,Clean,Monoderm (Keep)
GCF_021654615.1,False,,Clean,Monoderm (Keep)
GCF_021729805.1,False,,Clean,Monoderm (Keep)
GCF_021654635.1,False,,Clean,Monoderm (Keep)
GCF_021654755.1,False,,Clean,Monoderm (Keep)
GCF_021654775.1,False,,Clean,Monoderm (Keep)
GCF_021654795.1,False,,Clean,Monoderm (Keep)
GCF_022026395.1,False,,Clean,Monoderm (Keep)
GCF_021496785.1,False,,Clean,Monoderm (Keep)
GCF_022059885.1,False,,Clean,Monoderm (Keep)
GCF_022026295.1,False,,Clean,Monoderm (Keep)
GCF_022068645.1,False,,Clean,Monoderm (Keep)
GCF_022068765.1,False,,Clean,Monoderm (Keep)
GCF_022059865.1,False,,Clean,Monoderm (Keep)
GCF_022068885.1,False,,Clean,Monoderm (Keep)
GCF_021665875.1,False,,Clean,Monoderm (Keep)
GCF_022212945.1,False,,Clean,Monoderm (Keep)
GCF_022212925.1,False,,Clean,Monoderm (Keep)
GCF_022212965.1,False,,Clean,Monoderm (Keep)
GCF_022212905.1,False,,Clean,Monoderm (Keep)
GCF_022212985.1,False,,Clean,Monoderm (Keep)
GCF_022213005.1,False,,Clean,Monoderm (Keep)
GCF_022170825.1,False,,Clean,Monoderm (Keep)
GCF_022179365.1,False,,Clean,Monoderm (Keep)
GCF_022213025.1,False,,Clean,Monoderm (Keep)
GCF_022220965.1,False,,Clean,Monoderm (Keep)
GCF_022220625.1,False,,Clean,Monoderm (Keep)
GCF_022212885.1,False,,Clean,Monoderm (Keep)
GCF_022221025.1,False,,Clean,Monoderm (Keep)
GCF_022163485.1,False,,Clean,Monoderm (Keep)
GCF_022220685.1,False,,Clean,Monoderm (Keep)
GCF_022220645.1,False,,Clean,Monoderm (Keep)
GCF_022220525.1,False,,Clean,Monoderm (Keep)
GCF_022212845.1,False,,Clean,Monoderm (Keep)
GCF_022220545.1,False,,Clean,Monoderm (Keep)
GCF_022220665.1,False,,Clean,Monoderm (Keep)
GCF_022170785.1,False,,Clean,Monoderm (Keep)
GCF_022220925.1,False,,Clean,Monoderm (Keep)
GCF_022220505.1,False,,Clean,Monoderm (Keep)
GCF_022220565.1,False,,Clean,Monoderm (Keep)
GCF_022220585.1,False,,Clean,Monoderm (Keep)
GCF_022170805.1,False,,Clean,Monoderm (Keep)
GCF_022220605.1,False,,Clean,Monoderm (Keep)
GCF_022221005.1,False,,Clean,Monoderm (Keep)
GCF_022220985.1,False,,Clean,Monoderm (Keep)
GCF_022070505.1,False,,Clean,Monoderm (Keep)
GCF_022220945.1,False,,Clean,Monoderm (Keep)
GCF_022179425.1,False,,Clean,Monoderm (Keep)
GCF_022070465.1,False,,Clean,Monoderm (Keep)
GCF_022069485.1,False,,Clean,Monoderm (Keep)
GCF_022069085.1,False,,Clean,Monoderm (Keep)
GCF_022069445.1,False,,Clean,Monoderm (Keep)
GCF_022069205.1,False,,Clean,Monoderm (Keep)
GCF_022213385.1,False,,Clean,Monoderm (Keep)
GCF_022069645.1,False,,Clean,Monoderm (Keep)
GCF_022069905.1,False,,Clean,Monoderm (Keep)
GCF_022069785.1,False,,Clean,Monoderm (Keep)
GCF_022070005.1,False,,Clean,Monoderm (Keep)
GCF_022075745.1,False,,Clean,Monoderm (Keep)
GCF_022069325.1,False,,Clean,Monoderm (Keep)
GCF_022070545.1,False,,Clean,Monoderm (Keep)
GCF_022069505.1,False,,Clean,Monoderm (Keep)
GCF_022069545.1,False,,Clean,Monoderm (Keep)
GCF_022069005.1,False,,Clean,Monoderm (Keep)
GCF_022070485.1,False,,Clean,Monoderm (Keep)
GCF_022070225.1,False,,Clean,Monoderm (Keep)
GCF_022070565.1,False,,Clean,Monoderm (Keep)
GCF_022070425.1,False,,Clean,Monoderm (Keep)
GCF_022075545.1,False,,Clean,Monoderm (Keep)
GCF_022220485.1,False,,Clean,Monoderm (Keep)
GCF_022075645.1,False,,Clean,Monoderm (Keep)
GCF_022220785.1,False,,Clean,Monoderm (Keep)
GCF_022220825.1,False,,Clean,Monoderm (Keep)
GCF_022163365.1,False,,Clean,Monoderm (Keep)
GCF_021903635.1,False,,Clean,Monoderm (Keep)
GCF_022174665.1,False,,Clean,Monoderm (Keep)
GCF_022220805.1,False,,Clean,Monoderm (Keep)
GCF_022220725.1,False,,Clean,Monoderm (Keep)
GCF_022220765.1,False,,Clean,Monoderm (Keep)
GCF_022220745.1,False,,Clean,Monoderm (Keep)
GCF_022163605.1,False,,Clean,Monoderm (Keep)
GCF_022221045.1,False,,Clean,Monoderm (Keep)
GCF_022220905.1,False,,Clean,Monoderm (Keep)
GCF_022221065.1,False,,Clean,Monoderm (Keep)
GCF_022179485.1,False,,Clean,Monoderm (Keep)
GCF_022175585.1,False,,Clean,Monoderm (Keep)
GCF_022179545.1,False,,Clean,Monoderm (Keep)
GCF_022220465.1,False,,Clean,Monoderm (Keep)
GCF_022221085.1,False,,Clean,Monoderm (Keep)
GCF_022221105.1,False,,Clean,Monoderm (Keep)
GCF_022221125.1,False,,Clean,Monoderm (Keep)
GCF_022349965.1,False,,Clean,Monoderm (Keep)
GCF_022404755.1,False,,Clean,Monoderm (Keep)
GCF_022404575.1,False,,Clean,Monoderm (Keep)
GCF_022221565.1,False,,Clean,Monoderm (Keep)
GCF_022405205.1,False,,Clean,Monoderm (Keep)
GCF_022369535.1,False,,Clean,Monoderm (Keep)
GCF_022405075.1,False,,Clean,Monoderm (Keep)
GCF_022354765.1,False,,Clean,Monoderm (Keep)
GCF_022343705.1,False,,Clean,Monoderm (Keep)
GCF_022404735.1,False,,Clean,Monoderm (Keep)
GCF_022349945.1,False,,Clean,Monoderm (Keep)
GCF_022405185.1,False,,Clean,Monoderm (Keep)
GCF_022369695.1,False,,Clean,Monoderm (Keep)
GCF_022404615.1,False,,Clean,Monoderm (Keep)
GCF_022349985.1,False,,Clean,Monoderm (Keep)
GCF_022404775.1,False,,Clean,Monoderm (Keep)
GCF_022369595.1,False,,Clean,Monoderm (Keep)
GCF_022221365.1,False,,Clean,Monoderm (Keep)
GCF_022404675.1,False,,Clean,Monoderm (Keep)
GCF_022226995.1,False,,Clean,Monoderm (Keep)
GCF_022404695.1,False,,Clean,Monoderm (Keep)
GCF_022343725.1,False,,Clean,Monoderm (Keep)
GCF_022370435.1,False,,Clean,Monoderm (Keep)
GCF_022350025.1,False,,Clean,Monoderm (Keep)
GCF_022385275.1,False,,Clean,Monoderm (Keep)
GCF_022405055.1,False,,Clean,Monoderm (Keep)
GCF_022221285.1,False,,Clean,Monoderm (Keep)
GCF_022404635.1,False,,Clean,Monoderm (Keep)
GCF_022404715.1,False,,Clean,Monoderm (Keep)
GCF_022405235.1,False,,Clean,Monoderm (Keep)
GCF_022221225.1,False,,Clean,Monoderm (Keep)
GCF_022226895.1,False,,Clean,Monoderm (Keep)
GCF_022221545.1,False,,Clean,Monoderm (Keep)
GCF_022404655.1,False,,Clean,Monoderm (Keep)
GCF_022370835.2,False,,Clean,Monoderm (Keep)
GCF_022404595.1,False,,Clean,Monoderm (Keep)
GCF_022221345.1,False,,Clean,Monoderm (Keep)
GCF_022221145.1,False,,Clean,Monoderm (Keep)
GCF_022221165.1,False,,Clean,Monoderm (Keep)
GCF_022374915.2,False,,Clean,Monoderm (Keep)
GCF_022221185.1,False,,Clean,Monoderm (Keep)
GCF_022221245.1,False,,Clean,Monoderm (Keep)
GCF_022370635.2,False,,Clean,Monoderm (Keep)
GCF_022221265.1,False,,Clean,Monoderm (Keep)
GCF_022313395.1,False,,Clean,Monoderm (Keep)
GCF_022385235.1,False,,Clean,Monoderm (Keep)
GCF_022221305.1,False,,Clean,Monoderm (Keep)
GCF_022221325.1,False,,Clean,Monoderm (Keep)
GCF_022221205.1,False,,Clean,Monoderm (Keep)
GCF_022374895.2,False,,Clean,Monoderm (Keep)
GCF_022317005.1,False,,Clean,Monoderm (Keep)
GCF_022374875.2,False,,Clean,Monoderm (Keep)
GCF_022318505.1,False,,Clean,Monoderm (Keep)
GCF_022354845.1,False,,Clean,Monoderm (Keep)
GCF_022318525.1,False,,Clean,Monoderm (Keep)
GCF_022318545.1,False,,Clean,Monoderm (Keep)
GCF_022318425.1,False,,Clean,Monoderm (Keep)
GCF_022318465.1,False,,Clean,Monoderm (Keep)
GCF_022226975.1,False,,Clean,Monoderm (Keep)
GCF_022318385.1,False,,Clean,Monoderm (Keep)
GCF_022318485.1,False,,Clean,Monoderm (Keep)
GCF_022318405.1,False,,Clean,Monoderm (Keep)
GCF_022318445.1,False,,Clean,Monoderm (Keep)
GCF_022221525.1,False,,Clean,Monoderm (Keep)
GCF_022370975.1,False,,Clean,Monoderm (Keep)
GCF_022394675.1,False,,Clean,Monoderm (Keep)
GCF_022385175.1,False,,Clean,Monoderm (Keep)
GCF_022344025.1,False,,Clean,Monoderm (Keep)
GCF_022374935.2,False,,Clean,Monoderm (Keep)
GCF_022371095.1,False,,Clean,Monoderm (Keep)
GCF_022370375.1,False,,Clean,Monoderm (Keep)
GCF_022370755.2,False,,Clean,Monoderm (Keep)
GCF_022354825.1,False,,Clean,Monoderm (Keep)
GCF_022370415.1,False,,Clean,Monoderm (Keep)
GCF_022370395.1,False,,Clean,Monoderm (Keep)
GCF_022221585.1,False,,Clean,Monoderm (Keep)
GCF_022405145.1,False,,Clean,Monoderm (Keep)
GCF_022405275.1,False,,Clean,Monoderm (Keep)
GCF_022405255.1,False,,Clean,Monoderm (Keep)
GCF_022405295.1,False,,Clean,Monoderm (Keep)
GCF_022405455.1,False,,Clean,Monoderm (Keep)
GCF_022405375.1,False,,Clean,Monoderm (Keep)
GCF_022405315.1,False,,Clean,Monoderm (Keep)
GCF_022405335.1,False,,Clean,Monoderm (Keep)
GCF_022385335.1,False,,Clean,Monoderm (Keep)
GCF_022429605.1,False,,Clean,Monoderm (Keep)
GCF_022405555.1,False,,Clean,Monoderm (Keep)
GCF_022531845.1,False,,Clean,Monoderm (Keep)
GCF_022405475.1,False,,Clean,Monoderm (Keep)
GCF_022405495.1,False,,Clean,Monoderm (Keep)
GCF_022405595.1,False,,Clean,Monoderm (Keep)
GCF_022405395.1,False,,Clean,Monoderm (Keep)
GCF_022406675.1,False,,Clean,Monoderm (Keep)
GCF_022405575.1,False,,Clean,Monoderm (Keep)
GCF_022405615.1,False,,Clean,Monoderm (Keep)
GCF_022405435.1,False,,Clean,Monoderm (Keep)
GCF_022478075.1,False,,Clean,Monoderm (Keep)
GCF_022493095.1,False,,Clean,Monoderm (Keep)
GCF_022405415.1,False,,Clean,Monoderm (Keep)
GCF_022494905.1,False,,Clean,Monoderm (Keep)
GCF_022405355.1,False,,Clean,Monoderm (Keep)
GCF_022405535.1,False,,Clean,Monoderm (Keep)
GCF_022532145.1,False,,Clean,Monoderm (Keep)
GCF_022405515.1,False,,Clean,Monoderm (Keep)
GCF_022405995.1,False,,Clean,Monoderm (Keep)
GCF_022532125.1,False,,Clean,Monoderm (Keep)
GCF_022494495.1,False,,Clean,Monoderm (Keep)
GCF_022406795.1,False,,Clean,Monoderm (Keep)
GCF_022494545.1,False,,Clean,Monoderm (Keep)
GCF_022405895.1,False,,Clean,Monoderm (Keep)
GCF_022405955.1,False,,Clean,Monoderm (Keep)
GCF_022405675.1,False,,Clean,Monoderm (Keep)
GCF_022405935.1,False,,Clean,Monoderm (Keep)
GCF_022405875.1,False,,Clean,Monoderm (Keep)
GCF_022406555.1,False,,Clean,Monoderm (Keep)
GCF_022405735.1,False,,Clean,Monoderm (Keep)
GCF_022405775.1,False,,Clean,Monoderm (Keep)
GCF_022405915.1,False,,Clean,Monoderm (Keep)
GCF_022406055.1,False,,Clean,Monoderm (Keep)
GCF_022405835.1,False,,Clean,Monoderm (Keep)
GCF_022406015.1,False,,Clean,Monoderm (Keep)
GCF_022405975.1,False,,Clean,Monoderm (Keep)
GCF_022405815.1,False,,Clean,Monoderm (Keep)
GCF_022406435.1,False,,Clean,Monoderm (Keep)
GCF_022405655.1,False,,Clean,Monoderm (Keep)
GCF_022406125.1,False,,Clean,Monoderm (Keep)
GCF_022405855.1,False,,Clean,Monoderm (Keep)
GCF_022405795.1,False,,Clean,Monoderm (Keep)
GCF_022405755.1,False,,Clean,Monoderm (Keep)
GCF_022406075.1,False,,Clean,Monoderm (Keep)
GCF_022406315.1,False,,Clean,Monoderm (Keep)
GCF_022406035.1,False,,Clean,Monoderm (Keep)
GCF_022494565.1,False,,Clean,Monoderm (Keep)
GCF_022437945.1,False,,Clean,Monoderm (Keep)
GCF_022488425.1,False,,Clean,Monoderm (Keep)
GCF_022453545.1,False,,Clean,Monoderm (Keep)
GCF_022531965.1,False,,Clean,Monoderm (Keep)
GCF_022494925.1,False,,Clean,Monoderm (Keep)
GCF_022430545.2,False,,Clean,Monoderm (Keep)
GCF_022494515.1,False,,Clean,Monoderm (Keep)
GCF_022492955.1,False,,Clean,Monoderm (Keep)
GCF_022492915.1,False,,Clean,Monoderm (Keep)
GCF_022558605.1,False,,Clean,Monoderm (Keep)
GCF_022557275.1,False,,Clean,Monoderm (Keep)
GCF_022569815.1,False,,Clean,Monoderm (Keep)
GCF_022558425.1,False,,Clean,Monoderm (Keep)
GCF_022558445.1,False,,Clean,Monoderm (Keep)
GCF_022539405.1,False,,Clean,Monoderm (Keep)
GCF_022532085.1,False,,Clean,Monoderm (Keep)
GCF_022537925.1,False,,Clean,Monoderm (Keep)
GCF_022558565.1,False,,Clean,Monoderm (Keep)
GCF_022591335.1,False,,Clean,Monoderm (Keep)
GCF_022700735.1,False,,Clean,Monoderm (Keep)
GCF_022570695.1,False,,Clean,Monoderm (Keep)
GCF_022570515.1,False,,Clean,Monoderm (Keep)
GCF_022559645.1,False,,Clean,Monoderm (Keep)
GCF_022558505.1,False,,Clean,Monoderm (Keep)
GCF_022558525.1,False,,Clean,Monoderm (Keep)
GCF_022557175.1,False,,Clean,Monoderm (Keep)
GCF_022691385.1,False,,Clean,Monoderm (Keep)
GCF_022693325.1,False,,Clean,Monoderm (Keep)
GCF_022693245.1,False,,Clean,Monoderm (Keep)
GCF_022693225.1,False,,Clean,Monoderm (Keep)
GCF_022693185.1,False,,Clean,Monoderm (Keep)
GCF_022655055.1,False,,Clean,Monoderm (Keep)
GCF_022699225.1,False,,Clean,Monoderm (Keep)
GCF_022637435.1,False,,Clean,Monoderm (Keep)
GCF_022691365.1,False,,Clean,Monoderm (Keep)
GCF_022691325.1,False,,Clean,Monoderm (Keep)
GCF_022648125.1,False,,Clean,Monoderm (Keep)
GCF_022693305.1,False,,Clean,Monoderm (Keep)
GCF_022693265.1,False,,Clean,Monoderm (Keep)
GCF_022693165.1,False,,Clean,Monoderm (Keep)
GCF_022693205.1,False,,Clean,Monoderm (Keep)
GCF_022691445.1,False,,Clean,Monoderm (Keep)
GCF_022674245.1,False,,Clean,Monoderm (Keep)
GCF_022693285.1,False,,Clean,Monoderm (Keep)
GCF_022647945.1,False,,Clean,Monoderm (Keep)
GCF_022699545.1,False,,Clean,Monoderm (Keep)
GCF_022648285.1,False,,Clean,Monoderm (Keep)
GCF_022699265.1,False,,Clean,Monoderm (Keep)
GCF_022648425.1,False,,Clean,Monoderm (Keep)
GCF_022691485.1,False,,Clean,Monoderm (Keep)
GCF_022691425.1,False,,Clean,Monoderm (Keep)
GCF_022699245.1,False,,Clean,Monoderm (Keep)
GCF_022691345.1,False,,Clean,Monoderm (Keep)
GCF_022647825.1,False,,Clean,Monoderm (Keep)
GCF_022693345.1,False,,Clean,Monoderm (Keep)
GCF_022699565.1,False,,Clean,Monoderm (Keep)
GCF_022670815.1,False,,Clean,Monoderm (Keep)
GCF_022691405.1,False,,Clean,Monoderm (Keep)
GCF_022699285.1,False,,Clean,Monoderm (Keep)
GCF_022648595.1,False,,Clean,Monoderm (Keep)
GCF_022699585.1,False,,Clean,Monoderm (Keep)
GCF_022691465.1,False,,Clean,Monoderm (Keep)
GCF_022647025.1,False,,Clean,Monoderm (Keep)
GCF_022646885.1,False,,Clean,Monoderm (Keep)
GCF_022630575.1,False,,Clean,Monoderm (Keep)
GCF_022682045.1,False,,Clean,Monoderm (Keep)
GCF_022655355.1,False,,Clean,Monoderm (Keep)
GCF_022682325.1,False,,Clean,Monoderm (Keep)
GCF_022630555.1,False,,Clean,Monoderm (Keep)
GCF_022691665.1,False,,Clean,Monoderm (Keep)
GCF_022637555.1,False,,Clean,Monoderm (Keep)
GCF_022700915.1,False,,Clean,Monoderm (Keep)
GCF_022695655.1,False,,Clean,Monoderm (Keep)
GCF_022700955.1,False,,Clean,Monoderm (Keep)
GCF_022700755.1,False,,Clean,Monoderm (Keep)
GCF_022700895.1,False,,Clean,Monoderm (Keep)
GCF_022700795.1,False,,Clean,Monoderm (Keep)
GCF_022700875.1,False,,Clean,Monoderm (Keep)
GCF_022591595.1,False,,Clean,Monoderm (Keep)
GCF_022700975.1,False,,Clean,Monoderm (Keep)
GCF_022700935.1,False,,Clean,Monoderm (Keep)
GCF_022649565.1,False,,Clean,Monoderm (Keep)
GCF_022654795.1,False,,Clean,Monoderm (Keep)
GCF_022637375.1,False,,Clean,Monoderm (Keep)
GCF_022637315.1,False,,Clean,Monoderm (Keep)
GCF_022691685.1,False,,Clean,Monoderm (Keep)
GCF_022699365.1,False,,Clean,Monoderm (Keep)
GCF_022695635.1,False,,Clean,Monoderm (Keep)
GCF_022699385.1,False,,Clean,Monoderm (Keep)
GCF_022700995.1,False,,Clean,Monoderm (Keep)
GCF_022647665.1,False,,Clean,Monoderm (Keep)
GCF_022695595.1,False,,Clean,Monoderm (Keep)
GCF_022701015.1,False,,Clean,Monoderm (Keep)
GCF_022759505.1,False,,Clean,Monoderm (Keep)
GCF_022751235.1,False,,Clean,Monoderm (Keep)
GCF_022701315.1,False,,Clean,Monoderm (Keep)
GCF_022701095.1,False,,Clean,Monoderm (Keep)
GCF_022749455.1,False,,Clean,Monoderm (Keep)
GCF_022701235.1,False,,Clean,Monoderm (Keep)
GCF_022749195.1,False,,Clean,Monoderm (Keep)
GCF_022760025.1,False,,Clean,Monoderm (Keep)
GCF_022701195.1,False,,Clean,Monoderm (Keep)
GCF_022701035.1,False,,Clean,Monoderm (Keep)
GCF_022701175.1,False,,Clean,Monoderm (Keep)
GCF_022655485.1,False,,Clean,Monoderm (Keep)
GCF_022810625.1,False,,Clean,Monoderm (Keep)
GCF_022810745.1,False,,Clean,Monoderm (Keep)
GCF_022811585.1,False,,Clean,Monoderm (Keep)
GCF_022846455.1,False,,Clean,Monoderm (Keep)
GCF_022832915.1,False,,Clean,Monoderm (Keep)
GCF_022819265.1,False,,Clean,Monoderm (Keep)
GCF_022832755.1,False,,Clean,Monoderm (Keep)
GCF_022869625.1,False,,Clean,Monoderm (Keep)
GCF_022809835.2,False,,Clean,Monoderm (Keep)
GCF_022869565.1,False,,Clean,Monoderm (Keep)
GCF_022819305.1,False,,Clean,Monoderm (Keep)
GCF_022832895.1,False,,Clean,Monoderm (Keep)
GCF_022846475.1,False,,Clean,Monoderm (Keep)
GCF_022810705.1,False,,Clean,Monoderm (Keep)
GCF_022832935.1,False,,Clean,Monoderm (Keep)
GCF_022833145.1,False,,Clean,Monoderm (Keep)
GCF_022832775.1,False,,Clean,Monoderm (Keep)
GCF_022846515.1,False,,Clean,Monoderm (Keep)
GCF_022808015.1,False,,Clean,Monoderm (Keep)
GCF_022809755.1,False,,Clean,Monoderm (Keep)
GCF_022832835.1,False,,Clean,Monoderm (Keep)
GCF_022809795.1,False,,Clean,Monoderm (Keep)
GCF_022810805.1,False,,Clean,Monoderm (Keep)
GCF_022811885.1,False,,Clean,Monoderm (Keep)
GCF_022816845.1,False,,Clean,Monoderm (Keep)
GCF_022759525.1,False,,Clean,Monoderm (Keep)
GCF_022810685.1,False,,Clean,Monoderm (Keep)
GCF_022811825.1,False,,Clean,Monoderm (Keep)
GCF_022810785.1,False,,Clean,Monoderm (Keep)
GCF_022810725.1,False,,Clean,Monoderm (Keep)
GCF_022811865.1,False,,Clean,Monoderm (Keep)
GCF_022869605.1,False,,Clean,Monoderm (Keep)
GCF_022811925.1,False,,Clean,Monoderm (Keep)
GCF_022819245.1,False,,Clean,Monoderm (Keep)
GCF_022810665.1,False,,Clean,Monoderm (Keep)
GCF_022869685.1,False,,Clean,Monoderm (Keep)
GCF_022845715.1,False,,Clean,Monoderm (Keep)
GCF_022819225.1,False,,Clean,Monoderm (Keep)
GCF_022845935.1,False,,Clean,Monoderm (Keep)
GCF_022845775.1,False,,Clean,Monoderm (Keep)
GCF_022845795.1,False,,Clean,Monoderm (Keep)
GCF_022811705.1,False,,Clean,Monoderm (Keep)
GCF_022845815.1,False,,Clean,Monoderm (Keep)
GCF_022845755.1,False,,Clean,Monoderm (Keep)
GCF_022845835.1,False,,Clean,Monoderm (Keep)
GCF_022846395.1,False,,Clean,Monoderm (Keep)
GCF_022845975.1,False,,Clean,Monoderm (Keep)
GCF_022846435.1,False,,Clean,Monoderm (Keep)
GCF_022846415.1,False,,Clean,Monoderm (Keep)
GCF_022811605.1,False,,Clean,Monoderm (Keep)
GCF_022845735.1,False,,Clean,Monoderm (Keep)
GCF_022869125.1,False,,Clean,Monoderm (Keep)
GCF_022845595.1,False,,Clean,Monoderm (Keep)
GCF_022812285.1,False,,Clean,Monoderm (Keep)
GCF_022833015.1,False,,Clean,Monoderm (Keep)
GCF_022828475.1,False,,Clean,Monoderm (Keep)
GCF_022760275.1,False,,Clean,Monoderm (Keep)
GCF_022846655.1,False,,Clean,Monoderm (Keep)
GCF_022869105.1,False,,Clean,Monoderm (Keep)
GCF_022870005.1,False,,Clean,Monoderm (Keep)
GCF_022869705.1,False,,Clean,Monoderm (Keep)
GCF_022869825.1,False,,Clean,Monoderm (Keep)
GCF_022760195.1,False,,Clean,Monoderm (Keep)
GCF_022869865.1,False,,Clean,Monoderm (Keep)
GCF_022870125.1,False,,Clean,Monoderm (Keep)
GCF_022846675.1,False,,Clean,Monoderm (Keep)
GCF_022827705.1,False,,Clean,Monoderm (Keep)
GCF_022807935.1,False,,Clean,Monoderm (Keep)
GCF_022870165.1,False,,Clean,Monoderm (Keep)
GCF_022870365.1,False,,Clean,Monoderm (Keep)
GCF_022870345.1,False,,Clean,Monoderm (Keep)
GCF_022870285.1,False,,Clean,Monoderm (Keep)
GCF_022870245.1,False,,Clean,Monoderm (Keep)
GCF_022870325.1,False,,Clean,Monoderm (Keep)
GCF_022870265.1,False,,Clean,Monoderm (Keep)
GCF_022870205.1,False,,Clean,Monoderm (Keep)
GCF_022870185.1,False,,Clean,Monoderm (Keep)
GCF_022870225.1,False,,Clean,Monoderm (Keep)
GCF_022870145.1,False,,Clean,Monoderm (Keep)
GCF_022870305.1,False,,Clean,Monoderm (Keep)
GCF_022983255.1,False,,Clean,Monoderm (Keep)
GCF_022870465.1,False,,Clean,Monoderm (Keep)
GCF_023078395.1,False,,Clean,Monoderm (Keep)
GCF_022936265.1,False,,Clean,Monoderm (Keep)
GCF_023008225.1,False,,Clean,Monoderm (Keep)
GCF_023008305.1,False,,Clean,Monoderm (Keep)
GCF_022921115.1,False,,Clean,Monoderm (Keep)
GCF_023078515.1,False,,Clean,Monoderm (Keep)
GCF_023008285.1,False,,Clean,Monoderm (Keep)
GCF_022964955.1,False,,Clean,Monoderm (Keep)
GCF_023023005.1,False,,Clean,Monoderm (Keep)
GCF_022984115.1,False,,Clean,Monoderm (Keep)
GCF_023078415.1,False,,Clean,Monoderm (Keep)
GCF_022983135.1,False,,Clean,Monoderm (Keep)
GCF_022919195.1,False,,Clean,Monoderm (Keep)
GCF_023022985.1,False,,Clean,Monoderm (Keep)
GCF_022919155.1,False,,Clean,Monoderm (Keep)
GCF_022919175.1,False,,Clean,Monoderm (Keep)
GCF_023022965.1,False,,Clean,Monoderm (Keep)
GCF_022919895.1,False,,Clean,Monoderm (Keep)
GCF_022870625.1,False,,Clean,Monoderm (Keep)
GCF_022870765.1,False,,Clean,Monoderm (Keep)
GCF_023008345.1,False,,Clean,Monoderm (Keep)
GCF_023008265.1,False,,Clean,Monoderm (Keep)
GCF_022919575.1,False,,Clean,Monoderm (Keep)
GCF_023008365.1,False,,Clean,Monoderm (Keep)
GCF_022870425.1,False,,Clean,Monoderm (Keep)
GCF_022919095.1,False,,Clean,Monoderm (Keep)
GCF_022919715.1,False,,Clean,Monoderm (Keep)
GCF_022870445.1,False,,Clean,Monoderm (Keep)
GCF_022870405.1,False,,Clean,Monoderm (Keep)
GCF_022871145.1,False,,Clean,Monoderm (Keep)
GCF_023078435.1,False,,Clean,Monoderm (Keep)
GCF_022871105.1,False,,Clean,Monoderm (Keep)
GCF_022871085.1,False,,Clean,Monoderm (Keep)
GCF_023016265.1,False,,Clean,Monoderm (Keep)
GCF_022871125.1,False,,Clean,Monoderm (Keep)
GCF_022870725.1,False,,Clean,Monoderm (Keep)
GCF_022919115.1,False,,Clean,Monoderm (Keep)
GCF_022870385.1,False,,Clean,Monoderm (Keep)
GCF_023093895.1,False,,Clean,Monoderm (Keep)
GCF_023100725.1,False,,Clean,Monoderm (Keep)
GCF_022919835.1,False,,Clean,Monoderm (Keep)
GCF_023100845.1,False,,Clean,Monoderm (Keep)
GCF_023093915.1,False,,Clean,Monoderm (Keep)
GCF_023008325.1,False,,Clean,Monoderm (Keep)
GCF_023008425.1,False,,Clean,Monoderm (Keep)
GCF_023078355.1,False,,Clean,Monoderm (Keep)
GCF_023094015.1,False,,Clean,Monoderm (Keep)
GCF_023100705.1,False,,Clean,Monoderm (Keep)
GCF_023100785.1,False,,Clean,Monoderm (Keep)
GCF_023115465.1,False,,Clean,Monoderm (Keep)
GCF_023115375.1,False,,Clean,Monoderm (Keep)
GCF_023101145.1,False,,Clean,Monoderm (Keep)
GCF_022985635.2,False,,Clean,Monoderm (Keep)
GCF_023101325.1,False,,Clean,Monoderm (Keep)
GCF_023158915.1,False,,Clean,Monoderm (Keep)
GCF_023167545.1,False,,Clean,Monoderm (Keep)
GCF_023168405.1,False,,Clean,Monoderm (Keep)
GCF_023161985.2,False,,Clean,Monoderm (Keep)
GCF_023162015.2,False,,Clean,Monoderm (Keep)
GCF_023168345.1,False,,Clean,Monoderm (Keep)
GCF_023167125.1,False,,Clean,Monoderm (Keep)
GCF_023008405.1,False,,Clean,Monoderm (Keep)
GCF_023023025.1,False,,Clean,Monoderm (Keep)
GCF_023205995.1,False,,Clean,Monoderm (Keep)
GCF_023205265.1,False,,Clean,Monoderm (Keep)
GCF_023204975.1,False,,Clean,Monoderm (Keep)
GCF_023206755.1,False,,Clean,Monoderm (Keep)
GCF_023204955.1,False,,Clean,Monoderm (Keep)
GCF_023207995.1,False,,Clean,Monoderm (Keep)
GCF_023170025.1,False,,Clean,Monoderm (Keep)
GCF_023169905.1,False,,Clean,Monoderm (Keep)
GCF_023182815.2,False,,Clean,Monoderm (Keep)
GCF_023206215.1,False,,Clean,Monoderm (Keep)
GCF_023182835.2,False,,Clean,Monoderm (Keep)
GCF_023277585.1,False,,Clean,Monoderm (Keep)
GCF_023170045.1,False,,Clean,Monoderm (Keep)
GCF_023277705.1,False,,Clean,Monoderm (Keep)
GCF_023277565.1,False,,Clean,Monoderm (Keep)
GCF_023204995.1,False,,Clean,Monoderm (Keep)
GCF_023182775.2,False,,Clean,Monoderm (Keep)
GCF_023207975.1,False,,Clean,Monoderm (Keep)
GCF_023169525.1,False,,Clean,Monoderm (Keep)
GCF_023277685.1,False,,Clean,Monoderm (Keep)
GCF_023205755.1,False,,Clean,Monoderm (Keep)
GCF_023159405.1,False,,Clean,Monoderm (Keep)
GCF_023208115.1,False,,Clean,Monoderm (Keep)
GCF_023195815.2,False,,Clean,Monoderm (Keep)
GCF_023208075.1,False,,Clean,Monoderm (Keep)
GCF_023205815.1,False,,Clean,Monoderm (Keep)
GCF_023223475.1,False,,Clean,Monoderm (Keep)
GCF_023208135.1,False,,Clean,Monoderm (Keep)
GCF_023170065.1,False,,Clean,Monoderm (Keep)
GCF_023208055.1,False,,Clean,Monoderm (Keep)
GCF_023205855.1,False,,Clean,Monoderm (Keep)
GCF_023277465.1,False,,Clean,Monoderm (Keep)
GCF_023169925.1,False,,Clean,Monoderm (Keep)
GCF_023208095.1,False,,Clean,Monoderm (Keep)
GCF_023205795.1,False,,Clean,Monoderm (Keep)
GCF_023205835.1,False,,Clean,Monoderm (Keep)
GCF_023168325.1,False,,Clean,Monoderm (Keep)
GCF_023273875.1,False,,Clean,Monoderm (Keep)
GCF_023168385.1,False,,Clean,Monoderm (Keep)
GCF_023168305.1,False,,Clean,Monoderm (Keep)
GCF_023277765.1,False,,Clean,Monoderm (Keep)
GCF_023221555.1,False,,Clean,Monoderm (Keep)
GCF_023277605.1,False,,Clean,Monoderm (Keep)
GCF_023277665.1,False,,Clean,Monoderm (Keep)
GCF_023277725.1,False,,Clean,Monoderm (Keep)
GCF_023277645.1,False,,Clean,Monoderm (Keep)
GCF_023277625.1,False,,Clean,Monoderm (Keep)
GCF_023221615.1,False,,Clean,Monoderm (Keep)
GCF_023242235.1,False,,Clean,Monoderm (Keep)
GCF_023277485.1,False,,Clean,Monoderm (Keep)
GCF_023208035.1,False,,Clean,Monoderm (Keep)
GCF_023277785.1,False,,Clean,Monoderm (Keep)
GCF_023208155.1,False,,Clean,Monoderm (Keep)
GCF_023208195.1,False,,Clean,Monoderm (Keep)
GCF_023238285.1,False,,Clean,Monoderm (Keep)
GCF_023238245.1,False,,Clean,Monoderm (Keep)
GCF_023208015.1,False,,Clean,Monoderm (Keep)
GCF_023238525.1,False,,Clean,Monoderm (Keep)
GCF_023238485.1,False,,Clean,Monoderm (Keep)
GCF_023277805.1,False,,Clean,Monoderm (Keep)
GCF_023221595.1,False,,Clean,Monoderm (Keep)
GCF_023238325.1,False,,Clean,Monoderm (Keep)
GCF_023238565.1,False,,Clean,Monoderm (Keep)
GCF_023277825.1,False,,Clean,Monoderm (Keep)
GCF_023278025.1,False,,Clean,Monoderm (Keep)
GCF_023278065.1,False,,Clean,Monoderm (Keep)
GCF_023278205.1,False,,Clean,Monoderm (Keep)
GCF_023277845.1,False,,Clean,Monoderm (Keep)
GCF_023277865.1,False,,Clean,Monoderm (Keep)
GCF_023273835.1,False,,Clean,Monoderm (Keep)
GCF_023277745.1,False,,Clean,Monoderm (Keep)
GCF_023299565.1,False,,Clean,Monoderm (Keep)
GCF_023373745.1,False,,Clean,Monoderm (Keep)
GCF_023299185.1,False,,Clean,Monoderm (Keep)
GCF_023299645.1,False,,Clean,Monoderm (Keep)
GCF_023299625.1,False,,Clean,Monoderm (Keep)
GCF_023299225.1,False,,Clean,Monoderm (Keep)
GCF_023375155.1,False,,Clean,Monoderm (Keep)
GCF_023278325.1,False,,Clean,Monoderm (Keep)
GCF_023375175.1,False,,Clean,Monoderm (Keep)
GCF_023375225.1,False,,Clean,Monoderm (Keep)
GCF_023299345.1,False,,Clean,Monoderm (Keep)
GCF_023278545.1,False,,Clean,Monoderm (Keep)
GCF_023300045.1,False,,Clean,Monoderm (Keep)
GCF_023279165.1,False,,Clean,Monoderm (Keep)
GCF_023299525.1,False,,Clean,Monoderm (Keep)
GCF_023373765.1,False,,Clean,Monoderm (Keep)
GCF_023299725.1,False,,Clean,Monoderm (Keep)
GCF_023375205.1,False,,Clean,Monoderm (Keep)
GCF_023299585.1,False,,Clean,Monoderm (Keep)
GCF_023299325.1,False,,Clean,Monoderm (Keep)
GCF_023347215.1,False,,Clean,Monoderm (Keep)
GCF_023299805.1,False,,Clean,Monoderm (Keep)
GCF_023299745.1,False,,Clean,Monoderm (Keep)
GCF_023299705.1,False,,Clean,Monoderm (Keep)
GCF_023299505.1,False,,Clean,Monoderm (Keep)
GCF_023299685.1,False,,Clean,Monoderm (Keep)
GCF_023370155.1,False,,Clean,Monoderm (Keep)
GCF_023278615.1,False,,Clean,Monoderm (Keep)
GCF_023299665.1,False,,Clean,Monoderm (Keep)
GCF_023299605.1,False,,Clean,Monoderm (Keep)
GCF_023299485.1,False,,Clean,Monoderm (Keep)
GCF_023299465.1,False,,Clean,Monoderm (Keep)
GCF_023299545.1,False,,Clean,Monoderm (Keep)
GCF_023300165.1,False,,Clean,Monoderm (Keep)
GCF_023347725.1,False,,Clean,Monoderm (Keep)
GCF_023347705.1,False,,Clean,Monoderm (Keep)
GCF_023300025.1,False,,Clean,Monoderm (Keep)
GCF_023278425.1,False,,Clean,Monoderm (Keep)
GCF_023303005.1,False,,Clean,Monoderm (Keep)
GCF_023375105.1,False,,Clean,Monoderm (Keep)
GCF_023347315.1,False,,Clean,Monoderm (Keep)
GCF_023299765.1,False,,Clean,Monoderm (Keep)
GCF_023278385.1,False,,Clean,Monoderm (Keep)
GCF_023375245.1,False,,Clean,Monoderm (Keep)
GCF_023299445.1,False,,Clean,Monoderm (Keep)
GCF_023347275.1,False,,Clean,Monoderm (Keep)
GCF_023348465.1,False,,Clean,Monoderm (Keep)
GCF_023373505.1,False,,Clean,Monoderm (Keep)
GCF_023370115.1,False,,Clean,Monoderm (Keep)
GCF_023347235.1,False,,Clean,Monoderm (Keep)
GCF_023347335.1,False,,Clean,Monoderm (Keep)
GCF_023348525.1,False,,Clean,Monoderm (Keep)
GCF_023330665.1,False,,Clean,Monoderm (Keep)
GCF_023348385.1,False,,Clean,Monoderm (Keep)
GCF_023347255.1,False,,Clean,Monoderm (Keep)
GCF_023299785.1,False,,Clean,Monoderm (Keep)
GCF_023330685.1,False,,Clean,Monoderm (Keep)
GCF_023347295.1,False,,Clean,Monoderm (Keep)
GCF_023347355.1,False,,Clean,Monoderm (Keep)
GCF_023347535.1,False,,Clean,Monoderm (Keep)
GCF_023369715.1,False,,Clean,Monoderm (Keep)
GCF_023278305.1,False,,Clean,Monoderm (Keep)
GCF_023278465.1,False,,Clean,Monoderm (Keep)
GCF_023278445.1,False,,Clean,Monoderm (Keep)
GCF_023374295.1,False,,Clean,Monoderm (Keep)
GCF_023278485.1,False,,Clean,Monoderm (Keep)
GCF_023278525.1,False,,Clean,Monoderm (Keep)
GCF_023278505.1,False,,Clean,Monoderm (Keep)
GCF_023277965.1,False,,Clean,Monoderm (Keep)
GCF_023373525.1,False,,Clean,Monoderm (Keep)
GCF_023373485.1,False,,Clean,Monoderm (Keep)
GCF_023375265.1,False,,Clean,Monoderm (Keep)
GCF_023375285.1,False,,Clean,Monoderm (Keep)
GCF_023375305.1,False,,Clean,Monoderm (Keep)
GCF_023375365.1,False,,Clean,Monoderm (Keep)
GCF_023375345.1,False,,Clean,Monoderm (Keep)
GCF_023375385.1,False,,Clean,Monoderm (Keep)
GCF_023375405.1,False,,Clean,Monoderm (Keep)
GCF_023375425.1,False,,Clean,Monoderm (Keep)
GCF_023375325.1,False,,Clean,Monoderm (Keep)
GCF_023611825.1,False,,Clean,Monoderm (Keep)
GCF_023573545.1,False,,Clean,Monoderm (Keep)
GCF_023380225.1,False,,Clean,Monoderm (Keep)
GCF_023520815.1,False,,Clean,Monoderm (Keep)
GCF_023547125.1,False,,Clean,Monoderm (Keep)
GCF_023380265.1,False,,Clean,Monoderm (Keep)
GCF_023375545.1,False,,Clean,Monoderm (Keep)
GCF_023547085.1,False,,Clean,Monoderm (Keep)
GCF_023380205.1,False,,Clean,Monoderm (Keep)
GCF_023611865.1,False,,Clean,Monoderm (Keep)
GCF_023539285.1,False,,Clean,Monoderm (Keep)
GCF_023375485.1,False,,Clean,Monoderm (Keep)
GCF_023375465.1,False,,Clean,Monoderm (Keep)
GCF_023547105.1,False,,Clean,Monoderm (Keep)
GCF_023520835.1,False,,Clean,Monoderm (Keep)
GCF_023612155.1,False,,Clean,Monoderm (Keep)
GCF_023611885.1,False,,Clean,Monoderm (Keep)
GCF_023523795.1,False,,Clean,Monoderm (Keep)
GCF_023546985.1,False,,Clean,Monoderm (Keep)
GCF_023515845.1,False,,Clean,Monoderm (Keep)
GCF_023523445.1,False,,Clean,Monoderm (Keep)
GCF_023375445.1,False,,Clean,Monoderm (Keep)
GCF_023375525.1,False,,Clean,Monoderm (Keep)
GCF_023380245.1,False,,Clean,Monoderm (Keep)
GCF_023516415.1,False,,Clean,Monoderm (Keep)
GCF_023515995.1,False,,Clean,Monoderm (Keep)
GCF_023611505.1,False,,Clean,Monoderm (Keep)
GCF_023380045.1,False,,Clean,Monoderm (Keep)
GCF_023499275.1,False,,Clean,Monoderm (Keep)
GCF_023515955.1,False,,Clean,Monoderm (Keep)
GCF_023509295.1,False,,Clean,Monoderm (Keep)
GCF_023573625.1,False,,Clean,Monoderm (Keep)
GCF_023509255.1,False,,Clean,Monoderm (Keep)
GCF_023509275.1,False,,Clean,Monoderm (Keep)
GCF_023508875.1,False,,Clean,Monoderm (Keep)
GCF_023515905.1,False,,Clean,Monoderm (Keep)
GCF_023520795.1,False,,Clean,Monoderm (Keep)
GCF_023508855.1,False,,Clean,Monoderm (Keep)
GCF_023571465.1,False,,Clean,Monoderm (Keep)
GCF_023523715.1,False,,Clean,Monoderm (Keep)
GCF_023509315.1,False,,Clean,Monoderm (Keep)
GCF_023375505.1,False,,Clean,Monoderm (Keep)
GCF_023539135.1,False,,Clean,Monoderm (Keep)
GCF_023612035.1,False,,Clean,Monoderm (Keep)
GCF_023516435.1,False,,Clean,Monoderm (Keep)
GCF_023515935.1,False,,Clean,Monoderm (Keep)
GCF_023520755.1,False,,Clean,Monoderm (Keep)
GCF_023573205.1,False,,Clean,Monoderm (Keep)
GCF_023573325.1,False,,Clean,Monoderm (Keep)
GCF_023521275.1,False,,Clean,Monoderm (Keep)
GCF_023521595.1,False,,Clean,Monoderm (Keep)
GCF_023516155.1,False,,Clean,Monoderm (Keep)
GCF_023521635.1,False,,Clean,Monoderm (Keep)
GCF_023521475.1,False,,Clean,Monoderm (Keep)
GCF_023516195.1,False,,Clean,Monoderm (Keep)
GCF_023521655.1,False,,Clean,Monoderm (Keep)
GCF_023573345.1,False,,Clean,Monoderm (Keep)
GCF_023573245.1,False,,Clean,Monoderm (Keep)
GCF_023573225.1,False,,Clean,Monoderm (Keep)
GCF_023520855.1,False,,Clean,Monoderm (Keep)
GCF_023573165.1,False,,Clean,Monoderm (Keep)
GCF_023376055.1,False,,Clean,Monoderm (Keep)
GCF_023573265.1,False,,Clean,Monoderm (Keep)
GCF_023516175.1,False,,Clean,Monoderm (Keep)
GCF_023573285.1,False,,Clean,Monoderm (Keep)
GCF_023586785.2,False,,Clean,Monoderm (Keep)
GCF_023521175.1,False,,Clean,Monoderm (Keep)
GCF_023521615.1,False,,Clean,Monoderm (Keep)
GCF_023573505.1,False,,Clean,Monoderm (Keep)
GCF_023520895.1,False,,Clean,Monoderm (Keep)
GCF_023376025.1,False,,Clean,Monoderm (Keep)
GCF_023499255.1,False,,Clean,Monoderm (Keep)
GCF_023612175.1,False,,Clean,Monoderm (Keep)
GCF_023612195.1,False,,Clean,Monoderm (Keep)
GCF_023612275.1,False,,Clean,Monoderm (Keep)
GCF_023498005.1,False,,Clean,Monoderm (Keep)
GCF_023612315.1,False,,Clean,Monoderm (Keep)
GCF_023614235.1,False,,Clean,Monoderm (Keep)
GCF_023614255.1,False,,Clean,Monoderm (Keep)
GCF_023614275.1,False,,Clean,Monoderm (Keep)
GCF_023734115.1,False,,Clean,Monoderm (Keep)
GCF_023809725.1,False,,Clean,Monoderm (Keep)
GCF_023657575.1,False,,Clean,Monoderm (Keep)
GCF_023734315.1,False,,Clean,Monoderm (Keep)
GCF_023674385.1,False,,Clean,Monoderm (Keep)
GCF_023746575.1,False,,Clean,Monoderm (Keep)
GCF_023822185.1,False,,Clean,Monoderm (Keep)
GCF_023734195.1,False,,Clean,Monoderm (Keep)
GCF_023734275.1,False,,Clean,Monoderm (Keep)
GCF_023657535.1,False,,Clean,Monoderm (Keep)
GCF_023734295.1,False,,Clean,Monoderm (Keep)
GCF_023734355.1,False,,Clean,Monoderm (Keep)
GCF_023650935.1,False,,Clean,Monoderm (Keep)
GCF_023734335.1,False,,Clean,Monoderm (Keep)
GCF_023658665.1,False,,Clean,Monoderm (Keep)
GCF_023702515.1,False,,Clean,Monoderm (Keep)
GCF_023823715.1,False,,Clean,Monoderm (Keep)
GCF_023822205.1,False,,Clean,Monoderm (Keep)
GCF_023614505.1,False,,Clean,Monoderm (Keep)
GCF_023823145.1,False,,Clean,Monoderm (Keep)
GCF_023822125.1,False,,Clean,Monoderm (Keep)
GCF_023716825.1,False,,Clean,Monoderm (Keep)
GCF_023650735.1,False,,Clean,Monoderm (Keep)
GCF_023657555.1,False,,Clean,Monoderm (Keep)
GCF_023702145.1,False,,Clean,Monoderm (Keep)
GCF_023824055.1,False,,Clean,Monoderm (Keep)
GCF_023658035.1,False,,Clean,Monoderm (Keep)
GCF_023746555.1,False,,Clean,Monoderm (Keep)
GCF_023824155.1,False,,Clean,Monoderm (Keep)
GCF_023824075.1,False,,Clean,Monoderm (Keep)
GCF_023822085.1,False,,Clean,Monoderm (Keep)
GCF_023823935.1,False,,Clean,Monoderm (Keep)
GCF_023823835.1,False,,Clean,Monoderm (Keep)
GCF_023824175.1,False,,Clean,Monoderm (Keep)
GCF_023824035.1,False,,Clean,Monoderm (Keep)
GCF_023704215.1,False,,Clean,Monoderm (Keep)
GCF_023823995.1,False,,Clean,Monoderm (Keep)
GCF_023614525.1,False,,Clean,Monoderm (Keep)
GCF_023734735.1,False,,Clean,Monoderm (Keep)
GCF_023823895.1,False,,Clean,Monoderm (Keep)
GCF_023824115.1,False,,Clean,Monoderm (Keep)
GCF_023823815.1,False,,Clean,Monoderm (Keep)
GCF_023734235.1,False,,Clean,Monoderm (Keep)
GCF_023823875.1,False,,Clean,Monoderm (Keep)
GCF_023734255.1,False,,Clean,Monoderm (Keep)
GCF_023823775.1,False,,Clean,Monoderm (Keep)
GCF_023823975.1,False,,Clean,Monoderm (Keep)
GCF_023822105.1,False,,Clean,Monoderm (Keep)
GCF_023650665.1,False,,Clean,Monoderm (Keep)
GCF_023614485.1,False,,Clean,Monoderm (Keep)
GCF_023704295.1,False,,Clean,Monoderm (Keep)
GCF_023734755.1,False,,Clean,Monoderm (Keep)
GCF_023913535.1,False,,Clean,Monoderm (Keep)
GCF_023809745.1,False,,Clean,Monoderm (Keep)
GCF_023734095.1,False,,Clean,Monoderm (Keep)
GCF_023674545.1,False,,Clean,Monoderm (Keep)
GCF_023700225.1,False,,Clean,Monoderm (Keep)
GCF_023824015.1,False,,Clean,Monoderm (Keep)
GCF_023704175.1,False,,Clean,Monoderm (Keep)
GCF_023716805.1,False,,Clean,Monoderm (Keep)
GCF_023657595.1,False,,Clean,Monoderm (Keep)
GCF_023702085.1,False,,Clean,Monoderm (Keep)
GCF_023823755.1,False,,Clean,Monoderm (Keep)
GCF_023823735.1,False,,Clean,Monoderm (Keep)
GCF_023614465.1,False,,Clean,Monoderm (Keep)
GCF_023822685.1,False,,Clean,Monoderm (Keep)
GCF_023823955.1,False,,Clean,Monoderm (Keep)
GCF_023823855.1,False,,Clean,Monoderm (Keep)
GCF_023824135.1,False,,Clean,Monoderm (Keep)
GCF_023824195.1,False,,Clean,Monoderm (Keep)
GCF_023824095.1,False,,Clean,Monoderm (Keep)
GCF_023823915.1,False,,Clean,Monoderm (Keep)
GCF_023716005.1,False,,Clean,Monoderm (Keep)
GCF_023702105.1,False,,Clean,Monoderm (Keep)
GCF_023702655.1,False,,Clean,Monoderm (Keep)
GCF_023920185.1,False,,Clean,Monoderm (Keep)
GCF_023921145.1,False,,Clean,Monoderm (Keep)
GCF_023920145.1,False,,Clean,Monoderm (Keep)
GCF_023921125.1,False,,Clean,Monoderm (Keep)
GCF_023921085.1,False,,Clean,Monoderm (Keep)
GCF_024029915.1,False,,Clean,Monoderm (Keep)
GCF_024172385.1,False,,Clean,Monoderm (Keep)
GCF_024204885.1,False,,Clean,Monoderm (Keep)
GCF_024204925.1,False,,Clean,Monoderm (Keep)
GCF_024138075.1,False,,Clean,Monoderm (Keep)
GCF_024172625.1,False,,Clean,Monoderm (Keep)
GCF_024204725.1,False,,Clean,Monoderm (Keep)
GCF_023921265.1,False,,Clean,Monoderm (Keep)
GCF_024029595.1,False,,Clean,Monoderm (Keep)
GCF_023923085.1,False,,Clean,Monoderm (Keep)
GCF_023973045.1,False,,Clean,Monoderm (Keep)
GCF_024172645.1,False,,Clean,Monoderm (Keep)
GCF_023972895.1,False,,Clean,Monoderm (Keep)
GCF_024204805.1,False,,Clean,Monoderm (Keep)
GCF_024172545.1,False,,Clean,Monoderm (Keep)
GCF_024172665.1,False,,Clean,Monoderm (Keep)
GCF_024054255.2,False,,Clean,Monoderm (Keep)
GCF_024053515.2,False,,Clean,Monoderm (Keep)
GCF_024137985.1,False,,Clean,Monoderm (Keep)
GCF_024125715.1,False,,Clean,Monoderm (Keep)
GCF_023988885.1,False,,Clean,Monoderm (Keep)
GCF_024204765.1,False,,Clean,Monoderm (Keep)
GCF_024158965.2,False,,Clean,Monoderm (Keep)
GCF_024158105.2,False,,Clean,Monoderm (Keep)
GCF_024204705.1,False,,Clean,Monoderm (Keep)
GCF_024022895.1,False,,Clean,Monoderm (Keep)
GCF_024029775.1,False,,Clean,Monoderm (Keep)
GCF_024204745.1,False,,Clean,Monoderm (Keep)
GCF_024029435.1,False,,Clean,Monoderm (Keep)
GCF_024029675.1,False,,Clean,Monoderm (Keep)
GCF_024138855.1,False,,Clean,Monoderm (Keep)
GCF_024029335.1,False,,Clean,Monoderm (Keep)
GCF_024029355.1,False,,Clean,Monoderm (Keep)
GCF_024089335.1,False,,Clean,Monoderm (Keep)
GCF_024172305.1,False,,Clean,Monoderm (Keep)
GCF_024172445.1,False,,Clean,Monoderm (Keep)
GCF_024172345.1,False,,Clean,Monoderm (Keep)
GCF_023921805.1,False,,Clean,Monoderm (Keep)
GCF_023973165.1,False,,Clean,Monoderm (Keep)
GCF_024172525.1,False,,Clean,Monoderm (Keep)
GCF_024089355.1,False,,Clean,Monoderm (Keep)
GCF_024172425.1,False,,Clean,Monoderm (Keep)
GCF_024172365.1,False,,Clean,Monoderm (Keep)
GCF_024172405.1,False,,Clean,Monoderm (Keep)
GCF_024137845.1,False,,Clean,Monoderm (Keep)
GCF_023923205.1,False,,Clean,Monoderm (Keep)
GCF_024138555.1,False,,Clean,Monoderm (Keep)
GCF_023923225.1,False,,Clean,Monoderm (Keep)
GCF_024138575.1,False,,Clean,Monoderm (Keep)
GCF_024204865.1,False,,Clean,Monoderm (Keep)
GCF_024204965.1,False,,Clean,Monoderm (Keep)
GCF_024204905.1,False,,Clean,Monoderm (Keep)
GCF_024204845.1,False,,Clean,Monoderm (Keep)
GCF_024204985.1,False,,Clean,Monoderm (Keep)
GCF_024204825.1,False,,Clean,Monoderm (Keep)
GCF_024172245.1,False,,Clean,Monoderm (Keep)
GCF_024181705.1,False,,Clean,Monoderm (Keep)
GCF_024204945.1,False,,Clean,Monoderm (Keep)
GCF_024205845.1,False,,Clean,Monoderm (Keep)
GCF_024204785.1,False,,Clean,Monoderm (Keep)
GCF_024205325.1,False,,Clean,Monoderm (Keep)
GCF_024205825.1,False,,Clean,Monoderm (Keep)
GCF_024204625.1,False,,Clean,Monoderm (Keep)
GCF_024172325.1,False,,Clean,Monoderm (Keep)
GCF_024195245.1,False,,Clean,Monoderm (Keep)
GCF_024134505.1,False,,Clean,Monoderm (Keep)
GCF_024205865.1,False,,Clean,Monoderm (Keep)
GCF_024205885.1,False,,Clean,Monoderm (Keep)
GCF_024205905.1,False,,Clean,Monoderm (Keep)
GCF_023921665.1,False,,Clean,Monoderm (Keep)
GCF_024205945.1,False,,Clean,Monoderm (Keep)
GCF_024205925.1,False,,Clean,Monoderm (Keep)
GCF_024205965.1,False,,Clean,Monoderm (Keep)
GCF_024134545.1,False,,Clean,Monoderm (Keep)
GCF_024297025.1,False,,Clean,Monoderm (Keep)
GCF_024338845.1,False,,Clean,Monoderm (Keep)
GCF_024397455.1,False,,Clean,Monoderm (Keep)
GCF_024363325.1,False,,Clean,Monoderm (Keep)
GCF_024206695.1,False,,Clean,Monoderm (Keep)
GCF_024363485.1,False,,Clean,Monoderm (Keep)
GCF_024206595.1,False,,Clean,Monoderm (Keep)
GCF_024363385.1,False,,Clean,Monoderm (Keep)
GCF_024206755.1,False,,Clean,Monoderm (Keep)
GCF_024206635.1,False,,Clean,Monoderm (Keep)
GCF_024220135.1,False,,Clean,Monoderm (Keep)
GCF_024206735.1,False,,Clean,Monoderm (Keep)
GCF_024396435.1,False,,Clean,Monoderm (Keep)
GCF_024363305.1,False,,Clean,Monoderm (Keep)
GCF_024339025.1,False,,Clean,Monoderm (Keep)
GCF_024363505.1,False,,Clean,Monoderm (Keep)
GCF_024363445.1,False,,Clean,Monoderm (Keep)
GCF_024396455.1,False,,Clean,Monoderm (Keep)
GCF_024363345.1,False,,Clean,Monoderm (Keep)
GCF_024266825.1,False,,Clean,Monoderm (Keep)
GCF_024397415.1,False,,Clean,Monoderm (Keep)
GCF_024206715.1,False,,Clean,Monoderm (Keep)
GCF_024206675.1,False,,Clean,Monoderm (Keep)
GCF_024206615.1,False,,Clean,Monoderm (Keep)
GCF_024363365.1,False,,Clean,Monoderm (Keep)
GCF_024297045.1,False,,Clean,Monoderm (Keep)
GCF_024363465.1,False,,Clean,Monoderm (Keep)
GCF_024362285.1,False,,Clean,Monoderm (Keep)
GCF_024297005.1,False,,Clean,Monoderm (Keep)
GCF_024297105.1,False,,Clean,Monoderm (Keep)
GCF_024206655.1,False,,Clean,Monoderm (Keep)
GCF_024396815.1,False,,Clean,Monoderm (Keep)
GCF_024380035.1,False,,Clean,Monoderm (Keep)
GCF_024347175.1,False,,Clean,Monoderm (Keep)
GCF_024362305.1,False,,Clean,Monoderm (Keep)
GCF_024321955.1,False,,Clean,Monoderm (Keep)
GCF_024362205.1,False,,Clean,Monoderm (Keep)
GCF_024349805.1,False,,Clean,Monoderm (Keep)
GCF_024396775.1,False,,Clean,Monoderm (Keep)
GCF_024362245.1,False,,Clean,Monoderm (Keep)
GCF_023923245.1,False,,Clean,Monoderm (Keep)
GCF_024299105.1,False,,Clean,Monoderm (Keep)
GCF_024296885.1,False,,Clean,Monoderm (Keep)
GCF_024266895.1,False,,Clean,Monoderm (Keep)
GCF_024397395.1,False,,Clean,Monoderm (Keep)
GCF_024346585.1,False,,Clean,Monoderm (Keep)
GCF_024334065.1,False,,Clean,Monoderm (Keep)
GCF_024220115.1,False,,Clean,Monoderm (Keep)
GCF_024296985.1,False,,Clean,Monoderm (Keep)
GCF_024362365.1,False,,Clean,Monoderm (Keep)
GCF_024220075.1,False,,Clean,Monoderm (Keep)
GCF_024362225.1,False,,Clean,Monoderm (Keep)
GCF_024362325.1,False,,Clean,Monoderm (Keep)
GCF_024296845.1,False,,Clean,Monoderm (Keep)
GCF_024362185.1,False,,Clean,Monoderm (Keep)
GCF_024362265.1,False,,Clean,Monoderm (Keep)
GCF_024296825.1,False,,Clean,Monoderm (Keep)
GCF_024266955.1,False,,Clean,Monoderm (Keep)
GCF_024267595.1,False,,Clean,Monoderm (Keep)
GCF_024220055.1,False,,Clean,Monoderm (Keep)
GCF_024362715.1,False,,Clean,Monoderm (Keep)
GCF_024362765.1,False,,Clean,Monoderm (Keep)
GCF_024362805.1,False,,Clean,Monoderm (Keep)
GCF_024396795.1,False,,Clean,Monoderm (Keep)
GCF_024362785.1,False,,Clean,Monoderm (Keep)
GCF_024266605.1,False,,Clean,Monoderm (Keep)
GCF_024266645.1,False,,Clean,Monoderm (Keep)
GCF_024362385.1,False,,Clean,Monoderm (Keep)
GCF_024397295.1,False,,Clean,Monoderm (Keep)
GCF_024220155.1,False,,Clean,Monoderm (Keep)
GCF_024218535.1,False,,Clean,Monoderm (Keep)
GCF_024219955.1,False,,Clean,Monoderm (Keep)
GCF_024220175.1,False,,Clean,Monoderm (Keep)
GCF_024349765.1,False,,Clean,Monoderm (Keep)
GCF_024297125.1,False,,Clean,Monoderm (Keep)
GCF_024365045.1,False,,Clean,Monoderm (Keep)
GCF_024218735.1,False,,Clean,Monoderm (Keep)
GCF_024397675.1,False,,Clean,Monoderm (Keep)
GCF_024223055.1,False,,Clean,Monoderm (Keep)
GCF_024466835.1,False,,Clean,Monoderm (Keep)
GCF_024582995.1,False,,Clean,Monoderm (Keep)
GCF_024582715.1,False,,Clean,Monoderm (Keep)
GCF_024582775.1,False,,Clean,Monoderm (Keep)
GCF_024498295.1,False,,Clean,Monoderm (Keep)
GCF_024579795.1,False,,Clean,Monoderm (Keep)
GCF_024583035.1,False,,Clean,Monoderm (Keep)
GCF_024582675.1,False,,Clean,Monoderm (Keep)
GCF_024583055.1,False,,Clean,Monoderm (Keep)
GCF_024507815.1,False,,Clean,Monoderm (Keep)
GCF_024498255.1,False,,Clean,Monoderm (Keep)
GCF_024582695.1,False,,Clean,Monoderm (Keep)
GCF_024582795.1,False,,Clean,Monoderm (Keep)
GCF_024397795.1,False,,Clean,Monoderm (Keep)
GCF_024583095.1,False,,Clean,Monoderm (Keep)
GCF_024583015.1,False,,Clean,Monoderm (Keep)
GCF_024498275.1,False,,Clean,Monoderm (Keep)
GCF_024498355.1,False,,Clean,Monoderm (Keep)
GCF_024498235.1,False,,Clean,Monoderm (Keep)
GCF_024498215.1,False,,Clean,Monoderm (Keep)
GCF_024532035.1,False,,Clean,Monoderm (Keep)
GCF_024509915.1,False,,Clean,Monoderm (Keep)
GCF_024442295.1,False,,Clean,Monoderm (Keep)
GCF_024442115.1,False,,Clean,Monoderm (Keep)
GCF_024583115.1,False,,Clean,Monoderm (Keep)
GCF_024579755.1,False,,Clean,Monoderm (Keep)
GCF_024498315.1,False,,Clean,Monoderm (Keep)
GCF_024498615.1,False,,Clean,Monoderm (Keep)
GCF_024507855.1,False,,Clean,Monoderm (Keep)
GCF_024498915.1,False,,Clean,Monoderm (Keep)
GCF_024399395.1,False,,Clean,Monoderm (Keep)
GCF_024399875.1,False,,Clean,Monoderm (Keep)
GCF_024582915.1,False,,Clean,Monoderm (Keep)
GCF_024583135.1,False,,Clean,Monoderm (Keep)
GCF_024498155.1,False,,Clean,Monoderm (Keep)
GCF_024582955.1,False,,Clean,Monoderm (Keep)
GCF_024583075.1,False,,Clean,Monoderm (Keep)
GCF_024453815.1,False,,Clean,Monoderm (Keep)
GCF_024499545.1,False,,Clean,Monoderm (Keep)
GCF_024582975.1,False,,Clean,Monoderm (Keep)
GCF_024582755.1,False,,Clean,Monoderm (Keep)
GCF_024399415.1,False,,Clean,Monoderm (Keep)
GCF_024442315.1,False,,Clean,Monoderm (Keep)
GCF_024442335.1,False,,Clean,Monoderm (Keep)
GCF_024584435.1,False,,Clean,Monoderm (Keep)
GCF_024582935.1,False,,Clean,Monoderm (Keep)
GCF_024453835.1,False,,Clean,Monoderm (Keep)
GCF_024494505.1,False,,Clean,Monoderm (Keep)
GCF_024399375.1,False,,Clean,Monoderm (Keep)
GCF_024399355.1,False,,Clean,Monoderm (Keep)
GCF_024499055.1,False,,Clean,Monoderm (Keep)
GCF_024499075.1,False,,Clean,Monoderm (Keep)
GCF_024399455.1,False,,Clean,Monoderm (Keep)
GCF_024508295.1,False,,Clean,Monoderm (Keep)
GCF_024399335.1,False,,Clean,Monoderm (Keep)
GCF_024399435.1,False,,Clean,Monoderm (Keep)
GCF_024508275.1,False,,Clean,Monoderm (Keep)
GCF_024508335.1,False,,Clean,Monoderm (Keep)
GCF_024398395.1,False,,Clean,Monoderm (Keep)
GCF_024508095.1,False,,Clean,Monoderm (Keep)
GCF_024508175.1,False,,Clean,Monoderm (Keep)
GCF_024499135.1,False,,Clean,Monoderm (Keep)
GCF_024507895.1,False,,Clean,Monoderm (Keep)
GCF_024507835.1,False,,Clean,Monoderm (Keep)
GCF_024507975.1,False,,Clean,Monoderm (Keep)
GCF_024452365.1,False,,Clean,Monoderm (Keep)
GCF_024508195.1,False,,Clean,Monoderm (Keep)
GCF_024408125.1,False,,Clean,Monoderm (Keep)
GCF_024508315.1,False,,Clean,Monoderm (Keep)
GCF_024508135.1,False,,Clean,Monoderm (Keep)
GCF_024453785.1,False,,Clean,Monoderm (Keep)
GCF_024298965.1,False,,Clean,Monoderm (Keep)
GCF_024508215.1,False,,Clean,Monoderm (Keep)
GCF_024510645.1,False,,Clean,Monoderm (Keep)
GCF_024584515.1,False,,Clean,Monoderm (Keep)
GCF_024498635.1,False,,Clean,Monoderm (Keep)
GCF_024584665.1,False,,Clean,Monoderm (Keep)
GCF_024722375.1,False,,Clean,Monoderm (Keep)
GCF_024584625.1,False,,Clean,Monoderm (Keep)
GCF_024584565.1,False,,Clean,Monoderm (Keep)
GCF_024499195.1,False,,Clean,Monoderm (Keep)
GCF_024652885.1,False,,Clean,Monoderm (Keep)
GCF_024637975.1,False,,Clean,Monoderm (Keep)
GCF_024637875.1,False,,Clean,Monoderm (Keep)
GCF_024665315.1,False,,Clean,Monoderm (Keep)
GCF_024665615.1,False,,Clean,Monoderm (Keep)
GCF_024637915.1,False,,Clean,Monoderm (Keep)
GCF_024599915.1,False,,Clean,Monoderm (Keep)
GCF_024665635.1,False,,Clean,Monoderm (Keep)
GCF_024599935.1,False,,Clean,Monoderm (Keep)
GCF_024665435.1,False,,Clean,Monoderm (Keep)
GCF_024599955.1,False,,Clean,Monoderm (Keep)
GCF_024652865.1,False,,Clean,Monoderm (Keep)
GCF_024717335.1,False,,Clean,Monoderm (Keep)
GCF_024665595.1,False,,Clean,Monoderm (Keep)
GCF_024721565.1,False,,Clean,Monoderm (Keep)
GCF_024665815.1,False,,Clean,Monoderm (Keep)
GCF_024652845.1,False,,Clean,Monoderm (Keep)
GCF_024731205.1,False,,Clean,Monoderm (Keep)
GCF_024637935.1,False,,Clean,Monoderm (Keep)
GCF_024730565.1,False,,Clean,Monoderm (Keep)
GCF_024703115.1,False,,Clean,Monoderm (Keep)
GCF_024662235.1,False,,Clean,Monoderm (Keep)
GCF_024665555.1,False,,Clean,Monoderm (Keep)
GCF_024665075.1,False,,Clean,Monoderm (Keep)
GCF_024732405.1,False,,Clean,Monoderm (Keep)
GCF_024665995.1,False,,Clean,Monoderm (Keep)
GCF_024741415.1,False,,Clean,Monoderm (Keep)
GCF_024722515.1,False,,Clean,Monoderm (Keep)
GCF_024665195.1,False,,Clean,Monoderm (Keep)
GCF_024721545.1,False,,Clean,Monoderm (Keep)
GCF_024741375.1,False,,Clean,Monoderm (Keep)
GCF_024741475.1,False,,Clean,Monoderm (Keep)
GCF_024665655.1,False,,Clean,Monoderm (Keep)
GCF_024741435.1,False,,Clean,Monoderm (Keep)
GCF_024741355.1,False,,Clean,Monoderm (Keep)
GCF_024732385.1,False,,Clean,Monoderm (Keep)
GCF_024612055.1,False,,Clean,Monoderm (Keep)
GCF_024734775.1,False,,Clean,Monoderm (Keep)
GCF_024741395.1,False,,Clean,Monoderm (Keep)
GCF_024741455.1,False,,Clean,Monoderm (Keep)
GCF_024610975.1,False,,Clean,Monoderm (Keep)
GCF_024706255.1,False,,Clean,Monoderm (Keep)
GCF_024662055.1,False,,Clean,Monoderm (Keep)
GCF_024637955.1,False,,Clean,Monoderm (Keep)
GCF_024734625.1,False,,Clean,Monoderm (Keep)
GCF_024662135.1,False,,Clean,Monoderm (Keep)
GCF_024722355.1,False,,Clean,Monoderm (Keep)
GCF_024585045.1,False,,Clean,Monoderm (Keep)
GCF_024628845.1,False,,Clean,Monoderm (Keep)
GCF_024600455.1,False,,Clean,Monoderm (Keep)
GCF_024600315.1,False,,Clean,Monoderm (Keep)
GCF_024600015.1,False,,Clean,Monoderm (Keep)
GCF_024665675.1,False,,Clean,Monoderm (Keep)
GCF_024734115.1,False,,Clean,Monoderm (Keep)
GCF_024600715.1,False,,Clean,Monoderm (Keep)
GCF_024741515.1,False,,Clean,Monoderm (Keep)
GCF_024741495.1,False,,Clean,Monoderm (Keep)
GCF_024741535.1,False,,Clean,Monoderm (Keep)
GCF_024703955.1,False,,Clean,Monoderm (Keep)
GCF_024741555.1,False,,Clean,Monoderm (Keep)
GCF_024734405.1,False,,Clean,Monoderm (Keep)
GCF_024662375.1,False,,Clean,Monoderm (Keep)
GCF_024734075.1,False,,Clean,Monoderm (Keep)
GCF_024599995.1,False,,Clean,Monoderm (Keep)
GCF_024600035.1,False,,Clean,Monoderm (Keep)
GCF_024600175.1,False,,Clean,Monoderm (Keep)
GCF_024734895.1,False,,Clean,Monoderm (Keep)
GCF_024611995.1,False,,Clean,Monoderm (Keep)
GCF_024703895.1,False,,Clean,Monoderm (Keep)
GCF_024628825.1,False,,Clean,Monoderm (Keep)
GCF_024612015.1,False,,Clean,Monoderm (Keep)
GCF_024612035.1,False,,Clean,Monoderm (Keep)
GCF_024701375.2,False,,Clean,Monoderm (Keep)
GCF_024666385.1,False,,Clean,Monoderm (Keep)
GCF_024758585.1,False,,Clean,Monoderm (Keep)
GCF_024918955.1,False,,Clean,Monoderm (Keep)
GCF_024758785.1,False,,Clean,Monoderm (Keep)
GCF_024758565.1,False,,Clean,Monoderm (Keep)
GCF_024741635.1,False,,Clean,Monoderm (Keep)
GCF_024741575.1,False,,Clean,Monoderm (Keep)
GCF_024741615.1,False,,Clean,Monoderm (Keep)
GCF_024741675.1,False,,Clean,Monoderm (Keep)
GCF_024741595.1,False,,Clean,Monoderm (Keep)
GCF_024741655.1,False,,Clean,Monoderm (Keep)
GCF_024800105.1,False,,Clean,Monoderm (Keep)
GCF_024927945.1,False,,Clean,Monoderm (Keep)
GCF_024800665.1,False,,Clean,Monoderm (Keep)
GCF_024925485.1,False,,Clean,Monoderm (Keep)
GCF_024758665.1,False,,Clean,Monoderm (Keep)
GCF_024800685.1,False,,Clean,Monoderm (Keep)
GCF_024741695.1,False,,Clean,Monoderm (Keep)
GCF_024918975.1,False,,Clean,Monoderm (Keep)
GCF_024800705.1,False,,Clean,Monoderm (Keep)
GCF_024927865.1,False,,Clean,Monoderm (Keep)
GCF_024758745.1,False,,Clean,Monoderm (Keep)
GCF_024741855.1,False,,Clean,Monoderm (Keep)
GCF_024800585.1,False,,Clean,Monoderm (Keep)
GCF_024968525.1,False,,Clean,Monoderm (Keep)
GCF_024803565.1,False,,Clean,Monoderm (Keep)
GCF_024762155.1,False,,Clean,Monoderm (Keep)
GCF_024762195.1,False,,Clean,Monoderm (Keep)
GCF_024762175.1,False,,Clean,Monoderm (Keep)
GCF_024803585.1,False,,Clean,Monoderm (Keep)
GCF_024741735.1,False,,Clean,Monoderm (Keep)
GCF_024741775.1,False,,Clean,Monoderm (Keep)
GCF_024760465.1,False,,Clean,Monoderm (Keep)
GCF_024803545.1,False,,Clean,Monoderm (Keep)
GCF_024968245.1,False,,Clean,Monoderm (Keep)
GCF_024758645.1,False,,Clean,Monoderm (Keep)
GCF_024757985.1,False,,Clean,Monoderm (Keep)
GCF_024800605.1,False,,Clean,Monoderm (Keep)
GCF_024968285.1,False,,Clean,Monoderm (Keep)
GCF_024968265.1,False,,Clean,Monoderm (Keep)
GCF_024760325.1,False,,Clean,Monoderm (Keep)
GCF_024741715.1,False,,Clean,Monoderm (Keep)
GCF_024968405.1,False,,Clean,Monoderm (Keep)
GCF_024860185.1,False,,Clean,Monoderm (Keep)
GCF_024758005.1,False,,Clean,Monoderm (Keep)
GCF_024800645.1,False,,Clean,Monoderm (Keep)
GCF_024741795.1,False,,Clean,Monoderm (Keep)
GCF_024917115.1,False,,Clean,Monoderm (Keep)
GCF_024917175.1,False,,Clean,Monoderm (Keep)
GCF_024799885.1,False,,Clean,Monoderm (Keep)
GCF_024969365.1,False,,Clean,Monoderm (Keep)
GCF_024757965.1,False,,Clean,Monoderm (Keep)
GCF_024917135.1,False,,Clean,Monoderm (Keep)
GCF_024752515.1,False,,Clean,Monoderm (Keep)
GCF_024802585.1,False,,Clean,Monoderm (Keep)
GCF_024800625.1,False,,Clean,Monoderm (Keep)
GCF_024968705.1,False,,Clean,Monoderm (Keep)
GCF_024969205.1,False,,Clean,Monoderm (Keep)
GCF_024918995.1,False,,Clean,Monoderm (Keep)
GCF_024919115.1,False,,Clean,Monoderm (Keep)
GCF_024969465.1,False,,Clean,Monoderm (Keep)
GCF_024969505.1,False,,Clean,Monoderm (Keep)
GCF_024969565.1,False,,Clean,Monoderm (Keep)
GCF_024969525.1,False,,Clean,Monoderm (Keep)
GCF_024969445.1,False,,Clean,Monoderm (Keep)
GCF_024969545.1,False,,Clean,Monoderm (Keep)
GCF_024969425.1,False,,Clean,Monoderm (Keep)
GCF_024969485.1,False,,Clean,Monoderm (Keep)
GCF_024919095.1,False,,Clean,Monoderm (Keep)
GCF_024758165.1,False,,Clean,Monoderm (Keep)
GCF_024760565.1,False,,Clean,Monoderm (Keep)
GCF_024925505.1,False,,Clean,Monoderm (Keep)
GCF_024969715.1,False,,Clean,Monoderm (Keep)
GCF_024752535.1,False,,Clean,Monoderm (Keep)
GCF_024927925.1,False,,Clean,Monoderm (Keep)
GCF_024969905.1,False,,Clean,Monoderm (Keep)
GCF_025201235.1,False,,Clean,Monoderm (Keep)
GCF_025215665.1,False,,Clean,Monoderm (Keep)
GCF_025137495.1,False,,Clean,Monoderm (Keep)
GCF_025263125.1,False,,Clean,Monoderm (Keep)
GCF_025252385.1,False,,Clean,Monoderm (Keep)
GCF_025232045.1,False,,Clean,Monoderm (Keep)
GCF_025152705.1,False,,Clean,Monoderm (Keep)
GCF_025035865.1,False,,Clean,Monoderm (Keep)
GCF_024971915.1,False,,Clean,Monoderm (Keep)
GCF_025135955.1,False,,Clean,Monoderm (Keep)
GCF_024972555.1,False,,Clean,Monoderm (Keep)
GCF_025021505.1,False,,Clean,Monoderm (Keep)
GCF_024972115.1,False,,Clean,Monoderm (Keep)
GCF_024972415.1,False,,Clean,Monoderm (Keep)
GCF_025244865.1,False,,Clean,Monoderm (Keep)
GCF_025263485.1,False,,Clean,Monoderm (Keep)
GCF_024972275.1,False,,Clean,Monoderm (Keep)
GCF_024970065.1,False,,Clean,Monoderm (Keep)
GCF_025152645.1,False,,Clean,Monoderm (Keep)
GCF_025152685.1,False,,Clean,Monoderm (Keep)
GCF_025150565.1,False,,Clean,Monoderm (Keep)
GCF_025152665.1,False,,Clean,Monoderm (Keep)
GCF_025150895.1,False,,Clean,Monoderm (Keep)
GCF_025149625.1,False,,Clean,Monoderm (Keep)
GCF_025263565.1,False,,Clean,Monoderm (Keep)
GCF_025252265.1,False,,Clean,Monoderm (Keep)
GCF_024971095.1,False,,Clean,Monoderm (Keep)
GCF_024970305.1,False,,Clean,Monoderm (Keep)
GCF_025148445.1,False,,Clean,Monoderm (Keep)
GCF_025150085.1,False,,Clean,Monoderm (Keep)
GCF_025136435.1,False,,Clean,Monoderm (Keep)
GCF_024971995.1,False,,Clean,Monoderm (Keep)
GCF_025148785.1,False,,Clean,Monoderm (Keep)
GCF_025149465.1,False,,Clean,Monoderm (Keep)
GCF_025150745.1,False,,Clean,Monoderm (Keep)
GCF_025147655.1,False,,Clean,Monoderm (Keep)
GCF_025144505.1,False,,Clean,Monoderm (Keep)
GCF_024971975.1,False,,Clean,Monoderm (Keep)
GCF_025146135.1,False,,Clean,Monoderm (Keep)
GCF_025152405.1,False,,Clean,Monoderm (Keep)
GCF_025213355.1,False,,Clean,Monoderm (Keep)
GCF_024970145.1,False,,Clean,Monoderm (Keep)
GCF_025244925.1,False,,Clean,Monoderm (Keep)
GCF_025244845.1,False,,Clean,Monoderm (Keep)
GCF_025147765.1,False,,Clean,Monoderm (Keep)
GCF_025152575.1,False,,Clean,Monoderm (Keep)
GCF_025149785.1,False,,Clean,Monoderm (Keep)
GCF_025263265.1,False,,Clean,Monoderm (Keep)
GCF_025152275.1,False,,Clean,Monoderm (Keep)
GCF_025146005.1,False,,Clean,Monoderm (Keep)
GCF_025149915.1,False,,Clean,Monoderm (Keep)
GCF_024970165.1,False,,Clean,Monoderm (Keep)
GCF_024970125.1,False,,Clean,Monoderm (Keep)
GCF_025244825.1,False,,Clean,Monoderm (Keep)
GCF_025147905.1,False,,Clean,Monoderm (Keep)
GCF_025151995.1,False,,Clean,Monoderm (Keep)
GCF_025150245.1,False,,Clean,Monoderm (Keep)
GCF_025259685.1,False,,Clean,Monoderm (Keep)
GCF_025136135.1,False,,Clean,Monoderm (Keep)
GCF_025148285.1,False,,Clean,Monoderm (Keep)
GCF_025215495.1,False,,Clean,Monoderm (Keep)
GCF_025148125.1,False,,Clean,Monoderm (Keep)
GCF_024972835.1,False,,Clean,Monoderm (Keep)
GCF_025151715.1,False,,Clean,Monoderm (Keep)
GCF_025149125.1,False,,Clean,Monoderm (Keep)
GCF_025263665.1,False,,Clean,Monoderm (Keep)
GCF_025161015.1,False,,Clean,Monoderm (Keep)
GCF_025149285.1,False,,Clean,Monoderm (Keep)
GCF_025264685.1,False,,Clean,Monoderm (Keep)
GCF_024927965.1,False,,Clean,Monoderm (Keep)
GCF_025272815.1,False,,Clean,Monoderm (Keep)
GCF_025272695.1,False,,Clean,Monoderm (Keep)
GCF_025137375.1,False,,Clean,Monoderm (Keep)
GCF_025268675.1,False,,Clean,Monoderm (Keep)
GCF_025163575.1,False,,Clean,Monoderm (Keep)
GCF_025309535.1,False,,Clean,Monoderm (Keep)
GCF_025231465.1,False,,Clean,Monoderm (Keep)
GCF_025264705.1,False,,Clean,Monoderm (Keep)
GCF_025558285.1,False,,Clean,Monoderm (Keep)
GCF_025558265.1,False,,Clean,Monoderm (Keep)
GCF_025558385.1,False,,Clean,Monoderm (Keep)
GCF_025311515.1,False,,Clean,Monoderm (Keep)
GCF_025558685.1,False,,Clean,Monoderm (Keep)
GCF_025558765.1,False,,Clean,Monoderm (Keep)
GCF_025369755.1,False,,Clean,Monoderm (Keep)
GCF_025558705.1,False,,Clean,Monoderm (Keep)
GCF_025558745.1,False,,Clean,Monoderm (Keep)
GCF_025558645.1,False,,Clean,Monoderm (Keep)
GCF_025398055.1,False,,Clean,Monoderm (Keep)
GCF_025402835.1,False,,Clean,Monoderm (Keep)
GCF_025558205.1,False,,Clean,Monoderm (Keep)
GCF_025558945.1,False,,Clean,Monoderm (Keep)
GCF_025449355.1,False,,Clean,Monoderm (Keep)
GCF_025398935.1,False,,Clean,Monoderm (Keep)
GCF_025451935.1,False,,Clean,Monoderm (Keep)
GCF_025558965.1,False,,Clean,Monoderm (Keep)
GCF_025558185.1,False,,Clean,Monoderm (Keep)
GCF_025559005.1,False,,Clean,Monoderm (Keep)
GCF_025452035.1,False,,Clean,Monoderm (Keep)
GCF_025490575.1,False,,Clean,Monoderm (Keep)
GCF_025558225.1,False,,Clean,Monoderm (Keep)
GCF_025451515.1,False,,Clean,Monoderm (Keep)
GCF_025309655.1,False,,Clean,Monoderm (Keep)
GCF_025502505.1,False,,Clean,Monoderm (Keep)
GCF_025398895.1,False,,Clean,Monoderm (Keep)
GCF_025502485.1,False,,Clean,Monoderm (Keep)
GCF_025402855.1,False,,Clean,Monoderm (Keep)
GCF_025558425.1,False,,Clean,Monoderm (Keep)
GCF_025402775.1,False,,Clean,Monoderm (Keep)
GCF_025311455.1,False,,Clean,Monoderm (Keep)
GCF_025558405.1,False,,Clean,Monoderm (Keep)
GCF_025402755.1,False,,Clean,Monoderm (Keep)
GCF_025311475.1,False,,Clean,Monoderm (Keep)
GCF_025402795.1,False,,Clean,Monoderm (Keep)
GCF_025558565.1,False,,Clean,Monoderm (Keep)
GCF_025558605.1,False,,Clean,Monoderm (Keep)
GCF_025402735.1,False,,Clean,Monoderm (Keep)
GCF_025311495.1,False,,Clean,Monoderm (Keep)
GCF_025558525.1,False,,Clean,Monoderm (Keep)
GCF_025558545.1,False,,Clean,Monoderm (Keep)
GCF_025558445.1,False,,Clean,Monoderm (Keep)
GCF_025558585.1,False,,Clean,Monoderm (Keep)
GCF_025558325.1,False,,Clean,Monoderm (Keep)
GCF_025558825.1,False,,Clean,Monoderm (Keep)
GCF_025558905.1,False,,Clean,Monoderm (Keep)
GCF_025558845.1,False,,Clean,Monoderm (Keep)
GCF_025558055.1,False,,Clean,Monoderm (Keep)
GCF_025558865.1,False,,Clean,Monoderm (Keep)
GCF_025558665.1,False,,Clean,Monoderm (Keep)
GCF_025558115.1,False,,Clean,Monoderm (Keep)
GCF_025558305.1,False,,Clean,Monoderm (Keep)
GCF_025558365.1,False,,Clean,Monoderm (Keep)
GCF_025558245.1,False,,Clean,Monoderm (Keep)
GCF_025558785.1,False,,Clean,Monoderm (Keep)
GCF_025558345.1,False,,Clean,Monoderm (Keep)
GCF_025558625.1,False,,Clean,Monoderm (Keep)
GCF_025558805.1,False,,Clean,Monoderm (Keep)
GCF_025558725.1,False,,Clean,Monoderm (Keep)
GCF_025451635.1,False,,Clean,Monoderm (Keep)
GCF_025452095.1,False,,Clean,Monoderm (Keep)
GCF_025559045.1,False,,Clean,Monoderm (Keep)
GCF_025426155.1,False,,Clean,Monoderm (Keep)
GCF_025451795.1,False,,Clean,Monoderm (Keep)
GCF_025309755.1,False,,Clean,Monoderm (Keep)
GCF_025449235.1,False,,Clean,Monoderm (Keep)
GCF_025398035.1,False,,Clean,Monoderm (Keep)
GCF_025273675.1,False,,Clean,Monoderm (Keep)
GCF_025369935.1,False,,Clean,Monoderm (Keep)
GCF_025370975.1,False,,Clean,Monoderm (Keep)
GCF_025264725.1,False,,Clean,Monoderm (Keep)
GCF_025502545.1,False,,Clean,Monoderm (Keep)
GCF_025402955.1,False,,Clean,Monoderm (Keep)
GCF_025559085.1,False,,Clean,Monoderm (Keep)
GCF_025559125.1,False,,Clean,Monoderm (Keep)
GCF_025559165.1,False,,Clean,Monoderm (Keep)
GCF_025559225.1,False,,Clean,Monoderm (Keep)
GCF_025559325.1,False,,Clean,Monoderm (Keep)
GCF_025559265.1,False,,Clean,Monoderm (Keep)
GCF_025559705.1,False,,Clean,Monoderm (Keep)
GCF_025562795.1,False,,Clean,Monoderm (Keep)
GCF_025643635.1,False,,Clean,Monoderm (Keep)
GCF_025559685.1,False,,Clean,Monoderm (Keep)
GCF_025677705.1,False,,Clean,Monoderm (Keep)
GCF_025561605.1,False,,Clean,Monoderm (Keep)
GCF_025559805.1,False,,Clean,Monoderm (Keep)
GCF_025561565.1,False,,Clean,Monoderm (Keep)
GCF_025665415.1,False,,Clean,Monoderm (Keep)
GCF_025561505.1,False,,Clean,Monoderm (Keep)
GCF_025561625.1,False,,Clean,Monoderm (Keep)
GCF_025560845.1,False,,Clean,Monoderm (Keep)
GCF_025559725.1,False,,Clean,Monoderm (Keep)
GCF_025562955.1,False,,Clean,Monoderm (Keep)
GCF_025562815.1,False,,Clean,Monoderm (Keep)
GCF_025559605.1,False,,Clean,Monoderm (Keep)
GCF_025559785.1,False,,Clean,Monoderm (Keep)
GCF_025559565.1,False,,Clean,Monoderm (Keep)
GCF_025559405.1,False,,Clean,Monoderm (Keep)
GCF_025559665.1,False,,Clean,Monoderm (Keep)
GCF_025562895.1,False,,Clean,Monoderm (Keep)
GCF_025562875.1,False,,Clean,Monoderm (Keep)
GCF_025559585.1,False,,Clean,Monoderm (Keep)
GCF_025559625.1,False,,Clean,Monoderm (Keep)
GCF_025560865.1,False,,Clean,Monoderm (Keep)
GCF_025561585.1,False,,Clean,Monoderm (Keep)
GCF_025561445.1,False,,Clean,Monoderm (Keep)
GCF_025559745.1,False,,Clean,Monoderm (Keep)
GCF_025560825.1,False,,Clean,Monoderm (Keep)
GCF_025560905.1,False,,Clean,Monoderm (Keep)
GCF_025561545.1,False,,Clean,Monoderm (Keep)
GCF_025677645.1,False,,Clean,Monoderm (Keep)
GCF_025561465.1,False,,Clean,Monoderm (Keep)
GCF_025559765.1,False,,Clean,Monoderm (Keep)
GCF_025559465.1,False,,Clean,Monoderm (Keep)
GCF_025561645.1,False,,Clean,Monoderm (Keep)
GCF_025665315.1,False,,Clean,Monoderm (Keep)
GCF_025642215.1,False,,Clean,Monoderm (Keep)
GCF_025643315.1,False,,Clean,Monoderm (Keep)
GCF_025665255.1,False,,Clean,Monoderm (Keep)
GCF_025643295.1,False,,Clean,Monoderm (Keep)
GCF_025643055.1,False,,Clean,Monoderm (Keep)
GCF_025559645.1,False,,Clean,Monoderm (Keep)
GCF_025643015.1,False,,Clean,Monoderm (Keep)
GCF_025561165.1,False,,Clean,Monoderm (Keep)
GCF_025643075.1,False,,Clean,Monoderm (Keep)
GCF_025561005.1,False,,Clean,Monoderm (Keep)
GCF_025561025.1,False,,Clean,Monoderm (Keep)
GCF_025643035.1,False,,Clean,Monoderm (Keep)
GCF_025561145.1,False,,Clean,Monoderm (Keep)
GCF_025560965.1,False,,Clean,Monoderm (Keep)
GCF_025560885.1,False,,Clean,Monoderm (Keep)
GCF_025560925.1,False,,Clean,Monoderm (Keep)
GCF_025560945.1,False,,Clean,Monoderm (Keep)
GCF_025561205.1,False,,Clean,Monoderm (Keep)
GCF_025561305.1,False,,Clean,Monoderm (Keep)
GCF_025561265.1,False,,Clean,Monoderm (Keep)
GCF_025560805.1,False,,Clean,Monoderm (Keep)
GCF_025561365.1,False,,Clean,Monoderm (Keep)
GCF_025561085.1,False,,Clean,Monoderm (Keep)
GCF_025561425.1,False,,Clean,Monoderm (Keep)
GCF_025559525.1,False,,Clean,Monoderm (Keep)
GCF_025560785.1,False,,Clean,Monoderm (Keep)
GCF_025561045.1,False,,Clean,Monoderm (Keep)
GCF_025583665.1,False,,Clean,Monoderm (Keep)
GCF_025665275.1,False,,Clean,Monoderm (Keep)
GCF_025643395.1,False,,Clean,Monoderm (Keep)
GCF_025665475.1,False,,Clean,Monoderm (Keep)
GCF_025643595.1,False,,Clean,Monoderm (Keep)
GCF_025677725.1,False,,Clean,Monoderm (Keep)
GCF_025677785.1,False,,Clean,Monoderm (Keep)
GCF_025723165.1,False,,Clean,Monoderm (Keep)
GCF_025725725.1,False,,Clean,Monoderm (Keep)
GCF_025643355.1,False,,Clean,Monoderm (Keep)
GCF_025642175.1,False,,Clean,Monoderm (Keep)
GCF_025722975.1,False,,Clean,Monoderm (Keep)
GCF_025642155.1,False,,Clean,Monoderm (Keep)
GCF_025642135.1,False,,Clean,Monoderm (Keep)
GCF_025720855.1,False,,Clean,Monoderm (Keep)
GCF_025665295.1,False,,Clean,Monoderm (Keep)
GCF_025913655.1,False,,Clean,Monoderm (Keep)
GCF_025958125.1,False,,Clean,Monoderm (Keep)
GCF_025958805.1,False,,Clean,Monoderm (Keep)
GCF_025958785.1,False,,Clean,Monoderm (Keep)
GCF_025913675.1,False,,Clean,Monoderm (Keep)
GCF_025916235.1,False,,Clean,Monoderm (Keep)
GCF_025913595.1,False,,Clean,Monoderm (Keep)
GCF_025946785.1,False,,Clean,Monoderm (Keep)
GCF_025958325.1,False,,Clean,Monoderm (Keep)
GCF_025958825.1,False,,Clean,Monoderm (Keep)
GCF_025946885.1,False,,Clean,Monoderm (Keep)
GCF_025913635.1,False,,Clean,Monoderm (Keep)
GCF_025919745.1,False,,Clean,Monoderm (Keep)
GCF_025913555.1,False,,Clean,Monoderm (Keep)
GCF_025958445.1,False,,Clean,Monoderm (Keep)
GCF_025884515.1,False,,Clean,Monoderm (Keep)
GCF_025809335.1,False,,Clean,Monoderm (Keep)
GCF_025913615.1,False,,Clean,Monoderm (Keep)
GCF_025946905.1,False,,Clean,Monoderm (Keep)
GCF_025919585.1,False,,Clean,Monoderm (Keep)
GCF_025946485.2,False,,Clean,Monoderm (Keep)
GCF_025739325.1,False,,Clean,Monoderm (Keep)
GCF_025948295.1,False,,Clean,Monoderm (Keep)
GCF_025732135.1,False,,Clean,Monoderm (Keep)
GCF_025739165.1,False,,Clean,Monoderm (Keep)
GCF_025946865.1,False,,Clean,Monoderm (Keep)
GCF_025919765.1,False,,Clean,Monoderm (Keep)
GCF_025946945.1,False,,Clean,Monoderm (Keep)
GCF_025946805.1,False,,Clean,Monoderm (Keep)
GCF_025908235.1,False,,Clean,Monoderm (Keep)
GCF_025808195.1,False,,Clean,Monoderm (Keep)
GCF_025946925.1,False,,Clean,Monoderm (Keep)
GCF_025958845.1,False,,Clean,Monoderm (Keep)
GCF_025908255.1,False,,Clean,Monoderm (Keep)
GCF_025958025.1,False,,Clean,Monoderm (Keep)
GCF_025946725.1,False,,Clean,Monoderm (Keep)
GCF_025792455.1,False,,Clean,Monoderm (Keep)
GCF_025854375.1,False,,Clean,Monoderm (Keep)
GCF_025958625.1,False,,Clean,Monoderm (Keep)
GCF_025958065.1,False,,Clean,Monoderm (Keep)
GCF_025808175.1,False,,Clean,Monoderm (Keep)
GCF_025957845.1,False,,Clean,Monoderm (Keep)
GCF_025946745.1,False,,Clean,Monoderm (Keep)
GCF_025958085.1,False,,Clean,Monoderm (Keep)
GCF_025957925.1,False,,Clean,Monoderm (Keep)
GCF_025758395.1,False,,Clean,Monoderm (Keep)
GCF_025905465.1,False,,Clean,Monoderm (Keep)
GCF_025908215.1,False,,Clean,Monoderm (Keep)
GCF_025836995.1,False,,Clean,Monoderm (Keep)
GCF_025758165.1,False,,Clean,Monoderm (Keep)
GCF_025758105.1,False,,Clean,Monoderm (Keep)
GCF_025758205.1,False,,Clean,Monoderm (Keep)
GCF_025758225.1,False,,Clean,Monoderm (Keep)
GCF_025809235.1,False,,Clean,Monoderm (Keep)
GCF_025758185.1,False,,Clean,Monoderm (Keep)
GCF_025813735.1,False,,Clean,Monoderm (Keep)
GCF_025914075.1,False,,Clean,Monoderm (Keep)
GCF_025758145.1,False,,Clean,Monoderm (Keep)
GCF_025758245.1,False,,Clean,Monoderm (Keep)
GCF_025917685.1,False,,Clean,Monoderm (Keep)
GCF_025809355.1,False,,Clean,Monoderm (Keep)
GCF_025914055.1,False,,Clean,Monoderm (Keep)
GCF_025837115.1,False,,Clean,Monoderm (Keep)
GCF_025837095.1,False,,Clean,Monoderm (Keep)
GCF_025809295.1,False,,Clean,Monoderm (Keep)
GCF_025732155.1,False,,Clean,Monoderm (Keep)
GCF_025857215.1,False,,Clean,Monoderm (Keep)
GCF_025917635.1,False,,Clean,Monoderm (Keep)
GCF_025837135.1,False,,Clean,Monoderm (Keep)
GCF_025957665.1,False,,Clean,Monoderm (Keep)
GCF_025809195.1,False,,Clean,Monoderm (Keep)
GCF_025854275.1,False,,Clean,Monoderm (Keep)
GCF_025960345.1,False,,Clean,Monoderm (Keep)
GCF_025958865.1,False,,Clean,Monoderm (Keep)
GCF_025958905.1,False,,Clean,Monoderm (Keep)
GCF_025958885.1,False,,Clean,Monoderm (Keep)
GCF_025958925.1,False,,Clean,Monoderm (Keep)
GCF_025960325.1,False,,Clean,Monoderm (Keep)
GCF_026185255.2,False,,Clean,Monoderm (Keep)
GCF_026194135.2,False,,Clean,Monoderm (Keep)
GCF_026016765.1,False,,Clean,Monoderm (Keep)
GCF_025960385.1,False,,Clean,Monoderm (Keep)
GCF_026167645.1,False,,Clean,Monoderm (Keep)
GCF_026016825.1,False,,Clean,Monoderm (Keep)
GCF_026183435.1,False,,Clean,Monoderm (Keep)
GCF_026016845.1,False,,Clean,Monoderm (Keep)
GCF_026224615.1,False,,Clean,Monoderm (Keep)
GCF_026073455.1,False,,Clean,Monoderm (Keep)
GCF_026013725.1,False,,Clean,Monoderm (Keep)
GCF_026016545.1,False,,Clean,Monoderm (Keep)
GCF_026073115.1,False,,Clean,Monoderm (Keep)
GCF_026073415.1,False,,Clean,Monoderm (Keep)
GCF_026153115.1,False,,Clean,Monoderm (Keep)
GCF_026224755.1,False,,Clean,Monoderm (Keep)
GCF_026073625.1,False,,Clean,Monoderm (Keep)
GCF_025989775.1,False,,Clean,Monoderm (Keep)
GCF_025998395.1,False,,Clean,Monoderm (Keep)
GCF_026153315.1,False,,Clean,Monoderm (Keep)
GCF_026073735.1,False,,Clean,Monoderm (Keep)
GCF_026073435.1,False,,Clean,Monoderm (Keep)
GCF_026000575.1,False,,Clean,Monoderm (Keep)
GCF_026072755.1,False,,Clean,Monoderm (Keep)
GCF_026168515.1,False,,Clean,Monoderm (Keep)
GCF_026073915.1,False,,Clean,Monoderm (Keep)
GCF_026013765.1,False,,Clean,Monoderm (Keep)
GCF_025997915.1,False,,Clean,Monoderm (Keep)
GCF_026224735.1,False,,Clean,Monoderm (Keep)
GCF_026000635.1,False,,Clean,Monoderm (Keep)
GCF_026153295.1,False,,Clean,Monoderm (Keep)
GCF_026183415.1,False,,Clean,Monoderm (Keep)
GCF_026240755.1,False,,Clean,Monoderm (Keep)
GCF_026016405.1,False,,Clean,Monoderm (Keep)
GCF_025962575.1,False,,Clean,Monoderm (Keep)
GCF_026184215.1,False,,Clean,Monoderm (Keep)
GCF_026184355.1,False,,Clean,Monoderm (Keep)
GCF_026073035.1,False,,Clean,Monoderm (Keep)
GCF_026016425.1,False,,Clean,Monoderm (Keep)
GCF_025980045.1,False,,Clean,Monoderm (Keep)
GCF_026278265.1,False,,Clean,Monoderm (Keep)
GCF_026210455.1,False,,Clean,Monoderm (Keep)
GCF_026016385.1,False,,Clean,Monoderm (Keep)
GCF_026167725.1,False,,Clean,Monoderm (Keep)
GCF_026104335.1,False,,Clean,Monoderm (Keep)
GCF_026222675.1,False,,Clean,Monoderm (Keep)
GCF_026240795.1,False,,Clean,Monoderm (Keep)
GCF_025999835.1,False,,Clean,Monoderm (Keep)
GCF_026240815.1,False,,Clean,Monoderm (Keep)
GCF_026013965.1,False,,Clean,Monoderm (Keep)
GCF_026184235.1,False,,Clean,Monoderm (Keep)
GCF_026167765.1,False,,Clean,Monoderm (Keep)
GCF_026151165.2,False,,Clean,Monoderm (Keep)
GCF_026013645.1,False,,Clean,Monoderm (Keep)
GCF_026153615.1,False,,Clean,Monoderm (Keep)
GCF_026210635.1,False,,Clean,Monoderm (Keep)
GCF_026013885.1,False,,Clean,Monoderm (Keep)
GCF_026254485.1,False,,Clean,Monoderm (Keep)
GCF_026210435.1,False,,Clean,Monoderm (Keep)
GCF_026014025.1,False,,Clean,Monoderm (Keep)
GCF_025960305.1,False,,Clean,Monoderm (Keep)
GCF_026167585.1,False,,Clean,Monoderm (Keep)
GCF_026240615.1,False,,Clean,Monoderm (Keep)
GCF_026185275.1,False,,Clean,Monoderm (Keep)
GCF_026240675.1,False,,Clean,Monoderm (Keep)
GCF_026013865.1,False,,Clean,Monoderm (Keep)
GCF_026153475.1,False,,Clean,Monoderm (Keep)
GCF_026153355.1,False,,Clean,Monoderm (Keep)
GCF_025908395.1,False,,Clean,Monoderm (Keep)
GCF_026074015.1,False,,Clean,Monoderm (Keep)
GCF_026167665.1,False,,Clean,Monoderm (Keep)
GCF_026314335.1,False,,Clean,Monoderm (Keep)
GCF_026314295.1,False,,Clean,Monoderm (Keep)
GCF_026278305.1,False,,Clean,Monoderm (Keep)
GCF_026062495.1,False,,Clean,Monoderm (Keep)
GCF_026278325.1,False,,Clean,Monoderm (Keep)
GCF_026409165.1,False,,Clean,Monoderm (Keep)
GCF_026239515.1,False,,Clean,Monoderm (Keep)
GCF_026278285.1,False,,Clean,Monoderm (Keep)
GCF_026239535.1,False,,Clean,Monoderm (Keep)
GCF_026625265.1,False,,Clean,Monoderm (Keep)
GCF_026427695.1,False,,Clean,Monoderm (Keep)
GCF_026428235.1,False,,Clean,Monoderm (Keep)
GCF_026428255.1,False,,Clean,Monoderm (Keep)
GCF_026430575.1,False,,Clean,Monoderm (Keep)
GCF_026427475.1,False,,Clean,Monoderm (Keep)
GCF_026547095.1,False,,Clean,Monoderm (Keep)
GCF_026625445.1,False,,Clean,Monoderm (Keep)
GCF_026427495.1,False,,Clean,Monoderm (Keep)
GCF_026547005.1,False,,Clean,Monoderm (Keep)
GCF_026625485.1,False,,Clean,Monoderm (Keep)
GCF_026427675.1,False,,Clean,Monoderm (Keep)
GCF_026547055.1,False,,Clean,Monoderm (Keep)
GCF_026547185.1,False,,Clean,Monoderm (Keep)
GCF_026547075.1,False,,Clean,Monoderm (Keep)
GCF_026625325.1,False,,Clean,Monoderm (Keep)
GCF_026427555.1,False,,Clean,Monoderm (Keep)
GCF_026427535.1,False,,Clean,Monoderm (Keep)
GCF_026427435.1,False,,Clean,Monoderm (Keep)
GCF_026625225.1,False,,Clean,Monoderm (Keep)
GCF_026427575.1,False,,Clean,Monoderm (Keep)
GCF_026625345.1,False,,Clean,Monoderm (Keep)
GCF_026547035.1,False,,Clean,Monoderm (Keep)
GCF_026427455.1,False,,Clean,Monoderm (Keep)
GCF_026625205.1,False,,Clean,Monoderm (Keep)
GCF_026546985.1,False,,Clean,Monoderm (Keep)
GCF_026625065.1,False,,Clean,Monoderm (Keep)
GCF_026547205.1,False,,Clean,Monoderm (Keep)
GCF_026427515.1,False,,Clean,Monoderm (Keep)
GCF_026625045.1,False,,Clean,Monoderm (Keep)
GCF_026547145.1,False,,Clean,Monoderm (Keep)
GCF_026559675.1,False,,Clean,Monoderm (Keep)
GCF_026547225.1,False,,Clean,Monoderm (Keep)
GCF_026410065.1,False,,Clean,Monoderm (Keep)
GCF_026410045.1,False,,Clean,Monoderm (Keep)
GCF_026625245.1,False,,Clean,Monoderm (Keep)
GCF_026625465.1,False,,Clean,Monoderm (Keep)
GCF_026625305.1,False,,Clean,Monoderm (Keep)
GCF_026625365.1,False,,Clean,Monoderm (Keep)
GCF_026625385.1,False,,Clean,Monoderm (Keep)
GCF_026625405.1,False,,Clean,Monoderm (Keep)
GCF_026625285.1,False,,Clean,Monoderm (Keep)
GCF_026427775.1,False,,Clean,Monoderm (Keep)
GCF_026647725.1,False,,Clean,Monoderm (Keep)
GCF_026559715.1,False,,Clean,Monoderm (Keep)
GCF_026625945.1,False,,Clean,Monoderm (Keep)
GCF_026559735.1,False,,Clean,Monoderm (Keep)
GCF_026647855.1,False,,Clean,Monoderm (Keep)
GCF_026559775.1,False,,Clean,Monoderm (Keep)
GCF_026625525.1,False,,Clean,Monoderm (Keep)
GCF_026626025.1,False,,Clean,Monoderm (Keep)
GCF_026648075.1,False,,Clean,Monoderm (Keep)
GCF_026625965.1,False,,Clean,Monoderm (Keep)
GCF_026639055.1,False,,Clean,Monoderm (Keep)
GCF_026647995.1,False,,Clean,Monoderm (Keep)
GCF_026559755.1,False,,Clean,Monoderm (Keep)
GCF_026636215.1,False,,Clean,Monoderm (Keep)
GCF_026625505.1,False,,Clean,Monoderm (Keep)
GCF_026559795.1,False,,Clean,Monoderm (Keep)
GCF_026625925.1,False,,Clean,Monoderm (Keep)
GCF_026639155.1,False,,Clean,Monoderm (Keep)
GCF_026625545.1,False,,Clean,Monoderm (Keep)
GCF_026648185.1,False,,Clean,Monoderm (Keep)
GCF_026648235.1,False,,Clean,Monoderm (Keep)
GCF_026427415.1,False,,Clean,Monoderm (Keep)
GCF_026635925.1,False,,Clean,Monoderm (Keep)
GCF_026642235.1,False,,Clean,Monoderm (Keep)
GCF_026625985.1,False,,Clean,Monoderm (Keep)
GCF_026636035.1,False,,Clean,Monoderm (Keep)
GCF_026626005.1,False,,Clean,Monoderm (Keep)
GCF_026648415.1,False,,Clean,Monoderm (Keep)
GCF_026642255.1,False,,Clean,Monoderm (Keep)
GCF_026650265.1,False,,Clean,Monoderm (Keep)
GCF_026650245.1,False,,Clean,Monoderm (Keep)
GCF_026650345.1,False,,Clean,Monoderm (Keep)
GCF_026650325.1,False,,Clean,Monoderm (Keep)
GCF_026648355.1,False,,Clean,Monoderm (Keep)
GCF_026650305.1,False,,Clean,Monoderm (Keep)
GCF_026648315.1,False,,Clean,Monoderm (Keep)
GCF_026650285.1,False,,Clean,Monoderm (Keep)
GCF_026692645.1,False,,Clean,Monoderm (Keep)
GCF_026821955.1,False,,Clean,Monoderm (Keep)
GCF_026651025.1,False,,Clean,Monoderm (Keep)
GCF_026689375.1,False,,Clean,Monoderm (Keep)
GCF_026683955.1,False,,Clean,Monoderm (Keep)
GCF_026650905.1,False,,Clean,Monoderm (Keep)
GCF_026802365.1,False,,Clean,Monoderm (Keep)
GCF_026650985.1,False,,Clean,Monoderm (Keep)
GCF_026802385.1,False,,Clean,Monoderm (Keep)
GCF_026651605.1,False,,Clean,Monoderm (Keep)
GCF_026651935.1,False,,Clean,Monoderm (Keep)
GCF_026723865.1,False,,Clean,Monoderm (Keep)
GCF_026684175.1,False,,Clean,Monoderm (Keep)
GCF_026683935.1,False,,Clean,Monoderm (Keep)
GCF_026651005.1,False,,Clean,Monoderm (Keep)
GCF_026651875.1,False,,Clean,Monoderm (Keep)
GCF_026740115.1,False,,Clean,Monoderm (Keep)
GCF_026683895.1,False,,Clean,Monoderm (Keep)
GCF_026650945.1,False,,Clean,Monoderm (Keep)
GCF_026810245.1,False,,Clean,Monoderm (Keep)
GCF_026683915.1,False,,Clean,Monoderm (Keep)
GCF_026650765.1,False,,Clean,Monoderm (Keep)
GCF_026650645.1,False,,Clean,Monoderm (Keep)
GCF_026650805.1,False,,Clean,Monoderm (Keep)
GCF_026740135.1,False,,Clean,Monoderm (Keep)
GCF_026651045.1,False,,Clean,Monoderm (Keep)
GCF_026650525.1,False,,Clean,Monoderm (Keep)
GCF_026650625.1,False,,Clean,Monoderm (Keep)
GCF_026650705.1,False,,Clean,Monoderm (Keep)
GCF_026650685.1,False,,Clean,Monoderm (Keep)
GCF_026650965.1,False,,Clean,Monoderm (Keep)
GCF_026650885.1,False,,Clean,Monoderm (Keep)
GCF_026810225.1,False,,Clean,Monoderm (Keep)
GCF_026650445.1,False,,Clean,Monoderm (Keep)
GCF_026650825.1,False,,Clean,Monoderm (Keep)
GCF_026650565.1,False,,Clean,Monoderm (Keep)
GCF_026650425.1,False,,Clean,Monoderm (Keep)
GCF_026650745.1,False,,Clean,Monoderm (Keep)
GCF_026650385.1,False,,Clean,Monoderm (Keep)
GCF_026650665.1,False,,Clean,Monoderm (Keep)
GCF_026650485.1,False,,Clean,Monoderm (Keep)
GCF_026650605.1,False,,Clean,Monoderm (Keep)
GCF_026650545.1,False,,Clean,Monoderm (Keep)
GCF_026650845.1,False,,Clean,Monoderm (Keep)
GCF_026650365.1,False,,Clean,Monoderm (Keep)
GCF_026650725.1,False,,Clean,Monoderm (Keep)
GCF_026650585.1,False,,Clean,Monoderm (Keep)
GCF_026650405.1,False,,Clean,Monoderm (Keep)
GCF_026650465.1,False,,Clean,Monoderm (Keep)
GCF_026650785.1,False,,Clean,Monoderm (Keep)
GCF_026802075.1,False,,Clean,Monoderm (Keep)
GCF_026723765.1,False,,Clean,Monoderm (Keep)
GCF_026727575.1,False,,Clean,Monoderm (Keep)
GCF_026723805.1,False,,Clean,Monoderm (Keep)
GCF_026723705.1,False,,Clean,Monoderm (Keep)
GCF_026684155.1,False,,Clean,Monoderm (Keep)
GCF_026727615.1,False,,Clean,Monoderm (Keep)
GCF_026689315.1,False,,Clean,Monoderm (Keep)
GCF_026651955.1,False,,Clean,Monoderm (Keep)
GCF_026802115.1,False,,Clean,Monoderm (Keep)
GCF_026802215.1,False,,Clean,Monoderm (Keep)
GCF_026802195.1,False,,Clean,Monoderm (Keep)
GCF_026914285.1,False,,Clean,Monoderm (Keep)
GCF_026871175.1,False,,Clean,Monoderm (Keep)
GCF_026898175.1,False,,Clean,Monoderm (Keep)
GCF_026898095.1,False,,Clean,Monoderm (Keep)
GCF_026810085.1,False,,Clean,Monoderm (Keep)
GCF_026810505.1,False,,Clean,Monoderm (Keep)
GCF_027627555.1,False,,Clean,Monoderm (Keep)
GCF_027474505.1,False,,Clean,Monoderm (Keep)
GCF_026967635.1,False,,Clean,Monoderm (Keep)
GCF_027286245.1,False,,Clean,Monoderm (Keep)
GCF_026967595.1,False,,Clean,Monoderm (Keep)
GCF_026976315.1,False,,Clean,Monoderm (Keep)
GCF_027474905.1,False,,Clean,Monoderm (Keep)
GCF_027474925.1,False,,Clean,Monoderm (Keep)
GCF_026967675.1,False,,Clean,Monoderm (Keep)
GCF_027474865.2,False,,Clean,Monoderm (Keep)
GCF_027125355.1,False,,Clean,Monoderm (Keep)
GCF_026976295.1,False,,Clean,Monoderm (Keep)
GCF_026967535.1,False,,Clean,Monoderm (Keep)
GCF_026898115.1,False,,Clean,Monoderm (Keep)
GCF_027171405.1,False,,Clean,Monoderm (Keep)
GCF_026976255.1,False,,Clean,Monoderm (Keep)
GCF_027186265.1,False,,Clean,Monoderm (Keep)
GCF_026914305.1,False,,Clean,Monoderm (Keep)
GCF_026976075.1,False,,Clean,Monoderm (Keep)
GCF_026975895.1,False,,Clean,Monoderm (Keep)
GCF_026970855.1,False,,Clean,Monoderm (Keep)
GCF_027625395.1,False,,Clean,Monoderm (Keep)
GCF_027247405.1,False,,Clean,Monoderm (Keep)
GCF_027721405.1,False,,Clean,Monoderm (Keep)
GCF_027557675.1,False,,Clean,Monoderm (Keep)
GCF_027558615.1,False,,Clean,Monoderm (Keep)
GCF_027474465.1,False,,Clean,Monoderm (Keep)
GCF_027594765.1,False,,Clean,Monoderm (Keep)
GCF_027558075.1,False,,Clean,Monoderm (Keep)
GCF_027497435.1,False,,Clean,Monoderm (Keep)
GCF_027475025.1,False,,Clean,Monoderm (Keep)
GCF_027594625.1,False,,Clean,Monoderm (Keep)
GCF_027474945.1,False,,Clean,Monoderm (Keep)
GCF_027627495.1,False,,Clean,Monoderm (Keep)
GCF_027474985.1,False,,Clean,Monoderm (Keep)
GCF_027474965.1,False,,Clean,Monoderm (Keep)
GCF_027557755.1,False,,Clean,Monoderm (Keep)
GCF_027475005.1,False,,Clean,Monoderm (Keep)
GCF_027557735.1,False,,Clean,Monoderm (Keep)
GCF_027504005.1,False,,Clean,Monoderm (Keep)
GCF_027557955.1,False,,Clean,Monoderm (Keep)
GCF_027504065.1,False,,Clean,Monoderm (Keep)
GCF_027563115.1,False,,Clean,Monoderm (Keep)
GCF_027504085.1,False,,Clean,Monoderm (Keep)
GCF_027271175.1,False,,Clean,Monoderm (Keep)
GCF_027594505.1,False,,Clean,Monoderm (Keep)
GCF_027504105.1,False,,Clean,Monoderm (Keep)
GCF_027557615.1,False,,Clean,Monoderm (Keep)
GCF_027503885.1,False,,Clean,Monoderm (Keep)
GCF_027569975.1,False,,Clean,Monoderm (Keep)
GCF_027594385.1,False,,Clean,Monoderm (Keep)
GCF_027594445.1,False,,Clean,Monoderm (Keep)
GCF_027625435.1,False,,Clean,Monoderm (Keep)
GCF_027594525.1,False,,Clean,Monoderm (Keep)
GCF_027594565.1,False,,Clean,Monoderm (Keep)
GCF_027627725.1,False,,Clean,Monoderm (Keep)
GCF_027626015.1,False,,Clean,Monoderm (Keep)
GCF_027857035.1,False,,Clean,Monoderm (Keep)
GCF_027570695.1,False,,Clean,Monoderm (Keep)
GCF_027627575.1,False,,Clean,Monoderm (Keep)
GCF_027627475.1,False,,Clean,Monoderm (Keep)
GCF_027594365.1,False,,Clean,Monoderm (Keep)
GCF_027627745.1,False,,Clean,Monoderm (Keep)
GCF_027625975.1,False,,Clean,Monoderm (Keep)
GCF_027627765.1,False,,Clean,Monoderm (Keep)
GCF_027497495.1,False,,Clean,Monoderm (Keep)
GCF_027107535.1,False,,Clean,Monoderm (Keep)
GCF_027942315.1,False,,Clean,Monoderm (Keep)
GCF_027626975.1,False,,Clean,Monoderm (Keep)
GCF_027625935.1,False,,Clean,Monoderm (Keep)
GCF_027886475.1,False,,Clean,Monoderm (Keep)
GCF_027912415.1,False,,Clean,Monoderm (Keep)
GCF_027912355.1,False,,Clean,Monoderm (Keep)
GCF_027497475.1,False,,Clean,Monoderm (Keep)
GCF_027270315.1,False,,Clean,Monoderm (Keep)
GCF_027923845.1,False,,Clean,Monoderm (Keep)
GCF_027944555.1,False,,Clean,Monoderm (Keep)
GCF_028335365.1,False,,Clean,Monoderm (Keep)
GCF_028215935.1,False,,Clean,Monoderm (Keep)
GCF_028335325.1,False,,Clean,Monoderm (Keep)
GCF_028335165.1,False,,Clean,Monoderm (Keep)
GCF_028201575.1,False,,Clean,Monoderm (Keep)
GCF_028131645.1,False,,Clean,Monoderm (Keep)
GCF_027942255.1,False,,Clean,Monoderm (Keep)
GCF_027944535.1,False,,Clean,Monoderm (Keep)
GCF_027920385.1,False,,Clean,Monoderm (Keep)
GCF_027920405.1,False,,Clean,Monoderm (Keep)
GCF_028201595.1,False,,Clean,Monoderm (Keep)
GCF_028335345.1,False,,Clean,Monoderm (Keep)
GCF_027942035.1,False,,Clean,Monoderm (Keep)
GCF_027921445.1,False,,Clean,Monoderm (Keep)
GCF_027924525.1,False,,Clean,Monoderm (Keep)
GCF_027943665.1,False,,Clean,Monoderm (Keep)
GCF_027943825.1,False,,Clean,Monoderm (Keep)
GCF_028215815.1,False,,Clean,Monoderm (Keep)
GCF_028201535.1,False,,Clean,Monoderm (Keep)
GCF_027945475.1,False,,Clean,Monoderm (Keep)
GCF_027943765.1,False,,Clean,Monoderm (Keep)
GCF_028201455.1,False,,Clean,Monoderm (Keep)
GCF_028201435.1,False,,Clean,Monoderm (Keep)
GCF_027943785.1,False,,Clean,Monoderm (Keep)
GCF_027942055.1,False,,Clean,Monoderm (Keep)
GCF_027915235.1,False,,Clean,Monoderm (Keep)
GCF_027945155.1,False,,Clean,Monoderm (Keep)
GCF_027943845.1,False,,Clean,Monoderm (Keep)
GCF_027942455.1,False,,Clean,Monoderm (Keep)
GCF_028021195.1,False,,Clean,Monoderm (Keep)
GCF_027943805.1,False,,Clean,Monoderm (Keep)
GCF_028198145.1,False,,Clean,Monoderm (Keep)
GCF_027943925.1,False,,Clean,Monoderm (Keep)
GCF_027943905.1,False,,Clean,Monoderm (Keep)
GCF_027942275.1,False,,Clean,Monoderm (Keep)
GCF_027941655.1,False,,Clean,Monoderm (Keep)
GCF_027923485.1,False,,Clean,Monoderm (Keep)
GCF_027912555.1,False,,Clean,Monoderm (Keep)
GCF_027942375.1,False,,Clean,Monoderm (Keep)
GCF_027942415.1,False,,Clean,Monoderm (Keep)
GCF_027920485.1,False,,Clean,Monoderm (Keep)
GCF_028335145.1,False,,Clean,Monoderm (Keep)
GCF_028335305.1,False,,Clean,Monoderm (Keep)
GCF_028335285.1,False,,Clean,Monoderm (Keep)
GCF_028335205.1,False,,Clean,Monoderm (Keep)
GCF_027945115.1,False,,Clean,Monoderm (Keep)
GCF_028335185.1,False,,Clean,Monoderm (Keep)
GCF_028335265.1,False,,Clean,Monoderm (Keep)
GCF_027942435.1,False,,Clean,Monoderm (Keep)
GCF_028335245.1,False,,Clean,Monoderm (Keep)
GCF_028335225.1,False,,Clean,Monoderm (Keep)
GCF_027943945.1,False,,Clean,Monoderm (Keep)
GCF_028201555.1,False,,Clean,Monoderm (Keep)
GCF_027942355.1,False,,Clean,Monoderm (Keep)
GCF_027942395.1,False,,Clean,Monoderm (Keep)
GCF_027938815.1,False,,Clean,Monoderm (Keep)
GCF_027924465.1,False,,Clean,Monoderm (Keep)
GCF_027924275.1,False,,Clean,Monoderm (Keep)
GCF_027947515.1,False,,Clean,Monoderm (Keep)
GCF_027942015.1,False,,Clean,Monoderm (Keep)
GCF_028226775.1,False,,Clean,Monoderm (Keep)
GCF_027924345.1,False,,Clean,Monoderm (Keep)
GCF_027924405.1,False,,Clean,Monoderm (Keep)
GCF_027947595.1,False,,Clean,Monoderm (Keep)
GCF_028335445.1,False,,Clean,Monoderm (Keep)
GCF_028335385.1,False,,Clean,Monoderm (Keep)
GCF_028335425.1,False,,Clean,Monoderm (Keep)
GCF_028335465.1,False,,Clean,Monoderm (Keep)
GCF_028335405.1,False,,Clean,Monoderm (Keep)
GCF_028198125.1,False,,Clean,Monoderm (Keep)
GCF_028335585.1,False,,Clean,Monoderm (Keep)
GCF_028335565.1,False,,Clean,Monoderm (Keep)
GCF_028335605.1,False,,Clean,Monoderm (Keep)
GCF_028335505.1,False,,Clean,Monoderm (Keep)
GCF_028335545.1,False,,Clean,Monoderm (Keep)
GCF_028335525.1,False,,Clean,Monoderm (Keep)
GCF_028335485.1,False,,Clean,Monoderm (Keep)
GCF_028335625.1,False,,Clean,Monoderm (Keep)
GCF_028335765.1,False,,Clean,Monoderm (Keep)
GCF_028335705.1,False,,Clean,Monoderm (Keep)
GCF_028416655.1,False,,Clean,Monoderm (Keep)
GCF_028463945.1,False,,Clean,Monoderm (Keep)
GCF_028335665.1,False,,Clean,Monoderm (Keep)
GCF_028335685.1,False,,Clean,Monoderm (Keep)
GCF_028471605.1,False,,Clean,Monoderm (Keep)
GCF_028463965.1,False,,Clean,Monoderm (Keep)
GCF_028416675.1,False,,Clean,Monoderm (Keep)
GCF_028532705.1,False,,Clean,Monoderm (Keep)
GCF_028335645.1,False,,Clean,Monoderm (Keep)
GCF_028335725.1,False,,Clean,Monoderm (Keep)
GCF_028356755.1,False,,Clean,Monoderm (Keep)
GCF_028370255.1,False,,Clean,Monoderm (Keep)
GCF_028370275.1,False,,Clean,Monoderm (Keep)
GCF_028463905.1,False,,Clean,Monoderm (Keep)
GCF_028421645.1,False,,Clean,Monoderm (Keep)
GCF_028370235.1,False,,Clean,Monoderm (Keep)
GCF_028370195.1,False,,Clean,Monoderm (Keep)
GCF_028370295.1,False,,Clean,Monoderm (Keep)
GCF_028370215.1,False,,Clean,Monoderm (Keep)
GCF_028472845.1,False,,Clean,Monoderm (Keep)
GCF_028583525.1,False,,Clean,Monoderm (Keep)
GCF_028475085.1,False,,Clean,Monoderm (Keep)
GCF_028541125.1,False,,Clean,Monoderm (Keep)
GCF_028541345.1,False,,Clean,Monoderm (Keep)
GCF_028541365.1,False,,Clean,Monoderm (Keep)
GCF_028583725.1,False,,Clean,Monoderm (Keep)
GCF_028532485.1,False,,Clean,Monoderm (Keep)
GCF_028541405.1,False,,Clean,Monoderm (Keep)
GCF_028541565.1,False,,Clean,Monoderm (Keep)
GCF_028471905.1,False,,Clean,Monoderm (Keep)
GCF_028541545.1,False,,Clean,Monoderm (Keep)
GCF_028583245.1,False,,Clean,Monoderm (Keep)
GCF_028463885.1,False,,Clean,Monoderm (Keep)
GCF_028583285.1,False,,Clean,Monoderm (Keep)
GCF_028541385.1,False,,Clean,Monoderm (Keep)
GCF_028583145.1,False,,Clean,Monoderm (Keep)
GCF_028583305.1,False,,Clean,Monoderm (Keep)
GCF_028532465.1,False,,Clean,Monoderm (Keep)
GCF_028541425.1,False,,Clean,Monoderm (Keep)
GCF_028471965.1,False,,Clean,Monoderm (Keep)
GCF_028583165.1,False,,Clean,Monoderm (Keep)
GCF_028540525.1,False,,Clean,Monoderm (Keep)
GCF_028463925.1,False,,Clean,Monoderm (Keep)
GCF_028583125.1,False,,Clean,Monoderm (Keep)
GCF_028541585.1,False,,Clean,Monoderm (Keep)
GCF_028356935.1,False,,Clean,Monoderm (Keep)
GCF_028583265.1,False,,Clean,Monoderm (Keep)
GCF_028583185.1,False,,Clean,Monoderm (Keep)
GCF_028583205.1,False,,Clean,Monoderm (Keep)
GCF_028416635.1,False,,Clean,Monoderm (Keep)
GCF_028583225.1,False,,Clean,Monoderm (Keep)
GCF_028471985.1,False,,Clean,Monoderm (Keep)
GCF_028475105.1,False,,Clean,Monoderm (Keep)
GCF_028451225.2,False,,Clean,Monoderm (Keep)
GCF_028473745.1,False,,Clean,Monoderm (Keep)
GCF_028596045.1,False,,Clean,Monoderm (Keep)
GCF_028596145.1,False,,Clean,Monoderm (Keep)
GCF_028421465.1,False,,Clean,Monoderm (Keep)
GCF_028596125.1,False,,Clean,Monoderm (Keep)
GCF_028554415.1,False,,Clean,Monoderm (Keep)
GCF_028583325.1,False,,Clean,Monoderm (Keep)
GCF_028621735.1,False,,Clean,Monoderm (Keep)
GCF_028596245.1,False,,Clean,Monoderm (Keep)
GCF_028596165.1,False,,Clean,Monoderm (Keep)
GCF_028464045.1,False,,Clean,Monoderm (Keep)
GCF_028622855.1,False,,Clean,Monoderm (Keep)
GCF_028736235.1,False,,Clean,Monoderm (Keep)
GCF_028673515.1,False,,Clean,Monoderm (Keep)
GCF_028607025.1,False,,Clean,Monoderm (Keep)
GCF_028609745.1,False,,Clean,Monoderm (Keep)
GCF_028621815.1,False,,Clean,Monoderm (Keep)
GCF_028743615.1,False,,Clean,Monoderm (Keep)
GCF_028621775.1,False,,Clean,Monoderm (Keep)
GCF_028609725.1,False,,Clean,Monoderm (Keep)
GCF_028621755.1,False,,Clean,Monoderm (Keep)
GCF_028609845.1,False,,Clean,Monoderm (Keep)
GCF_028743295.1,False,,Clean,Monoderm (Keep)
GCF_028743095.1,False,,Clean,Monoderm (Keep)
GCF_028622815.1,False,,Clean,Monoderm (Keep)
GCF_028609825.1,False,,Clean,Monoderm (Keep)
GCF_028609805.1,False,,Clean,Monoderm (Keep)
GCF_028622835.1,False,,Clean,Monoderm (Keep)
GCF_028609865.1,False,,Clean,Monoderm (Keep)
GCF_028743395.1,False,,Clean,Monoderm (Keep)
GCF_028607005.1,False,,Clean,Monoderm (Keep)
GCF_028674005.1,False,,Clean,Monoderm (Keep)
GCF_028743455.1,False,,Clean,Monoderm (Keep)
GCF_028622795.1,False,,Clean,Monoderm (Keep)
GCF_028743535.1,False,,Clean,Monoderm (Keep)
GCF_028674095.1,False,,Clean,Monoderm (Keep)
GCF_028673915.1,False,,Clean,Monoderm (Keep)
GCF_028598965.2,False,,Clean,Monoderm (Keep)
GCF_028609885.1,False,,Clean,Monoderm (Keep)
GCF_028673815.1,False,,Clean,Monoderm (Keep)
GCF_028743495.1,False,,Clean,Monoderm (Keep)
GCF_028743315.1,False,,Clean,Monoderm (Keep)
GCF_028609625.1,False,,Clean,Monoderm (Keep)
GCF_028606985.1,False,,Clean,Monoderm (Keep)
GCF_028743735.1,False,,Clean,Monoderm (Keep)
GCF_028867175.1,False,,Clean,Monoderm (Keep)
GCF_028736055.1,False,,Clean,Monoderm (Keep)
GCF_028752615.1,False,,Clean,Monoderm (Keep)
GCF_028751645.1,False,,Clean,Monoderm (Keep)
GCF_028607045.1,False,,Clean,Monoderm (Keep)
GCF_028867825.1,False,,Clean,Monoderm (Keep)
GCF_028752635.1,False,,Clean,Monoderm (Keep)
GCF_028748305.1,False,,Clean,Monoderm (Keep)
GCF_028867705.1,False,,Clean,Monoderm (Keep)
GCF_028768485.1,False,,Clean,Monoderm (Keep)
GCF_028747625.1,False,,Clean,Monoderm (Keep)
GCF_028747645.1,False,,Clean,Monoderm (Keep)
GCF_028743575.1,False,,Clean,Monoderm (Keep)
GCF_028867355.1,False,,Clean,Monoderm (Keep)
GCF_028743715.1,False,,Clean,Monoderm (Keep)
GCF_028747805.1,False,,Clean,Monoderm (Keep)
GCF_028751525.1,False,,Clean,Monoderm (Keep)
GCF_028768425.1,False,,Clean,Monoderm (Keep)
GCF_028735875.1,False,,Clean,Monoderm (Keep)
GCF_028752235.1,False,,Clean,Monoderm (Keep)
GCF_028736095.1,False,,Clean,Monoderm (Keep)
GCF_028748025.1,False,,Clean,Monoderm (Keep)
GCF_028869445.1,False,,Clean,Monoderm (Keep)
GCF_028751195.1,False,,Clean,Monoderm (Keep)
GCF_028751835.1,False,,Clean,Monoderm (Keep)
GCF_028747665.1,False,,Clean,Monoderm (Keep)
GCF_028747685.1,False,,Clean,Monoderm (Keep)
GCF_028747985.1,False,,Clean,Monoderm (Keep)
GCF_028751175.1,False,,Clean,Monoderm (Keep)
GCF_028751625.1,False,,Clean,Monoderm (Keep)
GCF_028870515.1,False,,Clean,Monoderm (Keep)
GCF_028751565.1,False,,Clean,Monoderm (Keep)
GCF_028771845.1,False,,Clean,Monoderm (Keep)
GCF_028622875.1,False,,Clean,Monoderm (Keep)
GCF_028768405.1,False,,Clean,Monoderm (Keep)
GCF_028747205.1,False,,Clean,Monoderm (Keep)
GCF_028752555.1,False,,Clean,Monoderm (Keep)
GCF_028870335.1,False,,Clean,Monoderm (Keep)
GCF_028872195.1,False,,Clean,Monoderm (Keep)
GCF_029023685.1,False,,Clean,Monoderm (Keep)
GCF_028994255.1,False,,Clean,Monoderm (Keep)
GCF_029011235.1,False,,Clean,Monoderm (Keep)
GCF_029011805.1,False,,Clean,Monoderm (Keep)
GCF_029023865.1,False,,Clean,Monoderm (Keep)
GCF_029011455.1,False,,Clean,Monoderm (Keep)
GCF_029024465.1,False,,Clean,Monoderm (Keep)
GCF_028884855.1,False,,Clean,Monoderm (Keep)
GCF_029011415.1,False,,Clean,Monoderm (Keep)
GCF_029010235.1,False,,Clean,Monoderm (Keep)
GCF_029011355.1,False,,Clean,Monoderm (Keep)
GCF_029024305.1,False,,Clean,Monoderm (Keep)
GCF_029023945.1,False,,Clean,Monoderm (Keep)
GCF_029011215.1,False,,Clean,Monoderm (Keep)
GCF_029011785.1,False,,Clean,Monoderm (Keep)
GCF_029024625.1,False,,Clean,Monoderm (Keep)
GCF_028993695.1,False,,Clean,Monoderm (Keep)
GCF_028891525.1,False,,Clean,Monoderm (Keep)
GCF_029011275.1,False,,Clean,Monoderm (Keep)
GCF_029011475.1,False,,Clean,Monoderm (Keep)
GCF_029024945.1,False,,Clean,Monoderm (Keep)
GCF_029023785.1,False,,Clean,Monoderm (Keep)
GCF_029011255.1,False,,Clean,Monoderm (Keep)
GCF_028885435.1,False,,Clean,Monoderm (Keep)
GCF_029024965.1,False,,Clean,Monoderm (Keep)
GCF_029011495.1,False,,Clean,Monoderm (Keep)
GCF_029024805.1,False,,Clean,Monoderm (Keep)
GCF_029000425.1,False,,Clean,Monoderm (Keep)
GCF_028877475.1,False,,Clean,Monoderm (Keep)
GCF_028994155.1,False,,Clean,Monoderm (Keep)
GCF_028994175.1,False,,Clean,Monoderm (Keep)
GCF_028891465.1,False,,Clean,Monoderm (Keep)
GCF_029023765.1,False,,Clean,Monoderm (Keep)
GCF_029011845.1,False,,Clean,Monoderm (Keep)
GCF_029011905.1,False,,Clean,Monoderm (Keep)
GCF_029011195.1,False,,Clean,Monoderm (Keep)
GCF_029011965.1,False,,Clean,Monoderm (Keep)
GCF_029025165.1,False,,Clean,Monoderm (Keep)
GCF_029011725.1,False,,Clean,Monoderm (Keep)
GCF_029011175.1,False,,Clean,Monoderm (Keep)
GCF_029011515.1,False,,Clean,Monoderm (Keep)
GCF_029011885.1,False,,Clean,Monoderm (Keep)
GCF_028994215.1,False,,Clean,Monoderm (Keep)
GCF_029011295.1,False,,Clean,Monoderm (Keep)
GCF_029011635.1,False,,Clean,Monoderm (Keep)
GCF_029023825.1,False,,Clean,Monoderm (Keep)
GCF_029011825.1,False,,Clean,Monoderm (Keep)
GCF_029011155.1,False,,Clean,Monoderm (Keep)
GCF_028898865.1,False,,Clean,Monoderm (Keep)
GCF_028872215.1,False,,Clean,Monoderm (Keep)
GCF_029011765.1,False,,Clean,Monoderm (Keep)
GCF_029011615.1,False,,Clean,Monoderm (Keep)
GCF_028994235.1,False,,Clean,Monoderm (Keep)
GCF_029024925.1,False,,Clean,Monoderm (Keep)
GCF_029011675.1,False,,Clean,Monoderm (Keep)
GCF_029010255.1,False,,Clean,Monoderm (Keep)
GCF_029025685.1,False,,Clean,Monoderm (Keep)
GCF_029023845.1,False,,Clean,Monoderm (Keep)
GCF_029011595.1,False,,Clean,Monoderm (Keep)
GCF_029023805.1,False,,Clean,Monoderm (Keep)
GCF_029016665.1,False,,Clean,Monoderm (Keep)
GCF_029000405.1,False,,Clean,Monoderm (Keep)
GCF_028885375.1,False,,Clean,Monoderm (Keep)
GCF_029025045.1,False,,Clean,Monoderm (Keep)
GCF_028993595.1,False,,Clean,Monoderm (Keep)
GCF_028891405.1,False,,Clean,Monoderm (Keep)
GCF_028891425.1,False,,Clean,Monoderm (Keep)
GCF_028993575.1,False,,Clean,Monoderm (Keep)
GCF_028885415.1,False,,Clean,Monoderm (Keep)
GCF_028870195.1,False,,Clean,Monoderm (Keep)
GCF_028622115.1,False,,Clean,Monoderm (Keep)
GCF_029025725.1,False,,Clean,Monoderm (Keep)
GCF_029026745.1,False,,Clean,Monoderm (Keep)
GCF_029025245.1,False,,Clean,Monoderm (Keep)
GCF_029027945.1,False,,Clean,Monoderm (Keep)
GCF_028898845.1,False,,Clean,Monoderm (Keep)
GCF_029025825.1,False,,Clean,Monoderm (Keep)
GCF_029027845.1,False,,Clean,Monoderm (Keep)
GCF_029011865.1,False,,Clean,Monoderm (Keep)
GCF_029027925.1,False,,Clean,Monoderm (Keep)
GCF_029144405.1,False,,Clean,Monoderm (Keep)
GCF_029144185.1,False,,Clean,Monoderm (Keep)
GCF_029094145.1,False,,Clean,Monoderm (Keep)
GCF_029204145.1,False,,Clean,Monoderm (Keep)
GCF_029167685.1,False,,Clean,Monoderm (Keep)
GCF_029201205.1,False,,Clean,Monoderm (Keep)
GCF_029094305.1,False,,Clean,Monoderm (Keep)
GCF_029204095.1,False,,Clean,Monoderm (Keep)
GCF_029204165.1,False,,Clean,Monoderm (Keep)
GCF_029167565.1,False,,Clean,Monoderm (Keep)
GCF_029223925.1,False,,Clean,Monoderm (Keep)
GCF_029167605.1,False,,Clean,Monoderm (Keep)
GCF_029203915.1,False,,Clean,Monoderm (Keep)
GCF_029167705.1,False,,Clean,Monoderm (Keep)
GCF_029204125.1,False,,Clean,Monoderm (Keep)
GCF_029094505.1,False,,Clean,Monoderm (Keep)
GCF_029201225.1,False,,Clean,Monoderm (Keep)
GCF_029094525.1,False,,Clean,Monoderm (Keep)
GCF_029223965.1,False,,Clean,Monoderm (Keep)
GCF_029233855.1,False,,Clean,Monoderm (Keep)
GCF_029167665.1,False,,Clean,Monoderm (Keep)
GCF_029234045.1,False,,Clean,Monoderm (Keep)
GCF_029234065.1,False,,Clean,Monoderm (Keep)
GCF_029234095.1,False,,Clean,Monoderm (Keep)
GCF_029215545.1,False,,Clean,Monoderm (Keep)
GCF_029223985.1,False,,Clean,Monoderm (Keep)
GCF_029215735.1,False,,Clean,Monoderm (Keep)
GCF_029215565.1,False,,Clean,Monoderm (Keep)
GCF_029168595.1,False,,Clean,Monoderm (Keep)
GCF_029201265.1,False,,Clean,Monoderm (Keep)
GCF_029280565.1,False,,Clean,Monoderm (Keep)
GCF_029167585.1,False,,Clean,Monoderm (Keep)
GCF_029392855.1,False,,Clean,Monoderm (Keep)
GCF_029280505.1,False,,Clean,Monoderm (Keep)
GCF_029166985.1,False,,Clean,Monoderm (Keep)
GCF_029220085.1,False,,Clean,Monoderm (Keep)
GCF_029323775.1,False,,Clean,Monoderm (Keep)
GCF_029280585.1,False,,Clean,Monoderm (Keep)
GCF_029392815.1,False,,Clean,Monoderm (Keep)
GCF_029392675.1,False,,Clean,Monoderm (Keep)
GCF_029234155.1,False,,Clean,Monoderm (Keep)
GCF_029234115.1,False,,Clean,Monoderm (Keep)
GCF_029234135.1,False,,Clean,Monoderm (Keep)
GCF_029392095.1,False,,Clean,Monoderm (Keep)
GCF_029234175.1,False,,Clean,Monoderm (Keep)
GCF_029167625.1,False,,Clean,Monoderm (Keep)
GCF_029392835.1,False,,Clean,Monoderm (Keep)
GCF_029278525.1,False,,Clean,Monoderm (Keep)
GCF_029392015.1,False,,Clean,Monoderm (Keep)
GCF_029203955.1,False,,Clean,Monoderm (Keep)
GCF_029392075.1,False,,Clean,Monoderm (Keep)
GCF_029338415.1,False,,Clean,Monoderm (Keep)
GCF_029338475.1,False,,Clean,Monoderm (Keep)
GCF_029392315.1,False,,Clean,Monoderm (Keep)
GCF_029369785.1,False,,Clean,Monoderm (Keep)
GCF_029392035.1,False,,Clean,Monoderm (Keep)
GCF_029391915.1,False,,Clean,Monoderm (Keep)
GCF_029278545.1,False,,Clean,Monoderm (Keep)
GCF_029167645.1,False,,Clean,Monoderm (Keep)
GCF_029278505.1,False,,Clean,Monoderm (Keep)
GCF_029339095.1,False,,Clean,Monoderm (Keep)
GCF_029319145.1,False,,Clean,Monoderm (Keep)
GCF_029371985.1,False,,Clean,Monoderm (Keep)
GCF_029278325.1,False,,Clean,Monoderm (Keep)
GCF_029167025.1,False,,Clean,Monoderm (Keep)
GCF_029167005.1,False,,Clean,Monoderm (Keep)
GCF_029282585.1,False,,Clean,Monoderm (Keep)
GCF_029282725.1,False,,Clean,Monoderm (Keep)
GCF_029318685.1,False,,Clean,Monoderm (Keep)
GCF_029536715.1,False,,Clean,Monoderm (Keep)
GCF_029392915.1,False,,Clean,Monoderm (Keep)
GCF_029392935.1,False,,Clean,Monoderm (Keep)
GCF_029392875.1,False,,Clean,Monoderm (Keep)
GCF_029392955.1,False,,Clean,Monoderm (Keep)
GCF_029391755.1,False,,Clean,Monoderm (Keep)
GCF_029369745.1,False,,Clean,Monoderm (Keep)
GCF_029536225.1,False,,Clean,Monoderm (Keep)
GCF_029537335.1,False,,Clean,Monoderm (Keep)
GCF_029536205.1,False,,Clean,Monoderm (Keep)
GCF_029580795.1,False,,Clean,Monoderm (Keep)
GCF_029395555.1,False,,Clean,Monoderm (Keep)
GCF_029580895.1,False,,Clean,Monoderm (Keep)
GCF_029541585.1,False,,Clean,Monoderm (Keep)
GCF_029393075.1,False,,Clean,Monoderm (Keep)
GCF_029393235.1,False,,Clean,Monoderm (Keep)
GCF_029543005.1,False,,Clean,Monoderm (Keep)
GCF_029580675.1,False,,Clean,Monoderm (Keep)
GCF_029580815.1,False,,Clean,Monoderm (Keep)
GCF_029537175.1,False,,Clean,Monoderm (Keep)
GCF_029536995.1,False,,Clean,Monoderm (Keep)
GCF_029580775.1,False,,Clean,Monoderm (Keep)
GCF_029537115.1,False,,Clean,Monoderm (Keep)
GCF_029537075.1,False,,Clean,Monoderm (Keep)
GCF_029457455.1,False,,Clean,Monoderm (Keep)
GCF_029542625.1,False,,Clean,Monoderm (Keep)
GCF_029395355.1,False,,Clean,Monoderm (Keep)
GCF_029395515.1,False,,Clean,Monoderm (Keep)
GCF_029541965.1,False,,Clean,Monoderm (Keep)
GCF_029395435.1,False,,Clean,Monoderm (Keep)
GCF_029395535.1,False,,Clean,Monoderm (Keep)
GCF_029537275.1,False,,Clean,Monoderm (Keep)
GCF_029542065.1,False,,Clean,Monoderm (Keep)
GCF_029395455.1,False,,Clean,Monoderm (Keep)
GCF_029395495.1,False,,Clean,Monoderm (Keep)
GCF_029395415.1,False,,Clean,Monoderm (Keep)
GCF_029542025.1,False,,Clean,Monoderm (Keep)
GCF_029457595.1,False,,Clean,Monoderm (Keep)
GCF_029542645.1,False,,Clean,Monoderm (Keep)
GCF_029542045.1,False,,Clean,Monoderm (Keep)
GCF_029457575.1,False,,Clean,Monoderm (Keep)
GCF_029395475.1,False,,Clean,Monoderm (Keep)
GCF_029542385.1,False,,Clean,Monoderm (Keep)
GCF_029457615.1,False,,Clean,Monoderm (Keep)
GCF_029542225.1,False,,Clean,Monoderm (Keep)
GCF_029537395.1,False,,Clean,Monoderm (Keep)
GCF_029457635.1,False,,Clean,Monoderm (Keep)
GCF_029543065.1,False,,Clean,Monoderm (Keep)
GCF_029510815.1,False,,Clean,Monoderm (Keep)
GCF_029395675.1,False,,Clean,Monoderm (Keep)
GCF_029542245.1,False,,Clean,Monoderm (Keep)
GCF_029536915.1,False,,Clean,Monoderm (Keep)
GCF_029537215.1,False,,Clean,Monoderm (Keep)
GCF_029541525.1,False,,Clean,Monoderm (Keep)
GCF_029537375.1,False,,Clean,Monoderm (Keep)
GCF_029536775.1,False,,Clean,Monoderm (Keep)
GCF_029542145.1,False,,Clean,Monoderm (Keep)
GCF_029537015.1,False,,Clean,Monoderm (Keep)
GCF_029537035.1,False,,Clean,Monoderm (Keep)
GCF_029537155.1,False,,Clean,Monoderm (Keep)
GCF_029398215.1,False,,Clean,Monoderm (Keep)
GCF_029536935.1,False,,Clean,Monoderm (Keep)
GCF_029537355.1,False,,Clean,Monoderm (Keep)
GCF_029536185.1,False,,Clean,Monoderm (Keep)
GCF_029537135.1,False,,Clean,Monoderm (Keep)
GCF_029536895.1,False,,Clean,Monoderm (Keep)
GCF_029536955.1,False,,Clean,Monoderm (Keep)
GCF_029457415.1,False,,Clean,Monoderm (Keep)
GCF_029392895.1,False,,Clean,Monoderm (Keep)
GCF_029542425.1,False,,Clean,Monoderm (Keep)
GCF_029537415.1,False,,Clean,Monoderm (Keep)
GCF_029542445.1,False,,Clean,Monoderm (Keep)
GCF_029581095.1,False,,Clean,Monoderm (Keep)
GCF_029581115.1,False,,Clean,Monoderm (Keep)
GCF_029581155.1,False,,Clean,Monoderm (Keep)
GCF_029590375.1,False,,Clean,Monoderm (Keep)
GCF_029590455.1,False,,Clean,Monoderm (Keep)
GCF_029590275.1,False,,Clean,Monoderm (Keep)
GCF_029541745.1,False,,Clean,Monoderm (Keep)
GCF_029542585.1,False,,Clean,Monoderm (Keep)
GCF_029625395.1,False,,Clean,Monoderm (Keep)
GCF_029677705.1,False,,Clean,Monoderm (Keep)
GCF_029677985.1,False,,Clean,Monoderm (Keep)
GCF_029633895.1,False,,Clean,Monoderm (Keep)
GCF_029677685.1,False,,Clean,Monoderm (Keep)
GCF_029677725.1,False,,Clean,Monoderm (Keep)
GCF_029678005.1,False,,Clean,Monoderm (Keep)
GCF_029590535.1,False,,Clean,Monoderm (Keep)
GCF_029678025.1,False,,Clean,Monoderm (Keep)
GCF_029625375.1,False,,Clean,Monoderm (Keep)
GCF_029677745.1,False,,Clean,Monoderm (Keep)
GCF_029636225.1,False,,Clean,Monoderm (Keep)
GCF_029677885.1,False,,Clean,Monoderm (Keep)
GCF_029607425.1,False,,Clean,Monoderm (Keep)
GCF_029625415.1,False,,Clean,Monoderm (Keep)
GCF_029632765.1,False,,Clean,Monoderm (Keep)
GCF_029607405.1,False,,Clean,Monoderm (Keep)
GCF_029625435.1,False,,Clean,Monoderm (Keep)
GCF_029607445.1,False,,Clean,Monoderm (Keep)
GCF_029625255.1,False,,Clean,Monoderm (Keep)
GCF_029634735.1,False,,Clean,Monoderm (Keep)
GCF_029634765.1,False,,Clean,Monoderm (Keep)
GCF_029625275.1,False,,Clean,Monoderm (Keep)
GCF_029625355.1,False,,Clean,Monoderm (Keep)
GCF_029634785.1,False,,Clean,Monoderm (Keep)
GCF_029643425.1,False,,Clean,Monoderm (Keep)
GCF_029634715.1,False,,Clean,Monoderm (Keep)
GCF_029634905.1,False,,Clean,Monoderm (Keep)
GCF_029635105.1,False,,Clean,Monoderm (Keep)
GCF_029634685.1,False,,Clean,Monoderm (Keep)
GCF_029691935.1,False,,Clean,Monoderm (Keep)
GCF_029691835.1,False,,Clean,Monoderm (Keep)
GCF_029691705.1,False,,Clean,Monoderm (Keep)
GCF_029677405.1,False,,Clean,Monoderm (Keep)
GCF_029691725.1,False,,Clean,Monoderm (Keep)
GCF_029691875.1,False,,Clean,Monoderm (Keep)
GCF_029691425.1,False,,Clean,Monoderm (Keep)
GCF_029691915.1,False,,Clean,Monoderm (Keep)
GCF_029691895.1,False,,Clean,Monoderm (Keep)
GCF_029691855.1,False,,Clean,Monoderm (Keep)
GCF_029691775.1,False,,Clean,Monoderm (Keep)
GCF_029637825.1,False,,Clean,Monoderm (Keep)
GCF_029691685.1,False,,Clean,Monoderm (Keep)
GCF_029639405.1,False,,Clean,Monoderm (Keep)
GCF_029637325.1,False,,Clean,Monoderm (Keep)
GCF_029632925.1,False,,Clean,Monoderm (Keep)
GCF_029691815.1,False,,Clean,Monoderm (Keep)
GCF_029691405.1,False,,Clean,Monoderm (Keep)
GCF_029637645.1,False,,Clean,Monoderm (Keep)
GCF_029674565.1,False,,Clean,Monoderm (Keep)
GCF_029637705.1,False,,Clean,Monoderm (Keep)
GCF_029690065.1,False,,Clean,Monoderm (Keep)
GCF_029674605.1,False,,Clean,Monoderm (Keep)
GCF_029689965.1,False,,Clean,Monoderm (Keep)
GCF_029677665.1,False,,Clean,Monoderm (Keep)
GCF_029637165.1,False,,Clean,Monoderm (Keep)
GCF_029636825.1,False,,Clean,Monoderm (Keep)
GCF_029636845.1,False,,Clean,Monoderm (Keep)
GCF_029636745.1,False,,Clean,Monoderm (Keep)
GCF_029636965.1,False,,Clean,Monoderm (Keep)
GCF_029636405.1,False,,Clean,Monoderm (Keep)
GCF_029636705.1,False,,Clean,Monoderm (Keep)
GCF_029636605.1,False,,Clean,Monoderm (Keep)
GCF_029691955.1,False,,Clean,Monoderm (Keep)
GCF_029689945.1,False,,Clean,Monoderm (Keep)
GCF_029625475.1,False,,Clean,Monoderm (Keep)
GCF_029689925.1,False,,Clean,Monoderm (Keep)
GCF_029639525.1,False,,Clean,Monoderm (Keep)
GCF_029691645.1,False,,Clean,Monoderm (Keep)
GCF_029714185.1,False,,Clean,Monoderm (Keep)
GCF_029726355.1,False,,Clean,Monoderm (Keep)
GCF_029743055.1,False,,Clean,Monoderm (Keep)
GCF_029747675.1,False,,Clean,Monoderm (Keep)
GCF_029747785.1,False,,Clean,Monoderm (Keep)
GCF_029815015.1,False,,Clean,Monoderm (Keep)
GCF_029814995.1,False,,Clean,Monoderm (Keep)
GCF_029760935.1,False,,Clean,Monoderm (Keep)
GCF_029747985.1,False,,Clean,Monoderm (Keep)
GCF_029854295.1,False,,Clean,Monoderm (Keep)
GCF_029783395.1,False,,Clean,Monoderm (Keep)
GCF_029815035.1,False,,Clean,Monoderm (Keep)
GCF_029855465.1,False,,Clean,Monoderm (Keep)
GCF_029855445.1,False,,Clean,Monoderm (Keep)
GCF_029748795.1,False,,Clean,Monoderm (Keep)
GCF_029855765.1,False,,Clean,Monoderm (Keep)
GCF_029855805.1,False,,Clean,Monoderm (Keep)
GCF_029855525.1,False,,Clean,Monoderm (Keep)
GCF_029855705.1,False,,Clean,Monoderm (Keep)
GCF_029855725.1,False,,Clean,Monoderm (Keep)
GCF_029855885.1,False,,Clean,Monoderm (Keep)
GCF_029855605.1,False,,Clean,Monoderm (Keep)
GCF_029855665.1,False,,Clean,Monoderm (Keep)
GCF_029855505.1,False,,Clean,Monoderm (Keep)
GCF_029855485.1,False,,Clean,Monoderm (Keep)
GCF_029855785.1,False,,Clean,Monoderm (Keep)
GCF_029855745.1,False,,Clean,Monoderm (Keep)
GCF_029855685.1,False,,Clean,Monoderm (Keep)
GCF_029855845.1,False,,Clean,Monoderm (Keep)
GCF_029855585.1,False,,Clean,Monoderm (Keep)
GCF_029855545.1,False,,Clean,Monoderm (Keep)
GCF_029855825.1,False,,Clean,Monoderm (Keep)
GCF_029854235.1,False,,Clean,Monoderm (Keep)
GCF_029854315.1,False,,Clean,Monoderm (Keep)
GCF_029774255.1,False,,Clean,Monoderm (Keep)
GCF_029814255.1,False,,Clean,Monoderm (Keep)
GCF_029854335.1,False,,Clean,Monoderm (Keep)
GCF_029855065.1,False,,Clean,Monoderm (Keep)
GCF_029853755.1,False,,Clean,Monoderm (Keep)
GCF_029851605.1,False,,Clean,Monoderm (Keep)
GCF_029854175.1,False,,Clean,Monoderm (Keep)
GCF_029850785.1,False,,Clean,Monoderm (Keep)
GCF_029853815.1,False,,Clean,Monoderm (Keep)
GCF_029851525.1,False,,Clean,Monoderm (Keep)
GCF_029851625.1,False,,Clean,Monoderm (Keep)
GCF_029851585.1,False,,Clean,Monoderm (Keep)
GCF_029814785.1,False,,Clean,Monoderm (Keep)
GCF_029853715.1,False,,Clean,Monoderm (Keep)
GCF_029853775.1,False,,Clean,Monoderm (Keep)
GCF_029853735.1,False,,Clean,Monoderm (Keep)
GCF_029855105.1,False,,Clean,Monoderm (Keep)
GCF_029834415.1,False,,Clean,Monoderm (Keep)
GCF_029761935.1,False,,Clean,Monoderm (Keep)
GCF_029772985.1,False,,Clean,Monoderm (Keep)
GCF_029866925.1,False,,Clean,Monoderm (Keep)
GCF_029866805.1,False,,Clean,Monoderm (Keep)
GCF_029834455.1,False,,Clean,Monoderm (Keep)
GCF_029834585.1,False,,Clean,Monoderm (Keep)
GCF_029866825.1,False,,Clean,Monoderm (Keep)
GCF_029760955.1,False,,Clean,Monoderm (Keep)
GCF_029854255.1,False,,Clean,Monoderm (Keep)
GCF_029866425.1,False,,Clean,Monoderm (Keep)
GCF_029867045.1,False,,Clean,Monoderm (Keep)
GCF_029814215.1,False,,Clean,Monoderm (Keep)
GCF_029867225.1,False,,Clean,Monoderm (Keep)
GCF_029867145.1,False,,Clean,Monoderm (Keep)
GCF_029867125.1,False,,Clean,Monoderm (Keep)
GCF_029866505.1,False,,Clean,Monoderm (Keep)
GCF_029867085.1,False,,Clean,Monoderm (Keep)
GCF_029867105.1,False,,Clean,Monoderm (Keep)
GCF_029867065.1,False,,Clean,Monoderm (Keep)
GCF_029867185.1,False,,Clean,Monoderm (Keep)
GCF_029867165.1,False,,Clean,Monoderm (Keep)
GCF_029867205.1,False,,Clean,Monoderm (Keep)
GCF_029961225.1,False,,Clean,Monoderm (Keep)
GCF_030014065.1,False,,Clean,Monoderm (Keep)
GCF_030013985.1,False,,Clean,Monoderm (Keep)
GCF_030020155.1,False,,Clean,Monoderm (Keep)
GCF_029917105.1,False,,Clean,Monoderm (Keep)
GCF_029917085.1,False,,Clean,Monoderm (Keep)
GCF_029962365.1,False,,Clean,Monoderm (Keep)
GCF_030012565.1,False,,Clean,Monoderm (Keep)
GCF_030012845.1,False,,Clean,Monoderm (Keep)
GCF_029889745.1,False,,Clean,Monoderm (Keep)
GCF_029917045.1,False,,Clean,Monoderm (Keep)
GCF_030020575.1,False,,Clean,Monoderm (Keep)
GCF_030012945.1,False,,Clean,Monoderm (Keep)
GCF_029917065.1,False,,Clean,Monoderm (Keep)
GCF_030020665.1,False,,Clean,Monoderm (Keep)
GCF_030013925.1,False,,Clean,Monoderm (Keep)
GCF_030020535.1,False,,Clean,Monoderm (Keep)
GCF_030014085.1,False,,Clean,Monoderm (Keep)
GCF_030012925.1,False,,Clean,Monoderm (Keep)
GCF_030020685.1,False,,Clean,Monoderm (Keep)
GCF_030020495.1,False,,Clean,Monoderm (Keep)
GCF_029953655.1,False,,Clean,Monoderm (Keep)
GCF_030013965.1,False,,Clean,Monoderm (Keep)
GCF_030014005.1,False,,Clean,Monoderm (Keep)
GCF_030012825.1,False,,Clean,Monoderm (Keep)
GCF_030020725.1,False,,Clean,Monoderm (Keep)
GCF_029991045.1,False,,Clean,Monoderm (Keep)
GCF_030020745.1,False,,Clean,Monoderm (Keep)
GCF_030015595.1,False,,Clean,Monoderm (Keep)
GCF_029906445.1,False,,Clean,Monoderm (Keep)
GCF_030020425.1,False,,Clean,Monoderm (Keep)
GCF_030020595.1,False,,Clean,Monoderm (Keep)
GCF_029916985.1,False,,Clean,Monoderm (Keep)
GCF_029906425.1,False,,Clean,Monoderm (Keep)
GCF_030020255.1,False,,Clean,Monoderm (Keep)
GCF_030020475.1,False,,Clean,Monoderm (Keep)
GCF_030011555.1,False,,Clean,Monoderm (Keep)
GCF_030020175.1,False,,Clean,Monoderm (Keep)
GCF_029910295.1,False,,Clean,Monoderm (Keep)
GCF_029961765.1,False,,Clean,Monoderm (Keep)
GCF_030012905.1,False,,Clean,Monoderm (Keep)
GCF_029910175.1,False,,Clean,Monoderm (Keep)
GCF_030020615.1,False,,Clean,Monoderm (Keep)
GCF_029873575.1,False,,Clean,Monoderm (Keep)
GCF_030028355.1,False,,Clean,Monoderm (Keep)
GCF_030028375.1,False,,Clean,Monoderm (Keep)
GCF_030020365.1,False,,Clean,Monoderm (Keep)
GCF_029917005.1,False,,Clean,Monoderm (Keep)
GCF_029983095.1,False,,Clean,Monoderm (Keep)
GCF_030020195.1,False,,Clean,Monoderm (Keep)
GCF_029952765.1,False,,Clean,Monoderm (Keep)
GCF_030020215.1,False,,Clean,Monoderm (Keep)
GCF_030020555.1,False,,Clean,Monoderm (Keep)
GCF_030020455.1,False,,Clean,Monoderm (Keep)
GCF_030020515.1,False,,Clean,Monoderm (Keep)
GCF_030020235.1,False,,Clean,Monoderm (Keep)
GCF_030008055.1,False,,Clean,Monoderm (Keep)
GCF_030020645.1,False,,Clean,Monoderm (Keep)
GCF_029964055.1,False,,Clean,Monoderm (Keep)
GCF_029962085.1,False,,Clean,Monoderm (Keep)
GCF_029873215.1,False,,Clean,Monoderm (Keep)
GCF_029952785.1,False,,Clean,Monoderm (Keep)
GCF_029867245.1,False,,Clean,Monoderm (Keep)
GCF_029873355.1,False,,Clean,Monoderm (Keep)
GCF_029948165.1,False,,Clean,Monoderm (Keep)
GCF_029961745.1,False,,Clean,Monoderm (Keep)
GCF_029867265.1,False,,Clean,Monoderm (Keep)
GCF_030013905.1,False,,Clean,Monoderm (Keep)
GCF_029958885.1,False,,Clean,Monoderm (Keep)
GCF_029952845.1,False,,Clean,Monoderm (Keep)
GCF_029906565.1,False,,Clean,Monoderm (Keep)
GCF_029866785.1,False,,Clean,Monoderm (Keep)
GCF_030020705.1,False,,Clean,Monoderm (Keep)
GCF_030028395.1,False,,Clean,Monoderm (Keep)
GCF_030034695.1,False,,Clean,Monoderm (Keep)
GCF_030028255.1,False,,Clean,Monoderm (Keep)
GCF_030028335.1,False,,Clean,Monoderm (Keep)
GCF_030028115.1,False,,Clean,Monoderm (Keep)
GCF_030053195.1,False,,Clean,Monoderm (Keep)
GCF_900088695.1,False,,Clean,Monoderm (Keep)
GCF_900129335.1,False,,Clean,Monoderm (Keep)
GCF_900169485.1,False,,Clean,Monoderm (Keep)
GCF_030034775.1,False,,Clean,Monoderm (Keep)
GCF_900088685.1,False,,Clean,Monoderm (Keep)
GCF_900187025.1,False,,Clean,Monoderm (Keep)
GCF_900187005.1,False,,Clean,Monoderm (Keep)
GCF_900004855.1,False,,Clean,Monoderm (Keep)
GCF_030034715.1,False,,Clean,Monoderm (Keep)
GCF_900184705.1,False,,Clean,Monoderm (Keep)
GCF_900155645.1,False,,Clean,Monoderm (Keep)
GCF_900186975.1,False,,Clean,Monoderm (Keep)
GCF_900128415.1,False,,Clean,Monoderm (Keep)
GCF_900155855.1,False,,Clean,Monoderm (Keep)
GCF_900186985.1,False,,Clean,Monoderm (Keep)
GCF_900168365.1,False,,Clean,Monoderm (Keep)
GCF_900187045.1,False,,Clean,Monoderm (Keep)
GCF_900183405.1,False,,Clean,Monoderm (Keep)
GCF_900186955.1,False,,Clean,Monoderm (Keep)
GCF_030035425.1,False,,Clean,Monoderm (Keep)
GCF_030028635.1,False,,Clean,Monoderm (Keep)
GCF_030028615.1,False,,Clean,Monoderm (Keep)
GCF_900015005.1,False,,Clean,Monoderm (Keep)
GCF_900097255.1,False,,Clean,Monoderm (Keep)
GCF_900044005.1,False,,Clean,Monoderm (Keep)
GCF_900094615.1,False,,Clean,Monoderm (Keep)
GCF_900097245.1,False,,Clean,Monoderm (Keep)
GCF_900017775.1,False,,Clean,Monoderm (Keep)
GCF_900088425.1,False,,Clean,Monoderm (Keep)
GCF_900086615.2,False,,Clean,Monoderm (Keep)
GCF_900092475.1,False,,Clean,Monoderm (Keep)
GCF_900010805.1,False,,Clean,Monoderm (Keep)
GCF_900120165.1,False,,Clean,Monoderm (Keep)
GCF_900066015.1,False,,Clean,Monoderm (Keep)
GCF_900120245.1,False,,Clean,Monoderm (Keep)
GCF_900120375.1,False,,Clean,Monoderm (Keep)
GCF_900087185.1,False,,Clean,Monoderm (Keep)
GCF_900119705.1,False,,Clean,Monoderm (Keep)
GCF_900087025.1,False,,Clean,Monoderm (Keep)
GCF_900119915.1,False,,Clean,Monoderm (Keep)
GCF_900187235.1,False,,Clean,Monoderm (Keep)
GCF_900116935.1,False,,Clean,Monoderm (Keep)
GCF_900087375.1,False,,Clean,Monoderm (Keep)
GCF_900094135.1,False,,Clean,Monoderm (Keep)
GCF_900087165.1,False,,Clean,Monoderm (Keep)
GCF_900092595.1,False,,Clean,Monoderm (Keep)
GCF_900086895.1,False,,Clean,Monoderm (Keep)
GCF_900187085.1,False,,Clean,Monoderm (Keep)
GCF_900095075.1,False,,Clean,Monoderm (Keep)
GCF_900066025.1,False,,Clean,Monoderm (Keep)
GCF_900187135.1,False,,Clean,Monoderm (Keep)
GCF_900087655.1,False,,Clean,Monoderm (Keep)
GCF_900092755.1,False,,Clean,Monoderm (Keep)
GCF_900070325.1,False,,Clean,Monoderm (Keep)
GCF_900078265.1,False,,Clean,Monoderm (Keep)
GCF_900086925.1,False,,Clean,Monoderm (Keep)
GCF_900120345.1,False,,Clean,Monoderm (Keep)
GCF_900016155.1,False,,Clean,Monoderm (Keep)
GCF_900070175.1,False,,Clean,Monoderm (Keep)
GCF_900187165.1,False,,Clean,Monoderm (Keep)
GCF_900187225.1,False,,Clean,Monoderm (Keep)
GCF_900187215.1,False,,Clean,Monoderm (Keep)
GCF_900187055.1,False,,Clean,Monoderm (Keep)
GCF_900096745.1,False,,Clean,Monoderm (Keep)
GCF_900070355.1,False,,Clean,Monoderm (Keep)
GCF_900187075.1,False,,Clean,Monoderm (Keep)
GCF_900187195.1,False,,Clean,Monoderm (Keep)
GCF_900187145.1,False,,Clean,Monoderm (Keep)
GCF_030053035.1,False,,Clean,Monoderm (Keep)
GCF_900187065.1,False,,Clean,Monoderm (Keep)
GCF_900093775.1,False,,Clean,Monoderm (Keep)
GCF_900234345.1,False,,Clean,Monoderm (Keep)
GCF_900234395.1,False,,Clean,Monoderm (Keep)
GCF_900234375.1,False,,Clean,Monoderm (Keep)
GCF_900234405.1,False,,Clean,Monoderm (Keep)
GCF_900234355.1,False,,Clean,Monoderm (Keep)
GCF_900116695.1,False,,Clean,Monoderm (Keep)
GCF_900205745.1,False,,Clean,Monoderm (Keep)
GCF_900187245.1,False,,Clean,Monoderm (Keep)
GCF_900323905.1,False,,Clean,Monoderm (Keep)
GCF_900231475.1,False,,Clean,Monoderm (Keep)
GCF_900323965.1,False,,Clean,Monoderm (Keep)
GCF_900209925.1,False,,Clean,Monoderm (Keep)
GCF_900312975.1,False,,Clean,Monoderm (Keep)
GCF_900187295.1,False,,Clean,Monoderm (Keep)
GCF_900231485.1,False,,Clean,Monoderm (Keep)
GCF_900323925.1,False,,Clean,Monoderm (Keep)
GCF_900324065.1,False,,Clean,Monoderm (Keep)
GCF_900240075.1,False,,Clean,Monoderm (Keep)
GCF_900324045.1,False,,Clean,Monoderm (Keep)
GCF_900187315.1,False,,Clean,Monoderm (Keep)
GCF_900323955.1,False,,Clean,Monoderm (Keep)
GCF_900199375.1,False,,Clean,Monoderm (Keep)
GCF_900275645.1,False,,Clean,Monoderm (Keep)
GCF_900289045.1,False,,Clean,Monoderm (Keep)
GCF_900070365.1,False,,Clean,Monoderm (Keep)
GCF_900119315.1,False,,Clean,Monoderm (Keep)
GCF_900196735.1,False,,Clean,Monoderm (Keep)
GCF_900292015.1,False,,Clean,Monoderm (Keep)
GCF_900187265.1,False,,Clean,Monoderm (Keep)
GCF_900324215.1,False,,Clean,Monoderm (Keep)
GCF_900324205.1,False,,Clean,Monoderm (Keep)
GCF_900324295.1,False,,Clean,Monoderm (Keep)
GCF_900324285.1,False,,Clean,Monoderm (Keep)
GCF_900324275.1,False,,Clean,Monoderm (Keep)
GCF_900324305.1,False,,Clean,Monoderm (Keep)
GCF_900324225.1,False,,Clean,Monoderm (Keep)
GCF_900324245.1,False,,Clean,Monoderm (Keep)
GCF_900324235.1,False,,Clean,Monoderm (Keep)
GCF_900324265.1,False,,Clean,Monoderm (Keep)
GCF_900324255.1,False,,Clean,Monoderm (Keep)
GCF_900236475.1,False,,Clean,Monoderm (Keep)
GCF_900474645.1,False,,Clean,Monoderm (Keep)
GCF_900474455.1,False,,Clean,Monoderm (Keep)
GCF_900324325.1,False,,Clean,Monoderm (Keep)
GCF_900474745.1,False,,Clean,Monoderm (Keep)
GCF_900474605.1,False,,Clean,Monoderm (Keep)
GCF_900332045.1,False,,Clean,Monoderm (Keep)
GCF_900343145.1,False,,Clean,Monoderm (Keep)
GCF_900474535.1,False,,Clean,Monoderm (Keep)
GCF_900324405.1,False,,Clean,Monoderm (Keep)
GCF_900324355.1,False,,Clean,Monoderm (Keep)
GCF_900324385.1,False,,Clean,Monoderm (Keep)
GCF_900324415.1,False,,Clean,Monoderm (Keep)
GCF_900474675.1,False,,Clean,Monoderm (Keep)
GCF_900324365.1,False,,Clean,Monoderm (Keep)
GCF_900324335.1,False,,Clean,Monoderm (Keep)
GCF_900474755.1,False,,Clean,Monoderm (Keep)
GCF_900324315.1,False,,Clean,Monoderm (Keep)
GCF_900324345.1,False,,Clean,Monoderm (Keep)
GCF_900474585.1,False,,Clean,Monoderm (Keep)
GCF_900236505.1,False,,Clean,Monoderm (Keep)
GCF_900474555.1,False,,Clean,Monoderm (Keep)
GCF_900474565.1,False,,Clean,Monoderm (Keep)
GCF_900474525.1,False,,Clean,Monoderm (Keep)
GCF_900474775.1,False,,Clean,Monoderm (Keep)
GCF_900458895.1,False,,Clean,Monoderm (Keep)
GCF_900474705.1,False,,Clean,Monoderm (Keep)
GCF_900474615.1,False,,Clean,Monoderm (Keep)
GCF_900474685.1,False,,Clean,Monoderm (Keep)
GCF_900474665.1,False,,Clean,Monoderm (Keep)
GCF_900474765.1,False,,Clean,Monoderm (Keep)
GCF_900474695.1,False,,Clean,Monoderm (Keep)
GCF_900474795.1,False,,Clean,Monoderm (Keep)
GCF_900474785.1,False,,Clean,Monoderm (Keep)
GCF_900474575.1,False,,Clean,Monoderm (Keep)
GCF_900474715.1,False,,Clean,Monoderm (Keep)
GCF_900474725.1,False,,Clean,Monoderm (Keep)
GCF_900474735.1,False,,Clean,Monoderm (Keep)
GCF_900474925.1,False,,Clean,Monoderm (Keep)
GCF_900474935.1,False,,Clean,Monoderm (Keep)
GCF_900474945.1,False,,Clean,Monoderm (Keep)
GCF_900474855.1,False,,Clean,Monoderm (Keep)
GCF_900474825.1,False,,Clean,Monoderm (Keep)
GCF_900474895.1,False,,Clean,Monoderm (Keep)
GCF_900475085.1,False,,Clean,Monoderm (Keep)
GCF_900474965.1,False,,Clean,Monoderm (Keep)
GCF_900475015.1,False,,Clean,Monoderm (Keep)
GCF_900474845.1,False,,Clean,Monoderm (Keep)
GCF_900474865.1,False,,Clean,Monoderm (Keep)
GCF_900475095.1,False,,Clean,Monoderm (Keep)
GCF_900474915.1,False,,Clean,Monoderm (Keep)
GCF_900474875.1,False,,Clean,Monoderm (Keep)
GCF_900474885.1,False,,Clean,Monoderm (Keep)
GCF_900474835.1,False,,Clean,Monoderm (Keep)
GCF_900474975.1,False,,Clean,Monoderm (Keep)
GCF_900475115.1,False,,Clean,Monoderm (Keep)
GCF_900475075.1,False,,Clean,Monoderm (Keep)
GCF_900474815.1,False,,Clean,Monoderm (Keep)
GCF_900475105.1,False,,Clean,Monoderm (Keep)
GCF_900474805.1,False,,Clean,Monoderm (Keep)
GCF_900474985.1,False,,Clean,Monoderm (Keep)
GCF_900474995.1,False,,Clean,Monoderm (Keep)
GCF_900474905.1,False,,Clean,Monoderm (Keep)
GCF_900475035.1,False,,Clean,Monoderm (Keep)
GCF_900475005.1,False,,Clean,Monoderm (Keep)
GCF_900475045.1,False,,Clean,Monoderm (Keep)
GCF_900474955.1,False,,Clean,Monoderm (Keep)
GCF_900475065.1,False,,Clean,Monoderm (Keep)
GCF_900475025.1,False,,Clean,Monoderm (Keep)
GCF_900475055.1,False,,Clean,Monoderm (Keep)
GCF_900475235.1,False,,Clean,Monoderm (Keep)
GCF_900475465.1,False,,Clean,Monoderm (Keep)
GCF_900475565.1,False,,Clean,Monoderm (Keep)
GCF_900475585.1,False,,Clean,Monoderm (Keep)
GCF_900475485.1,False,,Clean,Monoderm (Keep)
GCF_900475135.1,False,,Clean,Monoderm (Keep)
GCF_900475385.1,False,,Clean,Monoderm (Keep)
GCF_900475525.1,False,,Clean,Monoderm (Keep)
GCF_900475175.1,False,,Clean,Monoderm (Keep)
GCF_900475615.1,False,,Clean,Monoderm (Keep)
GCF_900475425.1,False,,Clean,Monoderm (Keep)
GCF_900475305.1,False,,Clean,Monoderm (Keep)
GCF_900475625.1,False,,Clean,Monoderm (Keep)
GCF_900475645.1,False,,Clean,Monoderm (Keep)
GCF_900475295.1,False,,Clean,Monoderm (Keep)
GCF_900475395.1,False,,Clean,Monoderm (Keep)
GCF_900475155.1,False,,Clean,Monoderm (Keep)
GCF_900475185.1,False,,Clean,Monoderm (Keep)
GCF_900475335.1,False,,Clean,Monoderm (Keep)
GCF_900475495.1,False,,Clean,Monoderm (Keep)
GCF_900475475.1,False,,Clean,Monoderm (Keep)
GCF_900475635.1,False,,Clean,Monoderm (Keep)
GCF_900475455.1,False,,Clean,Monoderm (Keep)
GCF_900475355.1,False,,Clean,Monoderm (Keep)
GCF_900475145.1,False,,Clean,Monoderm (Keep)
GCF_900475555.1,False,,Clean,Monoderm (Keep)
GCF_900475595.1,False,,Clean,Monoderm (Keep)
GCF_900475515.1,False,,Clean,Monoderm (Keep)
GCF_900475125.1,False,,Clean,Monoderm (Keep)
GCF_900475415.1,False,,Clean,Monoderm (Keep)
GCF_900475255.1,False,,Clean,Monoderm (Keep)
GCF_900475165.1,False,,Clean,Monoderm (Keep)
GCF_900475225.1,False,,Clean,Monoderm (Keep)
GCF_900475365.1,False,,Clean,Monoderm (Keep)
GCF_900475505.1,False,,Clean,Monoderm (Keep)
GCF_900475275.1,False,,Clean,Monoderm (Keep)
GCF_900475445.1,False,,Clean,Monoderm (Keep)
GCF_900475655.1,False,,Clean,Monoderm (Keep)
GCF_900475605.1,False,,Clean,Monoderm (Keep)
GCF_900475245.1,False,,Clean,Monoderm (Keep)
GCF_900475545.1,False,,Clean,Monoderm (Keep)
GCF_900475675.1,False,,Clean,Monoderm (Keep)
GCF_900475695.1,False,,Clean,Monoderm (Keep)
GCF_900476175.1,False,,Clean,Monoderm (Keep)
GCF_900476105.1,False,,Clean,Monoderm (Keep)
GCF_900476125.1,False,,Clean,Monoderm (Keep)
GCF_900476085.1,False,,Clean,Monoderm (Keep)
GCF_900475765.1,False,,Clean,Monoderm (Keep)
GCF_900475705.1,False,,Clean,Monoderm (Keep)
GCF_900475725.1,False,,Clean,Monoderm (Keep)
GCF_900475715.1,False,,Clean,Monoderm (Keep)
GCF_900475775.1,False,,Clean,Monoderm (Keep)
GCF_900475875.1,False,,Clean,Monoderm (Keep)
GCF_900475785.1,False,,Clean,Monoderm (Keep)
GCF_900475865.1,False,,Clean,Monoderm (Keep)
GCF_900475925.1,False,,Clean,Monoderm (Keep)
GCF_900475985.1,False,,Clean,Monoderm (Keep)
GCF_900475955.1,False,,Clean,Monoderm (Keep)
GCF_900476025.1,False,,Clean,Monoderm (Keep)
GCF_900475795.1,False,,Clean,Monoderm (Keep)
GCF_900476015.1,False,,Clean,Monoderm (Keep)
GCF_900476455.1,False,,Clean,Monoderm (Keep)
GCF_900476505.1,False,,Clean,Monoderm (Keep)
GCF_900475975.1,False,,Clean,Monoderm (Keep)
GCF_900476055.1,False,,Clean,Monoderm (Keep)
GCF_900475805.1,False,,Clean,Monoderm (Keep)
GCF_900478185.1,False,,Clean,Monoderm (Keep)
GCF_900476465.1,False,,Clean,Monoderm (Keep)
GCF_900476045.1,False,,Clean,Monoderm (Keep)
GCF_900476445.1,False,,Clean,Monoderm (Keep)
GCF_900475915.1,False,,Clean,Monoderm (Keep)
GCF_900476475.1,False,,Clean,Monoderm (Keep)
GCF_900478035.1,False,,Clean,Monoderm (Keep)
GCF_900475835.1,False,,Clean,Monoderm (Keep)
GCF_900478015.1,False,,Clean,Monoderm (Keep)
GCF_900477975.1,False,,Clean,Monoderm (Keep)
GCF_900478045.1,False,,Clean,Monoderm (Keep)
GCF_900478245.1,False,,Clean,Monoderm (Keep)
GCF_900478165.1,False,,Clean,Monoderm (Keep)
GCF_900489625.1,False,,Clean,Monoderm (Keep)
GCF_900489595.1,False,,Clean,Monoderm (Keep)
GCF_900489555.1,False,,Clean,Monoderm (Keep)
GCF_900489515.1,False,,Clean,Monoderm (Keep)
GCF_900489795.1,False,,Clean,Monoderm (Keep)
GCF_900489545.1,False,,Clean,Monoderm (Keep)
GCF_900489565.1,False,,Clean,Monoderm (Keep)
GCF_900489685.1,False,,Clean,Monoderm (Keep)
GCF_900489765.1,False,,Clean,Monoderm (Keep)
GCF_900489525.1,False,,Clean,Monoderm (Keep)
GCF_900489725.1,False,,Clean,Monoderm (Keep)
GCF_900489785.1,False,,Clean,Monoderm (Keep)
GCF_900489665.1,False,,Clean,Monoderm (Keep)
GCF_900489675.1,False,,Clean,Monoderm (Keep)
GCF_900489805.1,False,,Clean,Monoderm (Keep)
GCF_900489705.1,False,,Clean,Monoderm (Keep)
GCF_900489575.1,False,,Clean,Monoderm (Keep)
GCF_900489715.1,False,,Clean,Monoderm (Keep)
GCF_900489825.1,False,,Clean,Monoderm (Keep)
GCF_900489655.1,False,,Clean,Monoderm (Keep)
GCF_900478115.1,False,,Clean,Monoderm (Keep)
GCF_900519455.1,False,,Clean,Monoderm (Keep)
GCF_900478415.1,False,,Clean,Monoderm (Keep)
GCF_900519475.1,False,,Clean,Monoderm (Keep)
GCF_900492165.1,False,,Clean,Monoderm (Keep)
GCF_900607305.1,False,,Clean,Monoderm (Keep)
GCF_900492555.1,False,,Clean,Monoderm (Keep)
GCF_900607255.1,False,,Clean,Monoderm (Keep)
GCF_900607265.1,False,,Clean,Monoderm (Keep)
GCF_900618545.1,False,,Clean,Monoderm (Keep)
GCF_900608505.1,False,,Clean,Monoderm (Keep)
GCF_900604345.1,False,,Clean,Monoderm (Keep)
GCF_900607245.1,False,,Clean,Monoderm (Keep)
GCF_900607295.1,False,,Clean,Monoderm (Keep)
GCF_900607285.1,False,,Clean,Monoderm (Keep)
GCF_900478255.1,False,,Clean,Monoderm (Keep)
GCF_900607275.1,False,,Clean,Monoderm (Keep)
GCF_900538275.1,False,,Clean,Monoderm (Keep)
GCF_900537995.1,False,,Clean,Monoderm (Keep)
GCF_900620255.1,False,,Clean,Monoderm (Keep)
GCF_900634805.1,False,,Clean,Monoderm (Keep)
GCF_900635365.1,False,,Clean,Monoderm (Keep)
GCF_900618575.1,False,,Clean,Monoderm (Keep)
GCF_900618585.1,False,,Clean,Monoderm (Keep)
GCF_900636365.1,False,,Clean,Monoderm (Keep)
GCF_900635345.1,False,,Clean,Monoderm (Keep)
GCF_900635285.1,False,,Clean,Monoderm (Keep)
GCF_900618555.1,False,,Clean,Monoderm (Keep)
GCF_900636265.1,False,,Clean,Monoderm (Keep)
GCF_900635905.1,False,,Clean,Monoderm (Keep)
GCF_900603025.1,False,,Clean,Monoderm (Keep)
GCF_900520315.1,False,,Clean,Monoderm (Keep)
GCF_900622505.2,False,,Clean,Monoderm (Keep)
GCF_900620225.1,False,,Clean,Monoderm (Keep)
GCF_900620235.1,False,,Clean,Monoderm (Keep)
GCF_900619605.1,False,,Clean,Monoderm (Keep)
GCF_900620215.1,False,,Clean,Monoderm (Keep)
GCF_900619625.1,False,,Clean,Monoderm (Keep)
GCF_900620245.1,False,,Clean,Monoderm (Keep)
GCF_900635415.1,False,,Clean,Monoderm (Keep)
GCF_900619595.1,False,,Clean,Monoderm (Keep)
GCF_900619585.1,False,,Clean,Monoderm (Keep)
GCF_900635295.1,False,,Clean,Monoderm (Keep)
GCF_900619615.1,False,,Clean,Monoderm (Keep)
GCF_900635155.1,False,,Clean,Monoderm (Keep)
GCF_900636355.2,False,,Clean,Monoderm (Keep)
GCF_900635265.1,False,,Clean,Monoderm (Keep)
GCF_900636255.1,False,,Clean,Monoderm (Keep)
GCF_900635095.1,False,,Clean,Monoderm (Keep)
GCF_900636325.1,False,,Clean,Monoderm (Keep)
GCF_900636345.2,False,,Clean,Monoderm (Keep)
GCF_900636335.1,False,,Clean,Monoderm (Keep)
GCF_900635335.1,False,,Clean,Monoderm (Keep)
GCF_900635305.1,False,,Clean,Monoderm (Keep)
GCF_900635505.1,False,,Clean,Monoderm (Keep)
GCF_900635315.1,False,,Clean,Monoderm (Keep)
GCF_900635245.1,False,,Clean,Monoderm (Keep)
GCF_900631605.1,False,,Clean,Monoderm (Keep)
GCF_900631615.1,False,,Clean,Monoderm (Keep)
GCF_900636725.1,False,,Clean,Monoderm (Keep)
GCF_900636445.1,False,,Clean,Monoderm (Keep)
GCF_900636435.1,False,,Clean,Monoderm (Keep)
GCF_900636465.1,False,,Clean,Monoderm (Keep)
GCF_900636565.1,False,,Clean,Monoderm (Keep)
GCF_900636885.1,False,,Clean,Monoderm (Keep)
GCF_900636525.1,False,,Clean,Monoderm (Keep)
GCF_900636485.1,False,,Clean,Monoderm (Keep)
GCF_900636895.1,False,,Clean,Monoderm (Keep)
GCF_900636815.1,False,,Clean,Monoderm (Keep)
GCF_900636505.1,False,,Clean,Monoderm (Keep)
GCF_900636375.1,False,,Clean,Monoderm (Keep)
GCF_900636615.1,False,,Clean,Monoderm (Keep)
GCF_900636575.1,False,,Clean,Monoderm (Keep)
GCF_900636685.1,False,,Clean,Monoderm (Keep)
GCF_900636555.1,False,,Clean,Monoderm (Keep)
GCF_900636585.1,False,,Clean,Monoderm (Keep)
GCF_900636695.1,False,,Clean,Monoderm (Keep)
GCF_900636805.1,False,,Clean,Monoderm (Keep)
GCF_900636965.1,False,,Clean,Monoderm (Keep)
GCF_900636775.1,False,,Clean,Monoderm (Keep)
GCF_900636385.1,False,,Clean,Monoderm (Keep)
GCF_900635765.1,False,,Clean,Monoderm (Keep)
GCF_900636835.1,False,,Clean,Monoderm (Keep)
GCF_900636715.1,False,,Clean,Monoderm (Keep)
GCF_900636875.1,False,,Clean,Monoderm (Keep)
GCF_900639355.1,False,,Clean,Monoderm (Keep)
GCF_900639445.1,False,,Clean,Monoderm (Keep)
GCF_900639485.1,False,,Clean,Monoderm (Keep)
GCF_900639335.1,False,,Clean,Monoderm (Keep)
GCF_900639495.1,False,,Clean,Monoderm (Keep)
GCF_900639405.1,False,,Clean,Monoderm (Keep)
GCF_900639555.1,False,,Clean,Monoderm (Keep)
GCF_900639395.1,False,,Clean,Monoderm (Keep)
GCF_900639515.1,False,,Clean,Monoderm (Keep)
GCF_900638825.1,False,,Clean,Monoderm (Keep)
GCF_900639385.1,False,,Clean,Monoderm (Keep)
GCF_900639345.1,False,,Clean,Monoderm (Keep)
GCF_900639505.1,False,,Clean,Monoderm (Keep)
GCF_900638775.1,False,,Clean,Monoderm (Keep)
GCF_900638785.1,False,,Clean,Monoderm (Keep)
GCF_900638805.1,False,,Clean,Monoderm (Keep)
GCF_900639365.1,False,,Clean,Monoderm (Keep)
GCF_900638565.1,False,,Clean,Monoderm (Keep)
GCF_900638815.1,False,,Clean,Monoderm (Keep)
GCF_900639525.1,False,,Clean,Monoderm (Keep)
GCF_900639415.1,False,,Clean,Monoderm (Keep)
GCF_900639455.1,False,,Clean,Monoderm (Keep)
GCF_900637625.1,False,,Clean,Monoderm (Keep)
GCF_900638585.1,False,,Clean,Monoderm (Keep)
GCF_900639425.1,False,,Clean,Monoderm (Keep)
GCF_900637175.1,False,,Clean,Monoderm (Keep)
GCF_900637095.1,False,,Clean,Monoderm (Keep)
GCF_900637025.1,False,,Clean,Monoderm (Keep)
GCF_900637955.1,False,,Clean,Monoderm (Keep)
GCF_900637905.1,False,,Clean,Monoderm (Keep)
GCF_900637845.1,False,,Clean,Monoderm (Keep)
GCF_900638055.1,False,,Clean,Monoderm (Keep)
GCF_900639465.1,False,,Clean,Monoderm (Keep)
GCF_900638765.1,False,,Clean,Monoderm (Keep)
GCF_900637565.1,False,,Clean,Monoderm (Keep)
GCF_900638495.1,False,,Clean,Monoderm (Keep)
GCF_900638705.1,False,,Clean,Monoderm (Keep)
GCF_900638415.1,False,,Clean,Monoderm (Keep)
GCF_900637335.1,False,,Clean,Monoderm (Keep)
GCF_900637605.1,False,,Clean,Monoderm (Keep)
GCF_900637145.1,False,,Clean,Monoderm (Keep)
GCF_900639535.1,False,,Clean,Monoderm (Keep)
GCF_900637985.1,False,,Clean,Monoderm (Keep)
GCF_900637815.1,False,,Clean,Monoderm (Keep)
GCF_900639565.1,False,,Clean,Monoderm (Keep)
GCF_900637065.1,False,,Clean,Monoderm (Keep)
GCF_900637835.1,False,,Clean,Monoderm (Keep)
GCF_900637035.1,False,,Clean,Monoderm (Keep)
GCF_900638715.1,False,,Clean,Monoderm (Keep)
GCF_900637075.1,False,,Clean,Monoderm (Keep)
GCF_900638015.1,False,,Clean,Monoderm (Keep)
GCF_900637235.1,False,,Clean,Monoderm (Keep)
GCF_900637825.1,False,,Clean,Monoderm (Keep)
GCF_900637915.1,False,,Clean,Monoderm (Keep)
GCF_900637935.1,False,,Clean,Monoderm (Keep)
GCF_900637725.1,False,,Clean,Monoderm (Keep)
GCF_900637975.1,False,,Clean,Monoderm (Keep)
GCF_900637165.1,False,,Clean,Monoderm (Keep)
GCF_900639545.1,False,,Clean,Monoderm (Keep)
GCF_900638085.1,False,,Clean,Monoderm (Keep)
GCF_900638255.1,False,,Clean,Monoderm (Keep)
GCF_900637215.1,False,,Clean,Monoderm (Keep)
GCF_900637155.1,False,,Clean,Monoderm (Keep)
GCF_900637745.1,False,,Clean,Monoderm (Keep)
GCF_900638695.1,False,,Clean,Monoderm (Keep)
GCF_900637575.1,False,,Clean,Monoderm (Keep)
GCF_900637785.1,False,,Clean,Monoderm (Keep)
GCF_900637295.1,False,,Clean,Monoderm (Keep)
GCF_900637925.1,False,,Clean,Monoderm (Keep)
GCF_900637695.1,False,,Clean,Monoderm (Keep)
GCF_900638645.1,False,,Clean,Monoderm (Keep)
GCF_900637715.1,False,,Clean,Monoderm (Keep)
GCF_900638745.1,False,,Clean,Monoderm (Keep)
GCF_900638215.1,False,,Clean,Monoderm (Keep)
GCF_900637205.1,False,,Clean,Monoderm (Keep)
GCF_900637195.1,False,,Clean,Monoderm (Keep)
GCF_900637055.1,False,,Clean,Monoderm (Keep)
GCF_900637185.1,False,,Clean,Monoderm (Keep)
GCF_900639575.1,False,,Clean,Monoderm (Keep)
GCF_900639585.1,False,,Clean,Monoderm (Keep)
GCF_900660435.1,False,,Clean,Monoderm (Keep)
GCF_900660445.2,False,,Clean,Monoderm (Keep)
GCF_900639595.1,False,,Clean,Monoderm (Keep)
GCF_900660465.1,False,,Clean,Monoderm (Keep)
GCF_900660515.1,False,,Clean,Monoderm (Keep)
GCF_900660485.1,False,,Clean,Monoderm (Keep)
GCF_900660545.1,False,,Clean,Monoderm (Keep)
GCF_900660525.1,False,,Clean,Monoderm (Keep)
GCF_900639635.1,False,,Clean,Monoderm (Keep)
GCF_900660505.1,False,,Clean,Monoderm (Keep)
GCF_900660495.1,False,,Clean,Monoderm (Keep)
GCF_900639655.1,False,,Clean,Monoderm (Keep)
GCF_900639605.1,False,,Clean,Monoderm (Keep)
GCF_900639625.1,False,,Clean,Monoderm (Keep)
GCF_900639705.1,False,,Clean,Monoderm (Keep)
GCF_900639745.1,False,,Clean,Monoderm (Keep)
GCF_900640265.1,False,,Clean,Monoderm (Keep)
GCF_900639615.1,False,,Clean,Monoderm (Keep)
GCF_900639725.1,False,,Clean,Monoderm (Keep)
GCF_900639715.1,False,,Clean,Monoderm (Keep)
GCF_900660565.1,False,,Clean,Monoderm (Keep)
GCF_900660575.1,False,,Clean,Monoderm (Keep)
GCF_900659885.1,False,,Clean,Monoderm (Keep)
GCF_900660665.1,False,,Clean,Monoderm (Keep)
GCF_900660635.1,False,,Clean,Monoderm (Keep)
GCF_900660585.1,False,,Clean,Monoderm (Keep)
GCF_900660725.1,False,,Clean,Monoderm (Keep)
GCF_900660675.1,False,,Clean,Monoderm (Keep)
GCF_900660755.1,False,,Clean,Monoderm (Keep)
GCF_900660695.1,False,,Clean,Monoderm (Keep)
GCF_900660735.1,False,,Clean,Monoderm (Keep)
GCF_900660685.1,False,,Clean,Monoderm (Keep)
GCF_900660655.1,False,,Clean,Monoderm (Keep)
GCF_900660715.1,False,,Clean,Monoderm (Keep)
GCF_900660645.1,False,,Clean,Monoderm (Keep)
GCF_900660705.1,False,,Clean,Monoderm (Keep)
GCF_900660605.1,False,,Clean,Monoderm (Keep)
GCF_900660615.1,False,,Clean,Monoderm (Keep)
GCF_901543605.1,False,,Clean,Monoderm (Keep)
GCF_901543475.1,False,,Clean,Monoderm (Keep)
GCF_900692935.1,False,,Clean,Monoderm (Keep)
GCF_901482645.1,False,,Clean,Monoderm (Keep)
GCF_901542435.1,False,,Clean,Monoderm (Keep)
GCF_901543625.1,False,,Clean,Monoderm (Keep)
GCF_901482545.1,False,,Clean,Monoderm (Keep)
GCF_902141225.1,False,,Clean,Monoderm (Keep)
GCF_901553755.1,False,,Clean,Monoderm (Keep)
GCF_901521425.1,False,,Clean,Monoderm (Keep)
GCF_901543615.1,False,,Clean,Monoderm (Keep)
GCF_901472475.1,False,,Clean,Monoderm (Keep)
GCF_900660745.1,False,,Clean,Monoderm (Keep)
GCF_900693055.1,False,,Clean,Monoderm (Keep)
GCF_901553735.1,False,,Clean,Monoderm (Keep)
GCF_901542485.1,False,,Clean,Monoderm (Keep)
GCF_900683475.1,False,,Clean,Monoderm (Keep)
GCF_901543415.1,False,,Clean,Monoderm (Keep)
GCF_901544215.1,False,,Clean,Monoderm (Keep)
GCF_901542365.1,False,,Clean,Monoderm (Keep)
GCF_900795205.1,False,,Clean,Monoderm (Keep)
GCF_900693075.1,False,,Clean,Monoderm (Keep)
GCF_900693025.1,False,,Clean,Monoderm (Keep)
GCF_901482565.1,False,,Clean,Monoderm (Keep)
GCF_901543995.1,False,,Clean,Monoderm (Keep)
GCF_901482605.1,False,,Clean,Monoderm (Keep)
GCF_901543175.1,False,,Clean,Monoderm (Keep)
GCF_901544385.1,False,,Clean,Monoderm (Keep)
GCF_902167875.1,False,,Clean,Monoderm (Keep)
GCF_901543725.1,False,,Clean,Monoderm (Keep)
GCF_901542335.1,False,,Clean,Monoderm (Keep)
GCF_901553725.1,False,,Clean,Monoderm (Keep)
GCF_902141215.1,False,,Clean,Monoderm (Keep)
GCF_900683755.1,False,,Clean,Monoderm (Keep)
GCF_902167885.1,False,,Clean,Monoderm (Keep)
GCF_902379005.2,False,,Clean,Monoderm (Keep)
GCF_902381625.1,False,,Clean,Monoderm (Keep)
GCF_902381635.1,False,,Clean,Monoderm (Keep)
GCF_902381755.1,False,,Clean,Monoderm (Keep)
GCF_900683775.1,False,,Clean,Monoderm (Keep)
GCF_902381745.1,False,,Clean,Monoderm (Keep)
GCF_900683635.1,False,,Clean,Monoderm (Keep)
GCF_903886475.1,False,,Clean,Monoderm (Keep)
GCF_903886505.1,False,,Clean,Monoderm (Keep)
GCF_903960675.1,False,,Clean,Monoderm (Keep)
GCF_903886645.1,False,,Clean,Monoderm (Keep)
GCF_903886595.1,False,,Clean,Monoderm (Keep)
GCF_902509485.1,False,,Clean,Monoderm (Keep)
GCF_903891135.1,False,,Clean,Monoderm (Keep)
GCF_903890695.1,False,,Clean,Monoderm (Keep)
GCF_902509515.1,False,,Clean,Monoderm (Keep)
GCF_902509535.1,False,,Clean,Monoderm (Keep)
GCF_902509525.1,False,,Clean,Monoderm (Keep)
GCF_902509495.1,False,,Clean,Monoderm (Keep)
GCF_902509505.1,False,,Clean,Monoderm (Keep)
GCF_903886205.1,False,,Clean,Monoderm (Keep)
GCF_903891245.1,False,,Clean,Monoderm (Keep)
GCF_902702785.1,False,,Clean,Monoderm (Keep)
GCF_902386915.1,False,,Clean,Monoderm (Keep)
GCF_903886635.1,False,,Clean,Monoderm (Keep)
GCF_903886745.1,False,,Clean,Monoderm (Keep)
GCF_903891205.1,False,,Clean,Monoderm (Keep)
GCF_902385935.1,False,,Clean,Monoderm (Keep)
GCF_903890945.1,False,,Clean,Monoderm (Keep)
GCF_903890825.1,False,,Clean,Monoderm (Keep)
GCF_902702745.1,False,,Clean,Monoderm (Keep)
GCF_903885985.1,False,,Clean,Monoderm (Keep)
GCF_903890815.1,False,,Clean,Monoderm (Keep)
GCF_903886345.1,False,,Clean,Monoderm (Keep)
GCF_903891195.1,False,,Clean,Monoderm (Keep)
GCF_902381775.1,False,,Clean,Monoderm (Keep)
GCF_903891015.1,False,,Clean,Monoderm (Keep)
GCF_903886195.1,False,,Clean,Monoderm (Keep)
GCF_902387355.1,False,,Clean,Monoderm (Keep)
GCF_903891305.1,False,,Clean,Monoderm (Keep)
GCF_903886385.1,False,,Clean,Monoderm (Keep)
GCF_902386775.1,False,,Clean,Monoderm (Keep)
GCF_903890925.1,False,,Clean,Monoderm (Keep)
GCF_902387425.1,False,,Clean,Monoderm (Keep)
GCF_903886285.1,False,,Clean,Monoderm (Keep)
GCF_903891105.1,False,,Clean,Monoderm (Keep)
GCF_903886075.1,False,,Clean,Monoderm (Keep)
GCF_902702755.1,False,,Clean,Monoderm (Keep)
GCF_902381765.1,False,,Clean,Monoderm (Keep)
GCF_903891025.1,False,,Clean,Monoderm (Keep)
GCF_903890905.1,False,,Clean,Monoderm (Keep)
GCF_902386735.1,False,,Clean,Monoderm (Keep)
GCF_902806445.1,False,,Clean,Monoderm (Keep)
GCF_903884415.1,False,,Clean,Monoderm (Keep)
GCF_902702775.1,False,,Clean,Monoderm (Keep)
GCF_902388175.1,False,,Clean,Monoderm (Keep)
GCF_902386185.1,False,,Clean,Monoderm (Keep)
GCF_903890795.1,False,,Clean,Monoderm (Keep)
GCF_902702765.1,False,,Clean,Monoderm (Keep)
GCF_902386655.1,False,,Clean,Monoderm (Keep)
GCF_902386585.1,False,,Clean,Monoderm (Keep)
GCF_903890635.1,False,,Clean,Monoderm (Keep)
GCF_902387945.1,False,,Clean,Monoderm (Keep)
GCF_902385845.1,False,,Clean,Monoderm (Keep)
GCF_902702935.1,False,,Clean,Monoderm (Keep)
GCF_902388275.1,False,,Clean,Monoderm (Keep)
GCF_902386635.1,False,,Clean,Monoderm (Keep)
GCF_902388025.1,False,,Clean,Monoderm (Keep)
GCF_902386715.1,False,,Clean,Monoderm (Keep)
GCF_902809765.1,False,,Clean,Monoderm (Keep)
GCF_902386435.1,False,,Clean,Monoderm (Keep)
GCF_902387955.1,False,,Clean,Monoderm (Keep)
GCF_902386365.1,False,,Clean,Monoderm (Keep)
GCF_902829275.1,False,,Clean,Monoderm (Keep)
GCF_902729405.1,False,,Clean,Monoderm (Keep)
GCF_902829265.1,False,,Clean,Monoderm (Keep)
GCF_902386215.1,False,,Clean,Monoderm (Keep)
GCF_902459825.2,False,,Clean,Monoderm (Keep)
GCF_903932595.1,False,,Clean,Monoderm (Keep)
GCF_902386945.1,False,,Clean,Monoderm (Keep)
GCF_903932605.1,False,,Clean,Monoderm (Keep)
GCF_904066215.1,False,,Clean,Monoderm (Keep)
GCF_904528075.1,False,,Clean,Monoderm (Keep)
GCF_904810335.1,False,,Clean,Monoderm (Keep)
GCF_946888465.1,False,,Clean,Monoderm (Keep)
GCF_904810325.1,False,,Clean,Monoderm (Keep)
GCF_904440645.1,False,,Clean,Monoderm (Keep)
GCF_904440635.1,False,,Clean,Monoderm (Keep)
GCF_905311405.2,False,,Clean,Monoderm (Keep)
GCF_910574535.1,False,,Clean,Monoderm (Keep)
GCF_906464925.1,False,,Clean,Monoderm (Keep)
GCF_907176135.1,False,,Clean,Monoderm (Keep)
GCF_907163315.1,False,,Clean,Monoderm (Keep)
GCF_907163255.1,False,,Clean,Monoderm (Keep)
GCF_906464835.1,False,,Clean,Monoderm (Keep)
GCF_907165365.1,False,,Clean,Monoderm (Keep)
GCF_907177285.1,False,,Clean,Monoderm (Keep)
GCF_906464895.1,False,,Clean,Monoderm (Keep)
GCF_934924865.1,False,,Clean,Monoderm (Keep)
GCF_906464915.2,False,,Clean,Monoderm (Keep)
GCF_906464875.1,False,,Clean,Monoderm (Keep)
GCF_906464865.1,False,,Clean,Monoderm (Keep)
GCF_905315015.2,False,,Clean,Monoderm (Keep)
GCF_905315025.2,False,,Clean,Monoderm (Keep)
GCF_907176815.1,False,,Clean,Monoderm (Keep)
GCF_940796315.1,False,,Clean,Monoderm (Keep)
GCF_905319565.2,False,,Clean,Monoderm (Keep)
GCF_905315685.2,False,,Clean,Monoderm (Keep)
GCF_946902905.1,False,,Clean,Monoderm (Keep)
GCF_940677205.1,False,,Clean,Monoderm (Keep)
GCF_916618895.1,False,,Clean,Monoderm (Keep)
GCF_905186165.1,False,,Clean,Monoderm (Keep)
GCF_947054965.1,False,,Clean,Monoderm (Keep)
GCF_947055595.1,False,,Clean,Monoderm (Keep)
GCF_947055095.1,False,,Clean,Monoderm (Keep)
GCF_947096915.1,False,,Clean,Monoderm (Keep)
GCF_930986525.1,False,,Clean,Monoderm (Keep)
GCF_931972305.1,False,,Clean,Monoderm (Keep)
GCF_947055195.1,False,,Clean,Monoderm (Keep)
GCF_940588555.1,False,,Clean,Monoderm (Keep)
GCF_947055965.1,False,,Clean,Monoderm (Keep)
GCF_927312875.1,False,,Clean,Monoderm (Keep)
GCF_947055105.1,False,,Clean,Monoderm (Keep)
GCF_947054945.1,False,,Clean,Monoderm (Keep)
GCF_904831005.1,False,,Clean,Monoderm (Keep)
GCF_905219375.1,False,,Clean,Monoderm (Keep)
GCF_947055185.1,False,,Clean,Monoderm (Keep)
GCF_905219385.1,False,,Clean,Monoderm (Keep)
GCF_947034825.1,False,,Clean,Monoderm (Keep)
GCF_947055055.1,False,,Clean,Monoderm (Keep)
GCF_942548115.1,False,,Clean,Monoderm (Keep)
GCF_940670685.1,False,,Clean,Monoderm (Keep)
GCF_932530395.1,False,,Clean,Monoderm (Keep)
GCF_947090775.1,False,,Clean,Monoderm (Keep)
GCF_905310985.2,False,,Clean,Monoderm (Keep)
GCF_919162555.1,False,,Clean,Monoderm (Keep)
GCF_904810355.1,False,,Clean,Monoderm (Keep)
GCF_904810345.1,False,,Clean,Monoderm (Keep)
GCF_932527465.1,False,,Clean,Monoderm (Keep)
GCF_905315715.2,False,,Clean,Monoderm (Keep)
GCF_905315035.2,False,,Clean,Monoderm (Keep)
GCF_932530315.1,False,,Clean,Monoderm (Keep)
GCF_905311425.2,False,,Clean,Monoderm (Keep)
GCF_905312035.2,False,,Clean,Monoderm (Keep)
GCF_904810365.1,False,,Clean,Monoderm (Keep)
GCF_905315055.2,False,,Clean,Monoderm (Keep)
GCF_905319545.2,False,,Clean,Monoderm (Keep)
GCF_905318255.2,False,,Clean,Monoderm (Keep)
GCF_947097575.1,False,,Clean,Monoderm (Keep)
GCF_947098765.1,False,,Clean,Monoderm (Keep)
GCF_905310975.2,False,,Clean,Monoderm (Keep)
GCF_905310995.2,False,,Clean,Monoderm (Keep)
GCF_905315045.2,False,,Clean,Monoderm (Keep)
GCF_905315395.2,False,,Clean,Monoderm (Keep)
GCF_905311385.2,False,,Clean,Monoderm (Keep)
GCF_905319155.2,False,,Clean,Monoderm (Keep)
GCF_945605565.1,False,,Clean,Monoderm (Keep)
GCF_905315705.2,False,,Clean,Monoderm (Keep)
GCF_905311435.2,False,,Clean,Monoderm (Keep)
GCF_905319135.2,False,,Clean,Monoderm (Keep)
GCF_932527315.1,False,,Clean,Monoderm (Keep)
GCF_932527325.1,False,,Clean,Monoderm (Keep)
GCF_947098835.1,False,,Clean,Monoderm (Keep)
GCF_947098855.1,False,,Clean,Monoderm (Keep)
GCF_002078375.4,False,,Clean,Monoderm (Keep)
GCF_000173255.5,False,,Clean,Monoderm (Keep)
GCF_001010995.2,False,,Clean,Monoderm (Keep)
GCF_000708635.2,False,,Clean,Monoderm (Keep)
GCF_002078495.2,False,,Clean,Monoderm (Keep)
GCF_002078475.4,False,,Clean,Monoderm (Keep)
GCF_002007085.2,False,,Clean,Monoderm (Keep)
GCF_001940165.2,False,,Clean,Monoderm (Keep)
GCF_002078615.4,False,,Clean,Monoderm (Keep)
GCF_000414215.2,False,,Clean,Monoderm (Keep)
GCF_949152215.1,False,,Clean,Monoderm (Keep)
GCF_947539375.1,False,,Clean,Monoderm (Keep)
GCF_947099305.1,False,,Clean,Monoderm (Keep)
GCF_949769255.1,False,,Clean,Monoderm (Keep)
GCF_949769285.1,False,,Clean,Monoderm (Keep)
GCF_000568955.2,False,,Clean,Monoderm (Keep)
GCF_001865055.2,False,,Clean,Monoderm (Keep)
GCF_001940225.2,False,,Clean,Monoderm (Keep)
GCF_001864935.2,False,,Clean,Monoderm (Keep)
GCF_002871345.2,False,,Clean,Monoderm (Keep)
GCF_002078895.2,False,,Clean,Monoderm (Keep)
GCF_002901165.3,False,,Clean,Monoderm (Keep)
GCF_002078765.3,False,,Clean,Monoderm (Keep)
GCF_002078955.2,False,,Clean,Monoderm (Keep)
GCF_002078995.4,False,,Clean,Monoderm (Keep)
GCF_002572815.2,False,,Clean,Monoderm (Keep)
GCF_002078975.4,False,,Clean,Monoderm (Keep)
GCF_002872015.2,False,,Clean,Monoderm (Keep)
GCF_002871945.2,False,,Clean,Monoderm (Keep)
GCF_947311705.1,False,,Clean,Monoderm (Keep)
GCF_948472415.1,False,,Clean,Monoderm (Keep)
GCF_002860685.3,False,,Clean,Monoderm (Keep)
GCF_002860645.2,False,,Clean,Monoderm (Keep)
GCF_002871915.2,False,,Clean,Monoderm (Keep)
GCF_000612545.2,False,,Clean,Monoderm (Keep)
GCF_002884955.3,False,,Clean,Monoderm (Keep)
GCF_002871995.2,False,,Clean,Monoderm (Keep)
GCF_002871855.1,False,,Clean,Monoderm (Keep)
GCF_002847685.2,False,,Clean,Monoderm (Keep)
GCF_002108035.2,False,,Clean,Monoderm (Keep)
GCF_002871575.2,False,,Clean,Monoderm (Keep)
GCF_002847965.2,False,,Clean,Monoderm (Keep)
GCF_003234225.2,False,,Clean,Monoderm (Keep)
GCF_002847845.2,False,,Clean,Monoderm (Keep)
GCF_003234085.2,False,,Clean,Monoderm (Keep)
GCF_003224435.2,False,,Clean,Monoderm (Keep)
GCF_003224315.2,False,,Clean,Monoderm (Keep)
GCF_003234265.2,False,,Clean,Monoderm (Keep)
GCF_003234115.2,False,,Clean,Monoderm (Keep)
GCF_003234815.2,False,,Clean,Monoderm (Keep)
GCF_003234605.2,False,,Clean,Monoderm (Keep)
GCF_003234365.2,False,,Clean,Monoderm (Keep)
GCF_003234335.2,False,,Clean,Monoderm (Keep)
GCF_003234255.2,False,,Clean,Monoderm (Keep)
GCF_003234175.2,False,,Clean,Monoderm (Keep)
GCF_003234795.2,False,,Clean,Monoderm (Keep)
GCF_003234705.2,False,,Clean,Monoderm (Keep)
GCF_003234445.2,False,,Clean,Monoderm (Keep)
GCF_003234775.2,False,,Clean,Monoderm (Keep)
GCF_000280725.2,False,,Clean,Monoderm (Keep)
GCF_003234805.2,False,,Clean,Monoderm (Keep)
GCF_003234655.2,False,,Clean,Monoderm (Keep)
GCF_001636945.3,False,,Clean,Monoderm (Keep)
GCF_003286735.3,False,,Clean,Monoderm (Keep)
GCF_007923865.2,False,,Clean,Monoderm (Keep)
GCF_003286645.3,False,,Clean,Monoderm (Keep)
GCF_003286845.3,False,,Clean,Monoderm (Keep)
GCF_007923885.2,False,,Clean,Monoderm (Keep)
GCF_007923785.2,False,,Clean,Monoderm (Keep)
GCF_007923665.2,False,,Clean,Monoderm (Keep)
GCF_003286595.3,False,,Clean,Monoderm (Keep)
GCF_003234885.2,False,,Clean,Monoderm (Keep)
GCF_003234895.2,False,,Clean,Monoderm (Keep)
GCF_007556695.2,False,,Clean,Monoderm (Keep)
GCF_003286875.3,False,,Clean,Monoderm (Keep)
GCF_003687415.2,False,,Clean,Monoderm (Keep)
GCF_004524775.2,False,,Clean,Monoderm (Keep)
GCF_003286755.3,False,,Clean,Monoderm (Keep)
GCF_003286825.2,False,,Clean,Monoderm (Keep)
GCF_004803955.2,False,,Clean,Monoderm (Keep)
GCF_008726475.3,False,,Clean,Monoderm (Keep)
GCF_016952995.2,False,,Clean,Monoderm (Keep)
GCF_016452245.2,False,,Clean,Monoderm (Keep)
GCF_007923945.2,False,,Clean,Monoderm (Keep)
GCF_016952955.2,False,,Clean,Monoderm (Keep)
GCF_016921035.2,False,,Clean,Monoderm (Keep)
GCF_016452265.2,False,,Clean,Monoderm (Keep)
GCF_008726365.3,False,,Clean,Monoderm (Keep)
GCF_022815905.2,False,,Clean,Monoderm (Keep)
GCF_016452225.2,False,,Clean,Monoderm (Keep)
GCF_016920995.2,False,,Clean,Monoderm (Keep)
GCF_016921015.2,False,,Clean,Monoderm (Keep)
GCF_007923965.2,False,,Clean,Monoderm (Keep)
GCF_020819895.2,False,,Clean,Monoderm (Keep)
GCF_010364725.2,False,,Clean,Monoderm (Keep)
GCF_015352015.2,False,,Clean,Monoderm (Keep)
GCF_019788685.2,False,,Clean,Monoderm (Keep)
GCF_008726525.2,False,,Clean,Monoderm (Keep)
GCF_015352045.2,False,,Clean,Monoderm (Keep)
GCF_020177465.2,False,,Clean,Monoderm (Keep)
GCF_021010715.2,False,,Clean,Monoderm (Keep)
GCF_021010665.2,False,,Clean,Monoderm (Keep)
GCF_015352115.2,False,,Clean,Monoderm (Keep)
GCF_008014775.2,False,,Clean,Monoderm (Keep)
GCF_018215265.2,False,,Clean,Monoderm (Keep)
GCF_015352155.2,False,,Clean,Monoderm (Keep)
GCF_015351965.2,False,,Clean,Monoderm (Keep)
GCF_015351935.2,False,,Clean,Monoderm (Keep)
GCF_020524085.2,False,,Clean,Monoderm (Keep)
GCF_017821195.2,False,,Clean,Monoderm (Keep)
GCF_020524035.2,False,,Clean,Monoderm (Keep)
GCF_022163485.2,False,,Clean,Monoderm (Keep)
GCF_022163365.2,False,,Clean,Monoderm (Keep)
GCF_020524205.2,False,,Clean,Monoderm (Keep)
GCF_021696955.2,False,,Clean,Monoderm (Keep)
GCF_014524945.2,False,,Clean,Monoderm (Keep)
GCF_023586685.2,False,,Clean,Monoderm (Keep)
GCF_023278525.2,False,,Clean,Monoderm (Keep)
GCF_022414575.2,False,,Clean,Monoderm (Keep)
GCF_013694245.2,False,,Clean,Monoderm (Keep)
GCF_022175585.2,False,,Clean,Monoderm (Keep)
GCF_022095615.2,False,,Clean,Monoderm (Keep)
GCF_023278485.2,False,,Clean,Monoderm (Keep)
GCF_020524355.2,False,,Clean,Monoderm (Keep)
GCF_022340085.2,False,,Clean,Monoderm (Keep)
GCF_025562875.3,False,,Clean,Monoderm (Keep)
GCF_021442415.2,False,,Clean,Monoderm (Keep)
GCF_024509515.2,False,,Clean,Monoderm (Keep)
GCF_023611865.3,False,,Clean,Monoderm (Keep)
GCF_025562855.2,False,,Clean,Monoderm (Keep)
GCF_024723375.2,False,,Clean,Monoderm (Keep)
GCF_024805795.2,False,,Clean,Monoderm (Keep)
GCF_025562815.2,False,,Clean,Monoderm (Keep)
GCF_025562795.3,False,,Clean,Monoderm (Keep)
GCF_025562895.2,False,,Clean,Monoderm (Keep)
GCF_025562955.2,False,,Clean,Monoderm (Keep)
GCF_029203915.2,False,,Clean,Monoderm (Keep)
GCF_026913205.2,False,,Clean,Monoderm (Keep)
GCF_024703955.2,False,,Clean,Monoderm (Keep)
GCF_020034615.2,False,,Clean,Monoderm (Keep)
GCF_023653455.2,False,,Clean,Monoderm (Keep)
GCF_012273515.2,False,,Clean,Monoderm (Keep)
GCF_030062785.1,False,,Clean,Monoderm (Keep)
GCF_030063965.1,False,,Clean,Monoderm (Keep)
GCF_030062845.1,False,,Clean,Monoderm (Keep)
GCF_030063985.1,False,,Clean,Monoderm (Keep)
GCF_030062375.1,False,,Clean,Monoderm (Keep)
GCF_030062895.1,False,,Clean,Monoderm (Keep)
GCF_030062825.1,False,,Clean,Monoderm (Keep)
GCF_029492705.2,False,,Clean,Monoderm (Keep)
GCF_030062935.1,False,,Clean,Monoderm (Keep)
GCF_030053755.1,False,,Clean,Monoderm (Keep)
GCF_030062915.1,False,,Clean,Monoderm (Keep)
GCF_030064005.1,False,,Clean,Monoderm (Keep)
GCF_030064065.1,False,,Clean,Monoderm (Keep)
GCF_030060945.1,False,,Clean,Monoderm (Keep)
GCF_030064735.1,False,,Clean,Monoderm (Keep)
GCF_030062875.1,False,,Clean,Monoderm (Keep)
GCF_029953235.2,False,,Clean,Monoderm (Keep)
GCF_030064715.1,False,,Clean,Monoderm (Keep)
GCF_030064025.1,False,,Clean,Monoderm (Keep)
GCF_030067875.1,False,,Clean,Monoderm (Keep)
GCF_030067855.1,False,,Clean,Monoderm (Keep)
GCF_030062805.1,False,,Clean,Monoderm (Keep)
GCF_030060925.1,False,,Clean,Monoderm (Keep)
GCF_030078315.1,False,,Clean,Monoderm (Keep)
GCF_030078355.1,False,,Clean,Monoderm (Keep)
GCF_030078375.1,False,,Clean,Monoderm (Keep)
GCF_030078115.1,False,,Clean,Monoderm (Keep)
GCF_030078415.1,False,,Clean,Monoderm (Keep)
GCF_030078275.1,False,,Clean,Monoderm (Keep)
GCF_030061895.1,False,,Clean,Monoderm (Keep)
GCF_030078145.1,False,,Clean,Monoderm (Keep)
GCF_030062395.1,False,,Clean,Monoderm (Keep)
GCF_030078335.1,False,,Clean,Monoderm (Keep)
GCF_030078295.1,False,,Clean,Monoderm (Keep)
GCF_030078095.1,False,,Clean,Monoderm (Keep)
GCF_030078255.1,False,,Clean,Monoderm (Keep)
GCF_030078395.1,False,,Clean,Monoderm (Keep)
GCF_029891535.2,False,,Clean,Monoderm (Keep)
GCF_029891485.2,False,,Clean,Monoderm (Keep)
GCF_030078235.1,False,,Clean,Monoderm (Keep)
GCF_030063945.1,False,,Clean,Monoderm (Keep)
GCF_030063925.1,False,,Clean,Monoderm (Keep)
GCF_030067835.1,False,,Clean,Monoderm (Keep)
GCF_029872275.2,False,,Clean,Monoderm (Keep)
GCF_029891565.2,False,,Clean,Monoderm (Keep)
GCF_029211325.2,False,,Clean,Monoderm (Keep)
GCF_029872195.2,False,,Clean,Monoderm (Keep)
GCF_030064045.1,False,,Clean,Monoderm (Keep)
GCF_029872415.2,False,,Clean,Monoderm (Keep)
GCF_029872235.2,False,,Clean,Monoderm (Keep)
GCF_029891475.2,False,,Clean,Monoderm (Keep)
GCF_029891455.2,False,,Clean,Monoderm (Keep)
GCF_029872245.2,False,,Clean,Monoderm (Keep)
GCF_029891435.2,False,,Clean,Monoderm (Keep)
GCF_029872295.2,False,,Clean,Monoderm (Keep)
GCF_029872215.2,False,,Clean,Monoderm (Keep)
GCF_029891465.2,False,,Clean,Monoderm (Keep)
GCF_029872175.2,False,,Clean,Monoderm (Keep)
GCF_030067815.1,False,,Clean,Monoderm (Keep)
GCF_030053835.1,False,,Clean,Monoderm (Keep)
GCF_030053795.1,False,,Clean,Monoderm (Keep)
GCF_030053815.1,False,,Clean,Monoderm (Keep)
GCF_030053675.1,False,,Clean,Monoderm (Keep)
GCF_030053655.1,False,,Clean,Monoderm (Keep)
GCF_022095675.2,False,,Clean,Monoderm (Keep)
GCF_030077625.1,False,,Clean,Monoderm (Keep)
GCF_029958325.1,False,,Clean,Monoderm (Keep)
GCF_030122745.1,False,,Clean,Monoderm (Keep)
GCF_030122865.1,False,,Clean,Monoderm (Keep)
GCF_030064245.1,False,,Clean,Monoderm (Keep)
GCF_030122825.1,False,,Clean,Monoderm (Keep)
GCF_030122805.1,False,,Clean,Monoderm (Keep)
GCF_030122765.1,False,,Clean,Monoderm (Keep)
GCF_030064675.1,False,,Clean,Monoderm (Keep)
GCF_030122785.1,False,,Clean,Monoderm (Keep)
GCF_030122885.1,False,,Clean,Monoderm (Keep)
GCF_030122705.1,False,,Clean,Monoderm (Keep)
GCF_030169145.1,False,,Clean,Monoderm (Keep)
GCF_030168515.1,False,,Clean,Monoderm (Keep)
GCF_030168165.1,False,,Clean,Monoderm (Keep)
GCF_030126965.1,False,,Clean,Monoderm (Keep)
GCF_030168185.1,False,,Clean,Monoderm (Keep)
GCF_030166975.1,False,,Clean,Monoderm (Keep)
GCF_030166735.1,False,,Clean,Monoderm (Keep)
GCF_030168205.1,False,,Clean,Monoderm (Keep)
GCF_030142155.1,False,,Clean,Monoderm (Keep)
GCF_030166655.1,False,,Clean,Monoderm (Keep)
GCF_030166675.1,False,,Clean,Monoderm (Keep)
GCF_030168025.1,False,,Clean,Monoderm (Keep)
GCF_030166995.1,False,,Clean,Monoderm (Keep)
GCF_030166695.1,False,,Clean,Monoderm (Keep)
GCF_030167055.1,False,,Clean,Monoderm (Keep)
GCF_030144365.1,False,,Clean,Monoderm (Keep)
GCF_030167035.1,False,,Clean,Monoderm (Keep)
GCF_030127445.1,False,,Clean,Monoderm (Keep)
GCF_030166635.1,False,,Clean,Monoderm (Keep)
GCF_030168085.1,False,,Clean,Monoderm (Keep)
GCF_030166575.1,False,,Clean,Monoderm (Keep)
GCF_030167965.1,False,,Clean,Monoderm (Keep)
GCF_030166615.1,False,,Clean,Monoderm (Keep)
GCF_030168005.1,False,,Clean,Monoderm (Keep)
GCF_030168045.1,False,,Clean,Monoderm (Keep)
GCF_030168065.1,False,,Clean,Monoderm (Keep)
GCF_030168125.1,False,,Clean,Monoderm (Keep)
GCF_030168145.1,False,,Clean,Monoderm (Keep)
GCF_030168105.1,False,,Clean,Monoderm (Keep)
GCF_030142045.1,False,,Clean,Monoderm (Keep)
GCF_030122985.1,False,,Clean,Monoderm (Keep)
GCF_030167985.1,False,,Clean,Monoderm (Keep)
GCF_030123125.1,False,,Clean,Monoderm (Keep)
GCF_030122965.1,False,,Clean,Monoderm (Keep)
GCF_030122945.1,False,,Clean,Monoderm (Keep)
GCF_030123005.1,False,,Clean,Monoderm (Keep)
GCF_030123385.1,False,,Clean,Monoderm (Keep)
GCF_030142075.1,False,,Clean,Monoderm (Keep)
GCF_030123425.1,False,,Clean,Monoderm (Keep)
GCF_030123205.1,False,,Clean,Monoderm (Keep)
GCF_030127405.1,False,,Clean,Monoderm (Keep)
GCF_030123305.1,False,,Clean,Monoderm (Keep)
GCF_030167075.1,False,,Clean,Monoderm (Keep)
GCF_030123485.1,False,,Clean,Monoderm (Keep)
GCF_030123345.1,False,,Clean,Monoderm (Keep)
GCF_030123025.1,False,,Clean,Monoderm (Keep)
GCF_030128945.2,False,,Clean,Monoderm (Keep)
GCF_030123225.1,False,,Clean,Monoderm (Keep)
GCF_030123085.1,False,,Clean,Monoderm (Keep)
GCF_030167015.1,False,,Clean,Monoderm (Keep)
GCF_030123285.1,False,,Clean,Monoderm (Keep)
GCF_030123045.1,False,,Clean,Monoderm (Keep)
GCF_030122905.1,False,,Clean,Monoderm (Keep)
GCF_030123405.1,False,,Clean,Monoderm (Keep)
GCF_030122845.1,False,,Clean,Monoderm (Keep)
GCF_030127205.1,False,,Clean,Monoderm (Keep)
GCF_030123165.1,False,,Clean,Monoderm (Keep)
GCF_030123245.1,False,,Clean,Monoderm (Keep)
GCF_030123065.1,False,,Clean,Monoderm (Keep)
GCF_030123365.1,False,,Clean,Monoderm (Keep)
GCF_030122925.1,False,,Clean,Monoderm (Keep)
GCF_030123325.1,False,,Clean,Monoderm (Keep)
GCF_030127045.1,False,,Clean,Monoderm (Keep)
GCF_030123265.1,False,,Clean,Monoderm (Keep)
GCF_030123445.1,False,,Clean,Monoderm (Keep)
GCF_030123185.1,False,,Clean,Monoderm (Keep)
GCF_030123145.1,False,,Clean,Monoderm (Keep)
GCF_030123105.1,False,,Clean,Monoderm (Keep)
GCF_030123505.1,False,,Clean,Monoderm (Keep)
GCF_030166715.1,False,,Clean,Monoderm (Keep)
GCF_030168775.1,False,,Clean,Monoderm (Keep)
GCF_030219445.1,False,,Clean,Monoderm (Keep)
GCF_030169715.1,False,,Clean,Monoderm (Keep)
GCF_030219425.1,False,,Clean,Monoderm (Keep)
GCF_030178475.1,False,,Clean,Monoderm (Keep)
GCF_030169085.1,False,,Clean,Monoderm (Keep)
GCF_030177695.1,False,,Clean,Monoderm (Keep)
GCF_030177855.1,False,,Clean,Monoderm (Keep)
GCF_030219945.1,False,,Clean,Monoderm (Keep)
GCF_030219925.1,False,,Clean,Monoderm (Keep)
GCF_030229125.2,False,,Clean,Monoderm (Keep)
GCF_030262405.2,False,,Clean,Monoderm (Keep)
GCF_030253605.1,False,,Clean,Monoderm (Keep)
GCF_030229385.2,False,,Clean,Monoderm (Keep)
GCF_030290995.1,False,,Clean,Monoderm (Keep)
GCF_030252485.1,False,,Clean,Monoderm (Keep)
GCF_030229705.2,False,,Clean,Monoderm (Keep)
GCF_030252775.1,False,,Clean,Monoderm (Keep)
GCF_030285945.1,False,,Clean,Monoderm (Keep)
GCF_030252755.1,False,,Clean,Monoderm (Keep)
GCF_030262395.2,False,,Clean,Monoderm (Keep)
GCF_030262455.2,False,,Clean,Monoderm (Keep)
GCF_030291715.1,False,,Clean,Monoderm (Keep)
GCF_030291655.1,False,,Clean,Monoderm (Keep)
GCF_030220105.1,False,,Clean,Monoderm (Keep)
GCF_030264095.1,False,,Clean,Monoderm (Keep)
GCF_030252735.1,False,,Clean,Monoderm (Keep)
GCF_030229505.2,False,,Clean,Monoderm (Keep)
GCF_030264755.1,False,,Clean,Monoderm (Keep)
GCF_030286045.1,False,,Clean,Monoderm (Keep)
GCF_030253625.1,False,,Clean,Monoderm (Keep)
GCF_030264235.1,False,,Clean,Monoderm (Keep)
GCF_030264015.1,False,,Clean,Monoderm (Keep)
GCF_030250365.2,False,,Clean,Monoderm (Keep)
GCF_030232715.2,False,,Clean,Monoderm (Keep)
GCF_030252165.1,False,,Clean,Monoderm (Keep)
GCF_030220125.1,False,,Clean,Monoderm (Keep)
GCF_030246965.1,False,,Clean,Monoderm (Keep)
GCF_030232185.2,False,,Clean,Monoderm (Keep)
GCF_030291215.1,False,,Clean,Monoderm (Keep)
GCF_030263975.1,False,,Clean,Monoderm (Keep)
GCF_030229265.2,False,,Clean,Monoderm (Keep)
GCF_030264035.1,False,,Clean,Monoderm (Keep)
GCF_030229905.2,False,,Clean,Monoderm (Keep)
GCF_030227225.2,False,,Clean,Monoderm (Keep)
GCF_030222485.2,False,,Clean,Monoderm (Keep)
GCF_030227345.2,False,,Clean,Monoderm (Keep)
GCF_030246945.1,False,,Clean,Monoderm (Keep)
GCF_030229725.2,False,,Clean,Monoderm (Keep)
GCF_030252595.2,False,,Clean,Monoderm (Keep)
GCF_030254625.1,False,,Clean,Monoderm (Keep)
GCF_030232745.2,False,,Clean,Monoderm (Keep)
GCF_030246925.1,False,,Clean,Monoderm (Keep)
GCF_030252185.1,False,,Clean,Monoderm (Keep)
GCF_030246905.1,False,,Clean,Monoderm (Keep)
GCF_030263915.1,False,,Clean,Monoderm (Keep)
GCF_030252695.1,False,,Clean,Monoderm (Keep)
GCF_030246885.1,False,,Clean,Monoderm (Keep)
GCF_030246865.1,False,,Clean,Monoderm (Keep)
GCF_030253495.1,False,,Clean,Monoderm (Keep)
GCF_030285725.1,False,,Clean,Monoderm (Keep)
GCF_030263895.1,False,,Clean,Monoderm (Keep)
GCF_030220145.1,False,,Clean,Monoderm (Keep)
GCF_030264255.1,False,,Clean,Monoderm (Keep)
GCF_030291295.1,False,,Clean,Monoderm (Keep)
GCF_030284525.1,False,,Clean,Monoderm (Keep)
GCF_030285705.1,False,,Clean,Monoderm (Keep)
GCF_030285745.1,False,,Clean,Monoderm (Keep)
GCF_030291255.1,False,,Clean,Monoderm (Keep)
GCF_030285685.1,False,,Clean,Monoderm (Keep)
GCF_030285765.1,False,,Clean,Monoderm (Keep)
GCF_030252385.1,False,,Clean,Monoderm (Keep)
GCF_030252325.1,False,,Clean,Monoderm (Keep)
GCF_030284405.1,False,,Clean,Monoderm (Keep)
GCF_030263935.1,False,,Clean,Monoderm (Keep)
GCF_030291935.1,False,,Clean,Monoderm (Keep)
GCF_030291995.1,False,,Clean,Monoderm (Keep)
GCF_030291855.1,False,,Clean,Monoderm (Keep)
GCF_030291835.1,False,,Clean,Monoderm (Keep)
GCF_030291815.1,False,,Clean,Monoderm (Keep)
GCF_030291755.1,False,,Clean,Monoderm (Keep)
GCF_030291915.1,False,,Clean,Monoderm (Keep)
GCF_030252345.1,False,,Clean,Monoderm (Keep)
GCF_030285625.1,False,,Clean,Monoderm (Keep)
GCF_030264295.1,False,,Clean,Monoderm (Keep)
GCF_030292015.1,False,,Clean,Monoderm (Keep)
GCF_030291955.1,False,,Clean,Monoderm (Keep)
GCF_030285645.1,False,,Clean,Monoderm (Keep)
GCF_030285665.1,False,,Clean,Monoderm (Keep)
GCF_030316605.1,False,,Clean,Monoderm (Keep)
GCF_030342405.2,False,,Clean,Monoderm (Keep)
GCF_030376725.1,False,,Clean,Monoderm (Keep)
GCF_030369975.1,False,,Clean,Monoderm (Keep)
GCF_030369915.1,False,,Clean,Monoderm (Keep)
GCF_030382045.2,False,,Clean,Monoderm (Keep)
GCF_030382055.2,False,,Clean,Monoderm (Keep)
GCF_030382025.2,False,,Clean,Monoderm (Keep)
GCF_030316155.1,False,,Clean,Monoderm (Keep)
GCF_030342395.2,False,,Clean,Monoderm (Keep)
GCF_030342445.2,False,,Clean,Monoderm (Keep)
GCF_030376825.1,False,,Clean,Monoderm (Keep)
GCF_030294405.1,False,,Clean,Monoderm (Keep)
GCF_030292155.1,False,,Clean,Monoderm (Keep)
GCF_030342385.2,False,,Clean,Monoderm (Keep)
GCF_030382065.2,False,,Clean,Monoderm (Keep)
GCF_030295135.1,False,,Clean,Monoderm (Keep)
GCF_030292075.1,False,,Clean,Monoderm (Keep)
GCF_030369615.1,False,,Clean,Monoderm (Keep)
GCF_030297075.1,False,,Clean,Monoderm (Keep)
GCF_030292205.1,False,,Clean,Monoderm (Keep)
GCF_030297735.1,False,,Clean,Monoderm (Keep)
GCF_030323345.1,False,,Clean,Monoderm (Keep)
GCF_030342475.2,False,,Clean,Monoderm (Keep)
GCF_030292035.1,False,,Clean,Monoderm (Keep)
GCF_030324145.1,False,,Clean,Monoderm (Keep)
GCF_030292135.1,False,,Clean,Monoderm (Keep)
GCF_030292055.1,False,,Clean,Monoderm (Keep)
GCF_030374065.1,False,,Clean,Monoderm (Keep)
GCF_030369715.1,False,,Clean,Monoderm (Keep)
GCF_030292115.1,False,,Clean,Monoderm (Keep)
GCF_030323865.1,False,,Clean,Monoderm (Keep)
GCF_030345055.1,False,,Clean,Monoderm (Keep)
GCF_030323365.1,False,,Clean,Monoderm (Keep)
GCF_030378185.1,False,,Clean,Monoderm (Keep)
GCF_030296775.1,False,,Clean,Monoderm (Keep)
GCF_030345215.1,False,,Clean,Monoderm (Keep)
GCF_030296815.1,False,,Clean,Monoderm (Keep)
GCF_030345235.1,False,,Clean,Monoderm (Keep)
GCF_030345195.1,False,,Clean,Monoderm (Keep)
GCF_030297015.1,False,,Clean,Monoderm (Keep)
GCF_030369635.1,False,,Clean,Monoderm (Keep)
GCF_030316175.1,False,,Clean,Monoderm (Keep)
GCF_030296795.1,False,,Clean,Monoderm (Keep)
GCF_030388305.1,False,,Clean,Monoderm (Keep)
GCF_030369895.1,False,,Clean,Monoderm (Keep)
GCF_030297695.1,False,,Clean,Monoderm (Keep)
GCF_030347395.1,False,,Clean,Monoderm (Keep)
GCF_030323745.1,False,,Clean,Monoderm (Keep)
GCF_030323765.1,False,,Clean,Monoderm (Keep)
GCF_030323725.1,False,,Clean,Monoderm (Keep)
GCF_030316015.1,False,,Clean,Monoderm (Keep)
GCF_030374105.1,False,,Clean,Monoderm (Keep)
GCF_030378485.1,False,,Clean,Monoderm (Keep)
GCF_030369935.1,False,,Clean,Monoderm (Keep)
GCF_030316255.1,False,,Clean,Monoderm (Keep)
GCF_030323705.1,False,,Clean,Monoderm (Keep)
GCF_030323785.1,False,,Clean,Monoderm (Keep)
GCF_030323285.1,False,,Clean,Monoderm (Keep)
GCF_030323805.1,False,,Clean,Monoderm (Keep)
GCF_030369955.1,False,,Clean,Monoderm (Keep)
GCF_030345275.1,False,,Clean,Monoderm (Keep)
GCF_030291795.1,False,,Clean,Monoderm (Keep)
GCF_030377165.1,False,,Clean,Monoderm (Keep)
GCF_030292225.1,False,,Clean,Monoderm (Keep)
GCF_030369595.1,False,,Clean,Monoderm (Keep)
GCF_030389495.1,False,,Clean,Monoderm (Keep)
GCF_030406065.1,False,,Clean,Monoderm (Keep)
GCF_030389965.1,False,,Clean,Monoderm (Keep)
GCF_030388685.1,False,,Clean,Monoderm (Keep)
GCF_030406185.1,False,,Clean,Monoderm (Keep)
GCF_030388485.1,False,,Clean,Monoderm (Keep)
GCF_030389005.1,False,,Clean,Monoderm (Keep)
GCF_030406205.1,False,,Clean,Monoderm (Keep)
GCF_030406775.1,False,,Clean,Monoderm (Keep)
GCF_030388705.1,False,,Clean,Monoderm (Keep)
GCF_030406645.1,False,,Clean,Monoderm (Keep)
GCF_030406845.1,False,,Clean,Monoderm (Keep)
GCF_030435915.1,False,,Clean,Monoderm (Keep)
GCF_030435955.1,False,,Clean,Monoderm (Keep)
GCF_030408555.1,False,,Clean,Monoderm (Keep)
GCF_030408975.1,False,,Clean,Monoderm (Keep)
GCF_030435935.1,False,,Clean,Monoderm (Keep)
GCF_030408455.1,False,,Clean,Monoderm (Keep)
GCF_030435855.1,False,,Clean,Monoderm (Keep)
GCF_030413615.1,False,,Clean,Monoderm (Keep)
GCF_030435975.1,False,,Clean,Monoderm (Keep)
GCF_030408735.1,False,,Clean,Monoderm (Keep)
GCF_030408615.1,False,,Clean,Monoderm (Keep)
GCF_030414215.1,False,,Clean,Monoderm (Keep)
GCF_030408715.1,False,,Clean,Monoderm (Keep)
GCF_030437975.1,False,,Clean,Monoderm (Keep)
GCF_030408815.1,False,,Clean,Monoderm (Keep)
GCF_030435875.1,False,,Clean,Monoderm (Keep)
GCF_030438335.1,False,,Clean,Monoderm (Keep)
GCF_030406905.1,False,,Clean,Monoderm (Keep)
GCF_030440555.1,False,,Clean,Monoderm (Keep)
GCF_030412635.1,False,,Clean,Monoderm (Keep)
GCF_030438385.1,False,,Clean,Monoderm (Keep)
GCF_030450025.1,False,,Clean,Monoderm (Keep)
GCF_030444425.1,False,,Clean,Monoderm (Keep)
GCF_030408415.1,False,,Clean,Monoderm (Keep)
GCF_030408435.1,False,,Clean,Monoderm (Keep)
GCF_030408375.1,False,,Clean,Monoderm (Keep)
GCF_030440535.1,False,,Clean,Monoderm (Keep)
GCF_030388665.1,False,,Clean,Monoderm (Keep)
GCF_030409015.1,False,,Clean,Monoderm (Keep)
GCF_030440575.1,False,,Clean,Monoderm (Keep)
GCF_030438415.1,False,,Clean,Monoderm (Keep)
GCF_030408875.1,False,,Clean,Monoderm (Keep)
GCF_030408855.1,False,,Clean,Monoderm (Keep)
GCF_030444385.1,False,,Clean,Monoderm (Keep)
GCF_030408915.1,False,,Clean,Monoderm (Keep)
GCF_030408395.1,False,,Clean,Monoderm (Keep)
GCF_030450175.1,False,,Clean,Monoderm (Keep)
GCF_030408355.1,False,,Clean,Monoderm (Keep)
GCF_030408635.1,False,,Clean,Monoderm (Keep)
GCF_030408775.1,False,,Clean,Monoderm (Keep)
GCF_030408695.1,False,,Clean,Monoderm (Keep)
GCF_030408575.1,False,,Clean,Monoderm (Keep)
GCF_030409035.1,False,,Clean,Monoderm (Keep)
GCF_030406865.1,False,,Clean,Monoderm (Keep)
GCF_030440305.1,False,,Clean,Monoderm (Keep)
GCF_030408955.1,False,,Clean,Monoderm (Keep)
GCF_030444445.1,False,,Clean,Monoderm (Keep)
GCF_030408835.1,False,,Clean,Monoderm (Keep)
GCF_030408675.1,False,,Clean,Monoderm (Keep)
GCF_030408895.1,False,,Clean,Monoderm (Keep)
GCF_030408595.1,False,,Clean,Monoderm (Keep)
GCF_030408935.1,False,,Clean,Monoderm (Keep)
GCF_030408795.1,False,,Clean,Monoderm (Keep)
GCF_030408655.1,False,,Clean,Monoderm (Keep)
GCF_030408995.1,False,,Clean,Monoderm (Keep)
GCF_030440595.1,False,,Clean,Monoderm (Keep)
GCF_030413635.1,False,,Clean,Monoderm (Keep)
GCF_030408755.1,False,,Clean,Monoderm (Keep)
GCF_030413595.1,False,,Clean,Monoderm (Keep)
GCF_030418985.1,False,,Clean,Monoderm (Keep)
GCF_030412725.1,False,,Clean,Monoderm (Keep)
GCF_030440255.1,False,,Clean,Monoderm (Keep)
GCF_030438175.1,False,,Clean,Monoderm (Keep)
GCF_030450155.1,False,,Clean,Monoderm (Keep)
GCF_030444515.1,False,,Clean,Monoderm (Keep)
GCF_030440515.1,False,,Clean,Monoderm (Keep)
GCF_030450105.1,False,,Clean,Monoderm (Keep)
GCF_030463605.1,False,,Clean,Monoderm (Keep)
GCF_030480485.1,False,,Clean,Monoderm (Keep)
GCF_030480405.1,False,,Clean,Monoderm (Keep)
GCF_030480445.1,False,,Clean,Monoderm (Keep)
GCF_030486685.2,False,,Clean,Monoderm (Keep)
GCF_030480385.1,False,,Clean,Monoderm (Keep)
GCF_030480425.1,False,,Clean,Monoderm (Keep)
GCF_030480465.1,False,,Clean,Monoderm (Keep)
GCF_030463595.1,False,,Clean,Monoderm (Keep)
GCF_030450125.1,False,,Clean,Monoderm (Keep)
GCF_030486505.1,False,,Clean,Monoderm (Keep)
GCF_030489705.1,False,,Clean,Monoderm (Keep)
GCF_030486425.1,False,,Clean,Monoderm (Keep)
GCF_030486405.1,False,,Clean,Monoderm (Keep)
GCF_030517505.1,False,,Clean,Monoderm (Keep)
GCF_030517535.1,False,,Clean,Monoderm (Keep)
GCF_030503735.1,False,,Clean,Monoderm (Keep)
GCF_030503715.1,False,,Clean,Monoderm (Keep)
GCF_030533625.1,False,,Clean,Monoderm (Keep)
GCF_030533515.1,False,,Clean,Monoderm (Keep)
GCF_030517385.1,False,,Clean,Monoderm (Keep)
GCF_030517415.1,False,,Clean,Monoderm (Keep)
GCF_030517815.1,False,,Clean,Monoderm (Keep)
GCF_030517565.1,False,,Clean,Monoderm (Keep)
GCF_030517445.1,False,,Clean,Monoderm (Keep)
GCF_030518615.1,False,,Clean,Monoderm (Keep)
GCF_030489665.1,False,,Clean,Monoderm (Keep)
GCF_030533535.1,False,,Clean,Monoderm (Keep)
GCF_030520205.1,False,,Clean,Monoderm (Keep)
GCF_030520045.1,False,,Clean,Monoderm (Keep)
GCF_030517355.1,False,,Clean,Monoderm (Keep)
GCF_030517125.1,False,,Clean,Monoderm (Keep)
GCF_030489685.1,False,,Clean,Monoderm (Keep)
GCF_030503695.1,False,,Clean,Monoderm (Keep)
GCF_030490365.1,False,,Clean,Monoderm (Keep)
GCF_030517475.1,False,,Clean,Monoderm (Keep)
GCF_030517625.1,False,,Clean,Monoderm (Keep)
GCF_030490305.1,False,,Clean,Monoderm (Keep)
GCF_030520145.1,False,,Clean,Monoderm (Keep)
GCF_030520065.1,False,,Clean,Monoderm (Keep)
GCF_030518675.1,False,,Clean,Monoderm (Keep)
GCF_030503635.1,False,,Clean,Monoderm (Keep)
GCF_030490385.1,False,,Clean,Monoderm (Keep)
GCF_030533555.1,False,,Clean,Monoderm (Keep)
GCF_030489725.1,False,,Clean,Monoderm (Keep)
GCF_030515635.1,False,,Clean,Monoderm (Keep)
GCF_030516055.1,False,,Clean,Monoderm (Keep)
GCF_030533605.1,False,,Clean,Monoderm (Keep)
GCF_030515855.1,False,,Clean,Monoderm (Keep)
GCF_030533465.1,False,,Clean,Monoderm (Keep)
GCF_030503655.1,False,,Clean,Monoderm (Keep)
GCF_030515895.1,False,,Clean,Monoderm (Keep)
GCF_030520085.1,False,,Clean,Monoderm (Keep)
GCF_030503595.1,False,,Clean,Monoderm (Keep)
GCF_030515735.1,False,,Clean,Monoderm (Keep)
GCF_030503795.1,False,,Clean,Monoderm (Keep)
GCF_030533495.1,False,,Clean,Monoderm (Keep)
GCF_030506365.1,False,,Clean,Monoderm (Keep)
GCF_030512425.1,False,,Clean,Monoderm (Keep)
GCF_030533585.1,False,,Clean,Monoderm (Keep)
GCF_030533645.1,False,,Clean,Monoderm (Keep)
GCF_030518755.1,False,,Clean,Monoderm (Keep)
GCF_030503835.1,False,,Clean,Monoderm (Keep)
GCF_030517005.1,False,,Clean,Monoderm (Keep)
GCF_030518635.1,False,,Clean,Monoderm (Keep)
GCF_030506255.1,False,,Clean,Monoderm (Keep)
GCF_030520225.1,False,,Clean,Monoderm (Keep)
GCF_030516885.1,False,,Clean,Monoderm (Keep)
GCF_030517045.1,False,,Clean,Monoderm (Keep)
GCF_030520185.1,False,,Clean,Monoderm (Keep)
GCF_030506345.1,False,,Clean,Monoderm (Keep)
GCF_030517795.1,False,,Clean,Monoderm (Keep)
GCF_030533705.1,False,,Clean,Monoderm (Keep)
GCF_030533725.1,False,,Clean,Monoderm (Keep)
GCF_030506235.1,False,,Clean,Monoderm (Keep)
GCF_030518795.1,False,,Clean,Monoderm (Keep)
GCF_030518815.1,False,,Clean,Monoderm (Keep)
GCF_030533765.1,False,,Clean,Monoderm (Keep)
GCF_030533935.1,False,,Clean,Monoderm (Keep)
GCF_030550815.1,False,,Clean,Monoderm (Keep)
GCF_030533895.1,False,,Clean,Monoderm (Keep)
GCF_030533665.1,False,,Clean,Monoderm (Keep)
GCF_030533785.1,False,,Clean,Monoderm (Keep)
GCF_030490905.1,False,,Clean,Monoderm (Keep)
GCF_030533915.1,False,,Clean,Monoderm (Keep)
GCF_030533805.1,False,,Clean,Monoderm (Keep)
GCF_030533855.1,False,,Clean,Monoderm (Keep)
GCF_030533835.1,False,,Clean,Monoderm (Keep)
GCF_030533745.1,False,,Clean,Monoderm (Keep)
GCF_030533875.1,False,,Clean,Monoderm (Keep)
GCF_030520245.1,False,,Clean,Monoderm (Keep)
GCF_030585425.1,False,,Clean,Monoderm (Keep)
GCF_030581835.1,False,,Clean,Monoderm (Keep)
GCF_030585795.1,False,,Clean,Monoderm (Keep)
GCF_030534055.1,False,,Clean,Monoderm (Keep)
GCF_030534195.1,False,,Clean,Monoderm (Keep)
GCF_030585585.1,False,,Clean,Monoderm (Keep)
GCF_030533995.1,False,,Clean,Monoderm (Keep)
GCF_030534175.1,False,,Clean,Monoderm (Keep)
GCF_030585565.1,False,,Clean,Monoderm (Keep)
GCF_030533955.1,False,,Clean,Monoderm (Keep)
GCF_030585505.1,False,,Clean,Monoderm (Keep)
GCF_030585525.1,False,,Clean,Monoderm (Keep)
GCF_030585545.1,False,,Clean,Monoderm (Keep)
GCF_030544925.1,False,,Clean,Monoderm (Keep)
GCF_030585485.1,False,,Clean,Monoderm (Keep)
GCF_030643765.1,False,,Clean,Monoderm (Keep)
GCF_030552855.1,False,,Clean,Monoderm (Keep)
GCF_030585465.1,False,,Clean,Monoderm (Keep)
GCF_030550835.1,False,,Clean,Monoderm (Keep)
GCF_030544505.1,False,,Clean,Monoderm (Keep)
GCF_030581895.1,False,,Clean,Monoderm (Keep)
GCF_030644105.1,False,,Clean,Monoderm (Keep)
GCF_030577875.1,False,,Clean,Monoderm (Keep)
GCF_030643925.1,False,,Clean,Monoderm (Keep)
GCF_030643985.1,False,,Clean,Monoderm (Keep)
GCF_030582735.1,False,,Clean,Monoderm (Keep)
GCF_030534095.1,False,,Clean,Monoderm (Keep)
GCF_030644045.1,False,,Clean,Monoderm (Keep)
GCF_030534075.1,False,,Clean,Monoderm (Keep)
GCF_030643745.1,False,,Clean,Monoderm (Keep)
GCF_030534015.1,False,,Clean,Monoderm (Keep)
GCF_030644065.1,False,,Clean,Monoderm (Keep)
GCF_030534155.1,False,,Clean,Monoderm (Keep)
GCF_030534115.1,False,,Clean,Monoderm (Keep)
GCF_030544845.1,False,,Clean,Monoderm (Keep)
GCF_030644025.1,False,,Clean,Monoderm (Keep)
GCF_030644085.1,False,,Clean,Monoderm (Keep)
GCF_030643945.1,False,,Clean,Monoderm (Keep)
GCF_030643965.1,False,,Clean,Monoderm (Keep)
GCF_030534035.1,False,,Clean,Monoderm (Keep)
GCF_030534135.1,False,,Clean,Monoderm (Keep)
GCF_030534235.1,False,,Clean,Monoderm (Keep)
GCF_030644125.1,False,,Clean,Monoderm (Keep)
GCF_030534255.1,False,,Clean,Monoderm (Keep)
GCF_030644005.1,False,,Clean,Monoderm (Keep)
GCF_030533975.1,False,,Clean,Monoderm (Keep)
GCF_030534215.1,False,,Clean,Monoderm (Keep)
GCF_030571635.1,False,,Clean,Monoderm (Keep)
GCF_030568235.1,False,,Clean,Monoderm (Keep)
GCF_030643805.1,False,,Clean,Monoderm (Keep)
GCF_030567435.1,False,,Clean,Monoderm (Keep)
GCF_030566675.1,False,,Clean,Monoderm (Keep)
GCF_030574935.1,False,,Clean,Monoderm (Keep)
GCF_030566105.1,False,,Clean,Monoderm (Keep)
GCF_030576595.1,False,,Clean,Monoderm (Keep)
GCF_030643845.1,False,,Clean,Monoderm (Keep)
GCF_030585445.1,False,,Clean,Monoderm (Keep)
GCF_030552875.1,False,,Clean,Monoderm (Keep)
GCF_030553055.1,False,,Clean,Monoderm (Keep)
GCF_030562925.1,False,,Clean,Monoderm (Keep)
GCF_030644205.1,False,,Clean,Monoderm (Keep)
GCF_030644145.1,False,,Clean,Monoderm (Keep)
GCF_030644245.1,False,,Clean,Monoderm (Keep)
GCF_030644165.1,False,,Clean,Monoderm (Keep)
GCF_030644385.1,False,,Clean,Monoderm (Keep)
GCF_030665445.1,False,,Clean,Monoderm (Keep)
GCF_030644365.1,False,,Clean,Monoderm (Keep)
GCF_030656655.1,False,,Clean,Monoderm (Keep)
GCF_030644185.1,False,,Clean,Monoderm (Keep)
GCF_030709795.2,False,,Clean,Monoderm (Keep)
GCF_030718845.1,False,,Clean,Monoderm (Keep)
GCF_030717585.1,False,,Clean,Monoderm (Keep)
GCF_030717545.1,False,,Clean,Monoderm (Keep)
GCF_030717565.1,False,,Clean,Monoderm (Keep)
GCF_030704245.1,False,,Clean,Monoderm (Keep)
GCF_030656875.1,False,,Clean,Monoderm (Keep)
GCF_030664715.1,False,,Clean,Monoderm (Keep)
GCF_030551255.1,False,,Clean,Monoderm (Keep)
GCF_030645085.1,False,,Clean,Monoderm (Keep)
GCF_030704265.1,False,,Clean,Monoderm (Keep)
GCF_030845315.1,False,,Clean,Monoderm (Keep)
GCF_030717605.1,False,,Clean,Monoderm (Keep)
GCF_030758795.1,False,,Clean,Monoderm (Keep)
GCF_030717645.1,False,,Clean,Monoderm (Keep)
GCF_030845335.1,False,,Clean,Monoderm (Keep)
GCF_030758895.1,False,,Clean,Monoderm (Keep)
GCF_030758915.1,False,,Clean,Monoderm (Keep)
GCF_030758855.1,False,,Clean,Monoderm (Keep)
GCF_030717625.1,False,,Clean,Monoderm (Keep)
GCF_030719015.1,False,,Clean,Monoderm (Keep)
GCF_030718895.1,False,,Clean,Monoderm (Keep)
GCF_030721705.1,False,,Clean,Monoderm (Keep)
GCF_030758835.1,False,,Clean,Monoderm (Keep)
GCF_030758995.1,False,,Clean,Monoderm (Keep)
GCF_030758275.1,False,,Clean,Monoderm (Keep)
GCF_030718705.1,False,,Clean,Monoderm (Keep)
GCF_030758575.1,False,,Clean,Monoderm (Keep)
GCF_030846755.1,False,,Clean,Monoderm (Keep)
GCF_030758675.1,False,,Clean,Monoderm (Keep)
GCF_030758775.1,False,,Clean,Monoderm (Keep)
GCF_030758875.1,False,,Clean,Monoderm (Keep)
GCF_030845215.1,False,,Clean,Monoderm (Keep)
GCF_030770375.1,False,,Clean,Monoderm (Keep)
GCF_030732245.1,False,,Clean,Monoderm (Keep)
GCF_030864025.1,False,,Clean,Monoderm (Keep)
GCF_030758815.1,False,,Clean,Monoderm (Keep)
GCF_030732225.1,False,,Clean,Monoderm (Keep)
GCF_030656675.1,False,,Clean,Monoderm (Keep)
GCF_030758335.2,False,,Clean,Monoderm (Keep)
GCF_030770295.1,False,,Clean,Monoderm (Keep)
GCF_030730825.2,False,,Clean,Monoderm (Keep)
GCF_030770265.1,False,,Clean,Monoderm (Keep)
GCF_030730725.2,False,,Clean,Monoderm (Keep)
GCF_030866705.2,False,,Clean,Monoderm (Keep)
GCF_030730745.2,False,,Clean,Monoderm (Keep)
GCF_030770335.1,False,,Clean,Monoderm (Keep)
GCF_030864045.1,False,,Clean,Monoderm (Keep)
GCF_030732085.2,False,,Clean,Monoderm (Keep)
GCF_030770315.1,False,,Clean,Monoderm (Keep)
GCF_030730795.2,False,,Clean,Monoderm (Keep)
GCF_030762805.1,False,,Clean,Monoderm (Keep)
GCF_030717805.1,False,,Clean,Monoderm (Keep)
GCF_030863625.1,False,,Clean,Monoderm (Keep)
GCF_030718995.1,False,,Clean,Monoderm (Keep)
GCF_030845295.1,False,,Clean,Monoderm (Keep)
GCF_030846795.1,False,,Clean,Monoderm (Keep)
GCF_030847885.1,False,,Clean,Monoderm (Keep)
GCF_030863805.1,False,,Clean,Monoderm (Keep)
GCF_030718915.1,False,,Clean,Monoderm (Keep)
GCF_030866785.1,False,,Clean,Monoderm (Keep)
GCF_030866805.1,False,,Clean,Monoderm (Keep)
GCF_030718825.1,False,,Clean,Monoderm (Keep)
GCF_030736795.1,False,,Clean,Monoderm (Keep)
GCF_030866765.1,False,,Clean,Monoderm (Keep)
GCF_030866825.1,False,,Clean,Monoderm (Keep)
GCF_030719295.1,False,,Clean,Monoderm (Keep)
GCF_030863865.1,False,,Clean,Monoderm (Keep)
GCF_030719235.1,False,,Clean,Monoderm (Keep)
GCF_030719255.1,False,,Clean,Monoderm (Keep)
GCF_030863945.1,False,,Clean,Monoderm (Keep)
GCF_031165135.1,False,,Clean,Monoderm (Keep)
GCF_030908465.1,False,,Clean,Monoderm (Keep)
GCF_030908625.1,False,,Clean,Monoderm (Keep)
GCF_030913635.1,False,,Clean,Monoderm (Keep)
GCF_030908605.1,False,,Clean,Monoderm (Keep)
GCF_030913655.1,False,,Clean,Monoderm (Keep)
GCF_030915425.1,False,,Clean,Monoderm (Keep)
GCF_030915485.1,False,,Clean,Monoderm (Keep)
GCF_030866985.1,False,,Clean,Monoderm (Keep)
GCF_030915505.1,False,,Clean,Monoderm (Keep)
GCF_030866945.1,False,,Clean,Monoderm (Keep)
GCF_030908325.1,False,,Clean,Monoderm (Keep)
GCF_030867025.1,False,,Clean,Monoderm (Keep)
GCF_030915465.1,False,,Clean,Monoderm (Keep)
GCF_030866965.1,False,,Clean,Monoderm (Keep)
GCF_030867005.1,False,,Clean,Monoderm (Keep)
GCF_031192385.1,False,,Clean,Monoderm (Keep)
GCF_031326005.1,False,,Clean,Monoderm (Keep)
GCF_031326145.1,False,,Clean,Monoderm (Keep)
GCF_031190615.1,False,,Clean,Monoderm (Keep)
GCF_031186115.1,False,,Clean,Monoderm (Keep)
GCF_031297465.1,False,,Clean,Monoderm (Keep)
GCF_031202655.1,False,,Clean,Monoderm (Keep)
GCF_031170655.1,False,,Clean,Monoderm (Keep)
GCF_031191225.1,False,,Clean,Monoderm (Keep)
GCF_031326165.1,False,,Clean,Monoderm (Keep)
GCF_031171585.1,False,,Clean,Monoderm (Keep)
GCF_031215075.1,False,,Clean,Monoderm (Keep)
GCF_031199945.1,False,,Clean,Monoderm (Keep)
GCF_030916465.1,False,,Clean,Monoderm (Keep)
GCF_031169915.1,False,,Clean,Monoderm (Keep)
GCF_031202895.1,False,,Clean,Monoderm (Keep)
GCF_031203465.1,False,,Clean,Monoderm (Keep)
GCF_031228685.1,False,,Clean,Monoderm (Keep)
GCF_031202285.1,False,,Clean,Monoderm (Keep)
GCF_031192325.1,False,,Clean,Monoderm (Keep)
GCF_031216075.1,False,,Clean,Monoderm (Keep)
GCF_031191545.1,False,,Clean,Monoderm (Keep)
GCF_031239735.1,False,,Clean,Monoderm (Keep)
GCF_031203715.1,False,,Clean,Monoderm (Keep)
GCF_031203445.1,False,,Clean,Monoderm (Keep)
GCF_031348565.1,False,,Clean,Monoderm (Keep)
GCF_031191775.1,False,,Clean,Monoderm (Keep)
GCF_031206965.1,False,,Clean,Monoderm (Keep)
GCF_031202875.1,False,,Clean,Monoderm (Keep)
GCF_031203395.1,False,,Clean,Monoderm (Keep)
GCF_031348425.1,False,,Clean,Monoderm (Keep)
GCF_031348585.1,False,,Clean,Monoderm (Keep)
GCF_031208705.1,False,,Clean,Monoderm (Keep)
GCF_030931715.1,False,,Clean,Monoderm (Keep)
GCF_031326045.1,False,,Clean,Monoderm (Keep)
GCF_030915385.1,False,,Clean,Monoderm (Keep)
GCF_030915525.1,False,,Clean,Monoderm (Keep)
GCF_031199195.1,False,,Clean,Monoderm (Keep)
GCF_031308755.1,False,,Clean,Monoderm (Keep)
GCF_030979955.1,False,,Clean,Monoderm (Keep)
GCF_030915445.1,False,,Clean,Monoderm (Keep)
GCF_030979975.1,False,,Clean,Monoderm (Keep)
GCF_031199965.1,False,,Clean,Monoderm (Keep)
GCF_030915405.1,False,,Clean,Monoderm (Keep)
GCF_030913705.1,False,,Clean,Monoderm (Keep)
GCF_030930975.1,False,,Clean,Monoderm (Keep)
GCF_031344975.1,False,,Clean,Monoderm (Keep)
GCF_031326025.1,False,,Clean,Monoderm (Keep)
GCF_031325985.1,False,,Clean,Monoderm (Keep)
GCF_031359815.1,False,,Clean,Monoderm (Keep)
GCF_031345095.1,False,,Clean,Monoderm (Keep)
GCF_031357045.1,False,,Clean,Monoderm (Keep)
GCF_031344995.1,False,,Clean,Monoderm (Keep)
GCF_031557155.1,False,,Clean,Monoderm (Keep)
GCF_031432955.1,False,,Clean,Monoderm (Keep)
GCF_031432995.1,False,,Clean,Monoderm (Keep)
GCF_031582885.1,False,,Clean,Monoderm (Keep)
GCF_031582925.1,False,,Clean,Monoderm (Keep)
GCF_031582905.1,False,,Clean,Monoderm (Keep)
GCF_031348265.1,False,,Clean,Monoderm (Keep)
GCF_032084765.1,False,,Clean,Monoderm (Keep)
GCF_032082925.1,False,,Clean,Monoderm (Keep)
GCF_032080685.1,False,,Clean,Monoderm (Keep)
GCF_031757735.1,False,,Clean,Monoderm (Keep)
GCF_031826835.1,False,,Clean,Monoderm (Keep)
GCF_032086715.1,False,,Clean,Monoderm (Keep)
GCF_032088955.1,False,,Clean,Monoderm (Keep)
GCF_031583045.1,False,,Clean,Monoderm (Keep)
GCF_032092195.1,False,,Clean,Monoderm (Keep)
GCF_031826655.1,False,,Clean,Monoderm (Keep)
GCF_031597175.1,False,,Clean,Monoderm (Keep)
GCF_031583165.1,False,,Clean,Monoderm (Keep)
GCF_031596315.1,False,,Clean,Monoderm (Keep)
GCF_031584935.1,False,,Clean,Monoderm (Keep)
GCF_031767645.1,False,,Clean,Monoderm (Keep)
GCF_031767605.1,False,,Clean,Monoderm (Keep)
GCF_031583145.1,False,,Clean,Monoderm (Keep)
GCF_031767395.1,False,,Clean,Monoderm (Keep)
GCF_031767625.1,False,,Clean,Monoderm (Keep)
GCF_031843265.2,False,,Clean,Monoderm (Keep)
GCF_031844665.1,False,,Clean,Monoderm (Keep)
GCF_031583105.1,False,,Clean,Monoderm (Keep)
GCF_031594435.1,False,,Clean,Monoderm (Keep)
GCF_031593775.1,False,,Clean,Monoderm (Keep)
GCF_031826815.1,False,,Clean,Monoderm (Keep)
GCF_031876755.1,False,,Clean,Monoderm (Keep)
GCF_031760945.1,False,,Clean,Monoderm (Keep)
GCF_031656915.1,False,,Clean,Monoderm (Keep)
GCF_031765195.1,False,,Clean,Monoderm (Keep)
GCF_031582965.1,False,,Clean,Monoderm (Keep)
GCF_031759225.1,False,,Clean,Monoderm (Keep)
GCF_031583025.1,False,,Clean,Monoderm (Keep)
GCF_031878535.1,False,,Clean,Monoderm (Keep)
GCF_032147025.1,False,,Clean,Monoderm (Keep)
GCF_031879475.1,False,,Clean,Monoderm (Keep)
GCF_032230435.1,False,,Clean,Monoderm (Keep)
GCF_032163505.1,False,,Clean,Monoderm (Keep)
GCF_031844685.1,False,,Clean,Monoderm (Keep)
GCF_031599035.1,False,,Clean,Monoderm (Keep)
GCF_031885465.1,False,,Clean,Monoderm (Keep)
GCF_032102965.1,False,,Clean,Monoderm (Keep)
GCF_032147125.1,False,,Clean,Monoderm (Keep)
GCF_032100785.1,False,,Clean,Monoderm (Keep)
GCF_031885415.1,False,,Clean,Monoderm (Keep)
GCF_031877725.1,False,,Clean,Monoderm (Keep)
GCF_032077755.1,False,,Clean,Monoderm (Keep)
GCF_031851705.1,False,,Clean,Monoderm (Keep)
GCF_031757035.1,False,,Clean,Monoderm (Keep)
GCF_031599675.1,False,,Clean,Monoderm (Keep)
GCF_031753935.1,False,,Clean,Monoderm (Keep)
GCF_031763325.1,False,,Clean,Monoderm (Keep)
GCF_031583065.1,False,,Clean,Monoderm (Keep)
GCF_031760065.1,False,,Clean,Monoderm (Keep)
GCF_031597775.1,False,,Clean,Monoderm (Keep)
GCF_032230945.1,False,,Clean,Monoderm (Keep)
GCF_031593255.1,False,,Clean,Monoderm (Keep)
GCF_031883715.1,False,,Clean,Monoderm (Keep)
GCF_032108445.1,False,,Clean,Monoderm (Keep)
GCF_032121415.1,False,,Clean,Monoderm (Keep)
GCF_031767055.1,False,,Clean,Monoderm (Keep)
GCF_032145515.1,False,,Clean,Monoderm (Keep)
GCF_031844725.1,False,,Clean,Monoderm (Keep)
GCF_032173795.1,False,,Clean,Monoderm (Keep)
GCF_031844705.1,False,,Clean,Monoderm (Keep)
GCF_032229325.1,False,,Clean,Monoderm (Keep)
GCF_032229305.1,False,,Clean,Monoderm (Keep)
GCF_031679605.1,False,,Clean,Monoderm (Keep)
GCF_031852375.1,False,,Clean,Monoderm (Keep)
GCF_032340315.1,False,,Clean,Monoderm (Keep)
GCF_032230965.1,False,,Clean,Monoderm (Keep)
GCF_032230985.1,False,,Clean,Monoderm (Keep)
GCF_032231005.1,False,,Clean,Monoderm (Keep)
GCF_032105745.1,False,,Clean,Monoderm (Keep)
GCF_032110285.1,False,,Clean,Monoderm (Keep)
GCF_032463565.1,False,,Clean,Monoderm (Keep)
GCF_032254155.1,False,,Clean,Monoderm (Keep)
GCF_032387735.1,False,,Clean,Monoderm (Keep)
GCF_032466015.1,False,,Clean,Monoderm (Keep)
GCF_032680965.1,False,,Clean,Monoderm (Keep)
GCF_032760395.1,False,,Clean,Monoderm (Keep)
GCF_032680925.1,False,,Clean,Monoderm (Keep)
GCF_032681065.1,False,,Clean,Monoderm (Keep)
GCF_032595075.1,False,,Clean,Monoderm (Keep)
GCF_032465935.1,False,,Clean,Monoderm (Keep)
GCF_032598945.1,False,,Clean,Monoderm (Keep)
GCF_032681025.1,False,,Clean,Monoderm (Keep)
GCF_032463585.1,False,,Clean,Monoderm (Keep)
GCF_032463445.1,False,,Clean,Monoderm (Keep)
GCF_032680945.1,False,,Clean,Monoderm (Keep)
GCF_032602185.1,False,,Clean,Monoderm (Keep)
GCF_032680985.1,False,,Clean,Monoderm (Keep)
GCF_032598845.1,False,,Clean,Monoderm (Keep)
GCF_032291985.1,False,,Clean,Monoderm (Keep)
GCF_032598785.1,False,,Clean,Monoderm (Keep)
GCF_032594935.1,False,,Clean,Monoderm (Keep)
GCF_032463545.1,False,,Clean,Monoderm (Keep)
GCF_032463485.1,False,,Clean,Monoderm (Keep)
GCF_032611355.1,False,,Clean,Monoderm (Keep)
GCF_032619275.1,False,,Clean,Monoderm (Keep)
GCF_032762665.1,False,,Clean,Monoderm (Keep)
GCF_032598825.1,False,,Clean,Monoderm (Keep)
GCF_032465995.1,False,,Clean,Monoderm (Keep)
GCF_032617675.1,False,,Clean,Monoderm (Keep)
GCF_032463685.1,False,,Clean,Monoderm (Keep)
GCF_032594915.1,False,,Clean,Monoderm (Keep)
GCF_032618495.1,False,,Clean,Monoderm (Keep)
GCF_032248855.1,False,,Clean,Monoderm (Keep)
GCF_032465955.1,False,,Clean,Monoderm (Keep)
GCF_032466055.1,False,,Clean,Monoderm (Keep)
GCF_032764935.1,False,,Clean,Monoderm (Keep)
GCF_032465975.1,False,,Clean,Monoderm (Keep)
GCF_032465875.1,False,,Clean,Monoderm (Keep)
GCF_032765935.1,False,,Clean,Monoderm (Keep)
GCF_032466035.1,False,,Clean,Monoderm (Keep)
GCF_032465895.1,False,,Clean,Monoderm (Keep)
GCF_032465915.1,False,,Clean,Monoderm (Keep)
GCF_032598885.1,False,,Clean,Monoderm (Keep)
GCF_032393075.1,False,,Clean,Monoderm (Keep)
GCF_032460525.1,False,,Clean,Monoderm (Keep)
GCF_032465855.1,False,,Clean,Monoderm (Keep)
GCF_032681005.1,False,,Clean,Monoderm (Keep)
GCF_032763365.1,False,,Clean,Monoderm (Keep)
GCF_032271945.1,False,,Clean,Monoderm (Keep)
GCF_032341175.1,False,,Clean,Monoderm (Keep)
GCF_032268605.1,False,,Clean,Monoderm (Keep)
GCF_032764245.1,False,,Clean,Monoderm (Keep)
GCF_032341995.1,False,,Clean,Monoderm (Keep)
GCF_032680865.1,False,,Clean,Monoderm (Keep)
GCF_032681245.1,False,,Clean,Monoderm (Keep)
GCF_032463625.1,False,,Clean,Monoderm (Keep)
GCF_032460565.1,False,,Clean,Monoderm (Keep)
GCF_032710345.1,False,,Clean,Monoderm (Keep)
GCF_032401745.1,False,,Clean,Monoderm (Keep)
GCF_032809245.1,False,,Clean,Monoderm (Keep)
GCF_032808505.1,False,,Clean,Monoderm (Keep)
GCF_032769475.1,False,,Clean,Monoderm (Keep)
GCF_032681105.1,False,,Clean,Monoderm (Keep)
GCF_032595315.1,False,,Clean,Monoderm (Keep)
GCF_032681085.1,False,,Clean,Monoderm (Keep)
GCF_032878815.1,False,,Clean,Monoderm (Keep)
GCF_032399705.1,False,,Clean,Monoderm (Keep)
GCF_032880625.1,False,,Clean,Monoderm (Keep)
GCF_032818175.1,False,,Clean,Monoderm (Keep)
GCF_032919725.1,False,,Clean,Monoderm (Keep)
GCF_032917925.1,False,,Clean,Monoderm (Keep)
GCF_032921125.1,False,,Clean,Monoderm (Keep)
GCF_032878855.1,False,,Clean,Monoderm (Keep)
GCF_032818155.1,False,,Clean,Monoderm (Keep)
GCF_032920365.1,False,,Clean,Monoderm (Keep)
GCF_032883655.1,False,,Clean,Monoderm (Keep)
GCF_032918165.1,False,,Clean,Monoderm (Keep)
GCF_032598905.1,False,,Clean,Monoderm (Keep)
GCF_032878875.1,False,,Clean,Monoderm (Keep)
GCF_032878835.1,False,,Clean,Monoderm (Keep)
GCF_033037575.1,False,,Clean,Monoderm (Keep)
GCF_033061535.1,False,,Clean,Monoderm (Keep)
GCF_033100235.1,False,,Clean,Monoderm (Keep)
GCF_032928595.1,False,,Clean,Monoderm (Keep)
GCF_033096265.1,False,,Clean,Monoderm (Keep)
GCF_033096005.1,False,,Clean,Monoderm (Keep)
GCF_033127885.1,False,,Clean,Monoderm (Keep)
GCF_033095945.1,False,,Clean,Monoderm (Keep)
GCF_033096045.1,False,,Clean,Monoderm (Keep)
GCF_033128025.1,False,,Clean,Monoderm (Keep)
GCF_033096365.1,False,,Clean,Monoderm (Keep)
GCF_033037495.1,False,,Clean,Monoderm (Keep)
GCF_033096185.1,False,,Clean,Monoderm (Keep)
GCF_033096165.1,False,,Clean,Monoderm (Keep)
GCF_033096145.1,False,,Clean,Monoderm (Keep)
GCF_033096245.1,False,,Clean,Monoderm (Keep)
GCF_033037535.1,False,,Clean,Monoderm (Keep)
GCF_033096065.1,False,,Clean,Monoderm (Keep)
GCF_032936355.1,False,,Clean,Monoderm (Keep)
GCF_033095965.1,False,,Clean,Monoderm (Keep)
GCF_033100055.1,False,,Clean,Monoderm (Keep)
GCF_033096025.1,False,,Clean,Monoderm (Keep)
GCF_033096125.1,False,,Clean,Monoderm (Keep)
GCF_033096285.1,False,,Clean,Monoderm (Keep)
GCF_032937075.1,False,,Clean,Monoderm (Keep)
GCF_033096385.1,False,,Clean,Monoderm (Keep)
GCF_033096305.1,False,,Clean,Monoderm (Keep)
GCF_033037175.1,False,,Clean,Monoderm (Keep)
GCF_033036835.1,False,,Clean,Monoderm (Keep)
GCF_033036375.1,False,,Clean,Monoderm (Keep)
GCF_033096105.1,False,,Clean,Monoderm (Keep)
GCF_033096205.1,False,,Clean,Monoderm (Keep)
GCF_033096345.1,False,,Clean,Monoderm (Keep)
GCF_033036395.1,False,,Clean,Monoderm (Keep)
GCF_033106145.1,False,,Clean,Monoderm (Keep)
GCF_033096325.1,False,,Clean,Monoderm (Keep)
GCF_033024555.1,False,,Clean,Monoderm (Keep)
GCF_033106825.1,False,,Clean,Monoderm (Keep)
GCF_033095985.1,False,,Clean,Monoderm (Keep)
GCF_033096085.1,False,,Clean,Monoderm (Keep)
GCF_033096465.1,False,,Clean,Monoderm (Keep)
GCF_033096225.1,False,,Clean,Monoderm (Keep)
GCF_033096525.1,False,,Clean,Monoderm (Keep)
GCF_033096565.1,False,,Clean,Monoderm (Keep)
GCF_033107565.1,False,,Clean,Monoderm (Keep)
GCF_033097505.1,False,,Clean,Monoderm (Keep)
GCF_033110965.1,False,,Clean,Monoderm (Keep)
GCF_033113625.1,False,,Clean,Monoderm (Keep)
GCF_033126485.1,False,,Clean,Monoderm (Keep)
GCF_032932555.1,False,,Clean,Monoderm (Keep)
GCF_033096425.1,False,,Clean,Monoderm (Keep)
GCF_033100115.1,False,,Clean,Monoderm (Keep)
GCF_033124885.1,False,,Clean,Monoderm (Keep)
GCF_033128125.1,False,,Clean,Monoderm (Keep)
GCF_033125685.1,False,,Clean,Monoderm (Keep)
GCF_033124145.1,False,,Clean,Monoderm (Keep)
GCF_033539455.1,False,,No GBK found,Monoderm (Keep)
GCF_033128265.1,False,,Clean,Monoderm (Keep)
GCF_033128245.1,False,,Clean,Monoderm (Keep)
GCF_033130085.1,False,,Clean,Monoderm (Keep)
GCF_033128205.1,False,,Clean,Monoderm (Keep)
GCF_033128305.1,False,,Clean,Monoderm (Keep)
GCF_033128185.1,False,,Clean,Monoderm (Keep)
GCF_033128225.1,False,,Clean,Monoderm (Keep)
GCF_033128285.1,False,,Clean,Monoderm (Keep)
GCF_033109485.1,False,,Clean,Monoderm (Keep)
GCF_033097305.1,False,,Clean,Monoderm (Keep)
GCF_032927875.1,False,,Clean,Monoderm (Keep)
GCF_033097325.1,False,,Clean,Monoderm (Keep)
GCF_033539475.1,False,,No GBK found,Monoderm (Keep)
GCF_033546815.1,False,,Clean,Monoderm (Keep)
GCF_033546855.1,False,,Clean,Monoderm (Keep)
GCF_033554055.1,False,,Clean,Monoderm (Keep)
GCF_033246985.1,False,,Clean,Monoderm (Keep)
GCF_033249005.1,False,,Clean,Monoderm (Keep)
GCF_033546915.1,False,,Clean,Monoderm (Keep)
GCF_033260105.1,False,,Clean,Monoderm (Keep)
GCF_033247905.1,False,,Clean,Monoderm (Keep)
GCF_033249725.1,False,,Clean,Monoderm (Keep)
GCF_033148655.1,False,,Clean,Monoderm (Keep)
GCF_033144075.1,False,,Clean,Monoderm (Keep)
GCF_033169215.1,False,,Clean,Monoderm (Keep)
GCF_033165855.1,False,,Clean,Monoderm (Keep)
GCF_033142835.1,False,,Clean,Monoderm (Keep)
GCF_033150235.1,False,,Clean,Monoderm (Keep)
GCF_033149375.1,False,,Clean,Monoderm (Keep)
GCF_033144835.1,False,,Clean,Monoderm (Keep)
GCF_033167795.1,False,,Clean,Monoderm (Keep)
GCF_033147055.1,False,,Clean,Monoderm (Keep)
GCF_033146375.1,False,,Clean,Monoderm (Keep)
GCF_033151055.1,False,,Clean,Monoderm (Keep)
GCF_033166735.1,False,,Clean,Monoderm (Keep)
GCF_033147875.1,False,,Clean,Monoderm (Keep)
GCF_033152795.1,False,,Clean,Monoderm (Keep)
GCF_033152035.1,False,,Clean,Monoderm (Keep)
GCF_033145555.1,False,,Clean,Monoderm (Keep)
GCF_033304595.1,False,,Clean,Monoderm (Keep)
GCF_033304615.1,False,,Clean,Monoderm (Keep)
GCF_033170155.1,False,,Clean,Monoderm (Keep)
GCF_033194995.1,False,,Clean,Monoderm (Keep)
GCF_033193315.1,False,,Clean,Monoderm (Keep)
GCF_033097365.1,False,,Clean,Monoderm (Keep)
GCF_033546835.1,False,,Clean,Monoderm (Keep)
GCF_033554675.1,False,,Clean,Monoderm (Keep)
GCF_033552895.1,False,,Clean,Monoderm (Keep)
GCF_033344095.1,False,,Clean,Monoderm (Keep)
GCF_033412715.1,False,,Clean,Monoderm (Keep)
GCF_033413615.1,False,,Clean,Monoderm (Keep)
GCF_033344055.1,False,,Clean,Monoderm (Keep)
GCF_033453085.1,False,,Clean,Monoderm (Keep)
GCF_033569435.1,False,,Clean,Monoderm (Keep)
GCF_033539415.1,False,,Clean,Monoderm (Keep)
GCF_033405435.1,False,,Clean,Monoderm (Keep)
GCF_033564055.1,False,,Clean,Monoderm (Keep)
GCF_033539435.1,False,,Clean,Monoderm (Keep)
GCF_033539535.1,False,,Clean,Monoderm (Keep)
GCF_033539495.1,False,,Clean,Monoderm (Keep)
GCF_033539515.1,False,,Clean,Monoderm (Keep)
GCF_033170175.1,False,,Clean,Monoderm (Keep)
GCF_033170215.1,False,,Clean,Monoderm (Keep)
GCF_033261025.1,False,,Clean,Monoderm (Keep)
GCF_033392095.1,False,,Clean,Monoderm (Keep)
GCF_033192675.1,False,,Clean,Monoderm (Keep)
GCF_033439195.1,False,,Clean,Monoderm (Keep)
GCF_033403035.1,False,,Clean,Monoderm (Keep)
GCF_033547015.1,False,,Clean,Monoderm (Keep)
GCF_033452345.1,False,,Clean,Monoderm (Keep)
GCF_033547055.1,False,,Clean,Monoderm (Keep)
GCF_033343995.1,False,,Clean,Monoderm (Keep)
GCF_033568485.1,False,,Clean,Monoderm (Keep)
GCF_033450805.1,False,,Clean,Monoderm (Keep)
GCF_033561535.1,False,,Clean,Monoderm (Keep)
GCF_033704075.1,False,,Clean,Monoderm (Keep)
GCF_033631205.1,False,,Clean,Monoderm (Keep)
GCF_033782955.1,False,,Clean,Monoderm (Keep)
GCF_033783015.1,False,,Clean,Monoderm (Keep)
GCF_033954955.1,False,,Clean,Monoderm (Keep)
GCF_033570435.1,False,,Clean,Monoderm (Keep)
GCF_033798845.1,False,,Clean,Monoderm (Keep)
GCF_033798865.1,False,,Clean,Monoderm (Keep)
GCF_033582035.1,False,,Clean,Monoderm (Keep)
GCF_033216215.1,False,,Clean,Monoderm (Keep)
GCF_033335955.1,False,,Clean,Monoderm (Keep)
GCF_033406955.1,False,,Clean,Monoderm (Keep)
GCF_033547115.1,False,,Clean,Monoderm (Keep)
GCF_033881405.1,False,,Clean,Monoderm (Keep)
GCF_033877495.1,False,,Clean,Monoderm (Keep)
GCF_034017155.1,False,,Clean,Monoderm (Keep)
GCF_033802745.1,False,,Clean,Monoderm (Keep)
GCF_033815475.1,False,,Clean,Monoderm (Keep)
GCF_033954975.1,False,,Clean,Monoderm (Keep)
GCF_033882205.1,False,,Clean,Monoderm (Keep)
GCF_033814935.1,False,,Clean,Monoderm (Keep)
GCF_033802645.2,False,,Clean,Monoderm (Keep)
GCF_033954915.1,False,,Clean,Monoderm (Keep)
GCF_033815825.1,False,,Clean,Monoderm (Keep)
GCF_033808255.1,False,,Clean,Monoderm (Keep)
GCF_033811895.1,False,,Clean,Monoderm (Keep)
GCF_033814055.1,False,,Clean,Monoderm (Keep)
GCF_033597815.2,False,,Clean,Monoderm (Keep)
GCF_033798885.1,False,,Clean,Monoderm (Keep)
GCF_034016795.1,False,,Clean,Monoderm (Keep)
GCF_033798905.1,False,,Clean,Monoderm (Keep)
GCF_034015095.1,False,,Clean,Monoderm (Keep)
GCF_033876835.1,False,,Clean,Monoderm (Keep)
GCF_033977045.1,False,,Clean,Monoderm (Keep)
GCF_033798925.1,False,,Clean,Monoderm (Keep)
GCF_033879915.1,False,,Clean,Monoderm (Keep)
GCF_033802705.1,False,,Clean,Monoderm (Keep)
GCF_034015935.1,False,,Clean,Monoderm (Keep)
GCF_033813895.1,False,,Clean,Monoderm (Keep)
GCF_033802805.1,False,,Clean,Monoderm (Keep)
GCF_033954855.1,False,,Clean,Monoderm (Keep)
GCF_033798765.1,False,,Clean,Monoderm (Keep)
GCF_033798785.1,False,,Clean,Monoderm (Keep)
GCF_033802825.1,False,,Clean,Monoderm (Keep)
GCF_033798685.1,False,,Clean,Monoderm (Keep)
GCF_033798665.1,False,,Clean,Monoderm (Keep)
GCF_034016905.1,False,,Clean,Monoderm (Keep)
GCF_034016595.1,False,,Clean,Monoderm (Keep)
GCF_034014015.1,False,,Clean,Monoderm (Keep)
GCF_034013695.1,False,,Clean,Monoderm (Keep)
GCF_033947525.1,False,,Clean,Monoderm (Keep)
GCF_033954895.1,False,,Clean,Monoderm (Keep)
GCF_033985535.2,False,,Clean,Monoderm (Keep)
GCF_033814155.1,False,,Clean,Monoderm (Keep)
GCF_034017875.1,False,,Clean,Monoderm (Keep)
GCF_034016775.1,False,,Clean,Monoderm (Keep)
GCF_033952345.2,False,,Clean,Monoderm (Keep)
GCF_034015615.1,False,,Clean,Monoderm (Keep)
GCF_033954875.1,False,,Clean,Monoderm (Keep)
GCF_034014575.1,False,,Clean,Monoderm (Keep)
GCF_033782915.1,False,,Clean,Monoderm (Keep)
GCF_034017105.1,False,,Clean,Monoderm (Keep)
GCF_034018275.1,False,,Clean,Monoderm (Keep)
GCF_034016455.1,False,,Clean,Monoderm (Keep)
GCF_034013475.1,False,,Clean,Monoderm (Keep)
GCF_034016575.1,False,,Clean,Monoderm (Keep)
GCF_033880585.1,False,,Clean,Monoderm (Keep)
GCF_034016815.1,False,,Clean,Monoderm (Keep)
GCF_033947485.1,False,,Clean,Monoderm (Keep)
GCF_033947505.1,False,,Clean,Monoderm (Keep)
GCF_033947465.1,False,,Clean,Monoderm (Keep)
GCF_033808435.1,False,,Clean,Monoderm (Keep)
GCF_033879655.1,False,,Clean,Monoderm (Keep)
GCF_033947445.1,False,,Clean,Monoderm (Keep)
GCF_034019295.1,False,,Clean,Monoderm (Keep)
GCF_034021935.1,False,,Clean,Monoderm (Keep)
GCF_034023835.1,False,,Clean,Monoderm (Keep)
GCF_034020215.1,False,,Clean,Monoderm (Keep)
GCF_033809795.1,False,,Clean,Monoderm (Keep)
GCF_034022875.1,False,,Clean,Monoderm (Keep)
GCF_034025975.1,False,,Clean,Monoderm (Keep)
GCF_034025355.1,False,,Clean,Monoderm (Keep)
GCF_034039665.1,False,,Clean,Monoderm (Keep)
GCF_034036855.1,False,,Clean,Monoderm (Keep)
GCF_034043075.1,False,,Clean,Monoderm (Keep)
GCF_034043175.1,False,,Clean,Monoderm (Keep)
GCF_034043315.1,False,,Clean,Monoderm (Keep)
GCF_034032775.1,False,,Clean,Monoderm (Keep)
GCF_034043195.1,False,,Clean,Monoderm (Keep)
GCF_034026575.1,False,,Clean,Monoderm (Keep)
GCF_034042835.1,False,,Clean,Monoderm (Keep)
GCF_034033475.1,False,,Clean,Monoderm (Keep)
GCF_034042695.1,False,,Clean,Monoderm (Keep)
GCF_034041215.1,False,,Clean,Monoderm (Keep)
GCF_034042755.1,False,,Clean,Monoderm (Keep)
GCF_034042775.1,False,,Clean,Monoderm (Keep)
GCF_034043215.1,False,,Clean,Monoderm (Keep)
GCF_034028795.1,False,,Clean,Monoderm (Keep)
GCF_034042675.1,False,,Clean,Monoderm (Keep)
GCF_034029575.1,False,,Clean,Monoderm (Keep)
GCF_034028035.1,False,,Clean,Monoderm (Keep)
GCF_034043155.1,False,,Clean,Monoderm (Keep)
GCF_034042875.1,False,,Clean,Monoderm (Keep)
GCF_034043095.1,False,,Clean,Monoderm (Keep)
GCF_034043035.1,False,,Clean,Monoderm (Keep)
GCF_034024715.1,False,,Clean,Monoderm (Keep)
GCF_034042815.1,False,,Clean,Monoderm (Keep)
GCF_034042975.1,False,,Clean,Monoderm (Keep)
GCF_034030455.1,False,,Clean,Monoderm (Keep)
GCF_034035835.1,False,,Clean,Monoderm (Keep)
GCF_034043015.1,False,,Clean,Monoderm (Keep)
GCF_034042995.1,False,,Clean,Monoderm (Keep)
GCF_034040575.1,False,,Clean,Monoderm (Keep)
GCF_034027235.1,False,,Clean,Monoderm (Keep)
GCF_034042915.1,False,,Clean,Monoderm (Keep)
GCF_034043375.1,False,,Clean,Monoderm (Keep)
GCF_034043115.1,False,,Clean,Monoderm (Keep)
GCF_034043055.1,False,,Clean,Monoderm (Keep)
GCF_034034275.1,False,,Clean,Monoderm (Keep)
GCF_034042935.1,False,,Clean,Monoderm (Keep)
GCF_034042955.1,False,,Clean,Monoderm (Keep)
GCF_034035055.1,False,,Clean,Monoderm (Keep)
GCF_034042795.1,False,,Clean,Monoderm (Keep)
GCF_034049535.1,False,,Clean,Monoderm (Keep)
GCF_034038775.1,False,,Clean,Monoderm (Keep)
GCF_034042895.1,False,,Clean,Monoderm (Keep)
GCF_034042855.1,False,,Clean,Monoderm (Keep)
GCF_034043135.1,False,,Clean,Monoderm (Keep)
GCF_034043435.1,False,,Clean,Monoderm (Keep)
GCF_034043235.1,False,,Clean,Monoderm (Keep)
GCF_034043275.1,False,,Clean,Monoderm (Keep)
GCF_034042635.1,False,,Clean,Monoderm (Keep)
GCF_034042035.1,False,,Clean,Monoderm (Keep)
GCF_034042715.1,False,,Clean,Monoderm (Keep)
GCF_034042615.1,False,,Clean,Monoderm (Keep)
GCF_034031975.1,False,,Clean,Monoderm (Keep)
GCF_034043295.1,False,,Clean,Monoderm (Keep)
GCF_034043255.1,False,,Clean,Monoderm (Keep)
GCF_034042735.1,False,,Clean,Monoderm (Keep)
GCF_034042655.1,False,,Clean,Monoderm (Keep)
GCF_034031255.1,False,,Clean,Monoderm (Keep)
GCF_034037795.1,False,,Clean,Monoderm (Keep)
GCF_034048795.1,False,,Clean,Monoderm (Keep)
GCF_034047115.1,False,,Clean,Monoderm (Keep)
GCF_034043455.1,False,,Clean,Monoderm (Keep)
GCF_034043475.1,False,,Clean,Monoderm (Keep)
GCF_034043355.1,False,,Clean,Monoderm (Keep)
GCF_034043415.1,False,,Clean,Monoderm (Keep)
GCF_034043395.1,False,,Clean,Monoderm (Keep)
GCF_034048115.1,False,,Clean,Monoderm (Keep)
GCF_034080225.1,False,,Clean,Monoderm (Keep)
GCF_034105275.2,False,,Clean,Monoderm (Keep)
GCF_034105255.2,False,,Clean,Monoderm (Keep)
GCF_034055115.1,False,,Clean,Monoderm (Keep)
GCF_034079445.1,False,,Clean,Monoderm (Keep)
GCF_034119725.1,False,,Clean,Monoderm (Keep)
GCF_034078685.1,False,,Clean,Monoderm (Keep)
GCF_034060585.1,False,,Clean,Monoderm (Keep)
GCF_034055775.1,False,,Clean,Monoderm (Keep)
GCF_034061945.1,False,,Clean,Monoderm (Keep)
GCF_034054115.1,False,,Clean,Monoderm (Keep)
GCF_034259105.1,False,,Clean,Monoderm (Keep)
GCF_034427895.2,False,,Clean,Monoderm (Keep)
GCF_034333585.1,False,,Clean,Monoderm (Keep)
GCF_034272075.1,False,,Clean,Monoderm (Keep)
GCF_034273595.1,False,,Clean,Monoderm (Keep)
GCF_034274435.1,False,,Clean,Monoderm (Keep)
GCF_034272815.1,False,,Clean,Monoderm (Keep)
GCF_034436135.1,False,,Clean,Monoderm (Keep)
GCF_034270385.1,False,,Clean,Monoderm (Keep)
GCF_034430055.1,False,,Clean,Monoderm (Keep)
GCF_034422215.1,False,,Clean,Monoderm (Keep)
GCF_034137685.1,False,,Clean,Monoderm (Keep)
GCF_034422275.1,False,,Clean,Monoderm (Keep)
GCF_034328545.1,False,,Clean,Monoderm (Keep)
GCF_034434355.2,False,,Clean,Monoderm (Keep)
GCF_034085295.1,False,,Clean,Monoderm (Keep)
GCF_034432415.1,False,,Clean,Monoderm (Keep)
GCF_034422155.1,False,,Clean,Monoderm (Keep)
GCF_034298135.1,False,,Clean,Monoderm (Keep)
GCF_034134805.1,False,,Clean,Monoderm (Keep)
GCF_034343125.1,False,,Clean,Monoderm (Keep)
GCF_034057835.1,False,,Clean,Monoderm (Keep)
GCF_034344885.1,False,,Clean,Monoderm (Keep)
GCF_034424965.2,False,,Clean,Monoderm (Keep)
GCF_034054735.1,False,,Clean,Monoderm (Keep)
GCF_034119785.1,False,,Clean,Monoderm (Keep)
GCF_034120055.1,False,,Clean,Monoderm (Keep)
GCF_034271255.1,False,,Clean,Monoderm (Keep)
GCF_034258515.1,False,,Clean,Monoderm (Keep)
GCF_034119805.1,False,,Clean,Monoderm (Keep)
GCF_034554895.2,False,,Clean,Monoderm (Keep)
GCF_034479795.1,False,,Clean,Monoderm (Keep)
GCF_034427355.2,False,,Clean,Monoderm (Keep)
GCF_034421975.1,False,,Clean,Monoderm (Keep)
GCF_034425095.2,False,,Clean,Monoderm (Keep)
GCF_034357665.1,False,,Clean,Monoderm (Keep)
GCF_034554905.2,False,,Clean,Monoderm (Keep)
GCF_034425115.2,False,,Clean,Monoderm (Keep)
GCF_034479775.1,False,,Clean,Monoderm (Keep)
GCF_034440835.1,False,,Clean,Monoderm (Keep)
GCF_034426955.1,False,,Clean,Monoderm (Keep)
GCF_034356035.1,False,,Clean,Monoderm (Keep)
GCF_034440185.1,False,,Clean,Monoderm (Keep)
GCF_034422335.1,False,,Clean,Monoderm (Keep)
GCF_034555335.1,False,,Clean,Monoderm (Keep)
GCF_034425135.2,False,,Clean,Monoderm (Keep)
GCF_034424945.2,False,,Clean,Monoderm (Keep)
GCF_034421375.1,False,,Clean,Monoderm (Keep)
GCF_034479815.1,False,,Clean,Monoderm (Keep)
GCF_034376615.1,False,,Clean,Monoderm (Keep)
GCF_034344045.1,False,,Clean,Monoderm (Keep)
GCF_034479305.1,False,,Clean,Monoderm (Keep)
GCF_034190785.1,False,,Clean,Monoderm (Keep)
GCF_034258595.1,False,,Clean,Monoderm (Keep)
GCF_034478925.1,False,,Clean,Monoderm (Keep)
GCF_034355335.1,False,,Clean,Monoderm (Keep)
GCF_034377505.1,False,,Clean,Monoderm (Keep)
GCF_034259245.1,False,,Clean,Monoderm (Keep)
GCF_034554755.1,False,,Clean,Monoderm (Keep)
GCF_034561975.1,False,,Clean,Monoderm (Keep)
GCF_034479695.1,False,,Clean,Monoderm (Keep)
GCF_034479045.1,False,,Clean,Monoderm (Keep)
GCF_034479715.1,False,,Clean,Monoderm (Keep)
GCF_034555895.2,False,,Clean,Monoderm (Keep)
GCF_034555955.2,False,,Clean,Monoderm (Keep)
GCF_034648775.1,False,,Clean,Monoderm (Keep)
GCF_034646055.1,False,,Clean,Monoderm (Keep)
GCF_034648455.1,False,,Clean,Monoderm (Keep)
GCF_034647715.2,False,,Clean,Monoderm (Keep)
GCF_034647735.2,False,,Clean,Monoderm (Keep)
GCF_034647695.2,False,,Clean,Monoderm (Keep)
GCF_034646875.2,False,,Clean,Monoderm (Keep)
GCF_034647075.2,False,,Clean,Monoderm (Keep)
GCF_034300035.1,False,,Clean,Monoderm (Keep)
GCF_034424055.1,False,,Clean,Monoderm (Keep)
GCF_034422375.1,False,,Clean,Monoderm (Keep)
GCF_035187685.1,False,,Clean,Monoderm (Keep)
GCF_034644175.1,False,,Clean,Monoderm (Keep)
GCF_035609225.1,False,,Clean,Monoderm (Keep)
GCF_034642355.1,False,,Clean,Monoderm (Keep)
GCF_034656275.1,False,,Clean,Monoderm (Keep)
GCF_034644395.1,False,,Clean,Monoderm (Keep)
GCF_034809525.1,False,,Clean,Monoderm (Keep)
GCF_035621655.1,False,,Clean,Monoderm (Keep)
GCF_035209715.1,False,,Clean,Monoderm (Keep)
GCF_034809545.1,False,,Clean,Monoderm (Keep)
GCF_035231985.1,False,,Clean,Monoderm (Keep)
GCF_035338015.1,False,,Clean,Monoderm (Keep)
GCF_035621435.1,False,,Clean,Monoderm (Keep)
GCF_034704615.1,False,,Clean,Monoderm (Keep)
GCF_035200785.1,False,,Clean,Monoderm (Keep)
GCF_035583175.1,False,,Clean,Monoderm (Keep)
GCF_034703025.1,False,,Clean,Monoderm (Keep)
GCF_035588615.1,False,,Clean,Monoderm (Keep)
GCF_035336205.1,False,,Clean,Monoderm (Keep)
GCF_035621795.1,False,,Clean,Monoderm (Keep)
GCF_035666155.1,False,,Clean,Monoderm (Keep)
GCF_034568915.1,False,,Clean,Monoderm (Keep)
GCF_035571435.1,False,,Clean,Monoderm (Keep)
GCF_035750805.1,False,,Clean,Monoderm (Keep)
GCF_034705275.1,False,,Clean,Monoderm (Keep)
GCF_035621415.1,False,,Clean,Monoderm (Keep)
GCF_035066585.1,False,,Clean,Monoderm (Keep)
GCF_034661335.1,False,,Clean,Monoderm (Keep)
GCF_034702085.1,False,,Clean,Monoderm (Keep)
GCF_035066605.1,False,,Clean,Monoderm (Keep)
GCF_035621675.1,False,,Clean,Monoderm (Keep)
GCF_035189165.1,False,,Clean,Monoderm (Keep)
GCF_035621135.1,False,,Clean,Monoderm (Keep)
GCF_035609305.1,False,,Clean,Monoderm (Keep)
GCF_035621375.1,False,,Clean,Monoderm (Keep)
GCF_035593265.1,True,3.6e-54,VLY81_RS01360,Diderm (Exclude)
GCF_035188445.1,False,,Clean,Monoderm (Keep)
GCF_035330705.1,False,,Clean,Monoderm (Keep)
GCF_035334605.1,False,,Clean,Monoderm (Keep)
GCF_035586595.1,False,,Clean,Monoderm (Keep)
GCF_035593305.1,True,1.1e-51,U7230_RS12595,Diderm (Exclude)
GCF_035231185.1,False,,Clean,Monoderm (Keep)
GCF_035590735.1,False,,Clean,Monoderm (Keep)
GCF_034661175.1,False,,Clean,Monoderm (Keep)
GCF_035580465.1,False,,Clean,Monoderm (Keep)
GCF_035621695.1,False,,Clean,Monoderm (Keep)
GCF_035573695.1,False,,Clean,Monoderm (Keep)
GCF_034661235.1,False,,Clean,Monoderm (Keep)
GCF_035658255.2,False,,Clean,Monoderm (Keep)
GCF_035621715.1,False,,Clean,Monoderm (Keep)
GCF_035319605.1,False,,Clean,Monoderm (Keep)
GCF_035658515.1,False,,Clean,Monoderm (Keep)
GCF_035322745.1,False,,Clean,Monoderm (Keep)
GCF_035621735.1,False,,Clean,Monoderm (Keep)
GCF_035581225.1,False,,Clean,Monoderm (Keep)
GCF_035320845.1,False,,Clean,Monoderm (Keep)
GCF_035621775.1,False,,Clean,Monoderm (Keep)
GCF_035320885.1,False,,Clean,Monoderm (Keep)
GCF_035621755.1,False,,Clean,Monoderm (Keep)
GCF_035666115.1,False,,Clean,Monoderm (Keep)
GCF_035666375.1,False,,Clean,Monoderm (Keep)
GCF_035758325.1,False,,Clean,Monoderm (Keep)
GCF_035907395.1,False,,Clean,Monoderm (Keep)
GCF_035918255.1,False,,Clean,Monoderm (Keep)
GCF_035757545.1,False,,Clean,Monoderm (Keep)
GCF_035904565.1,False,,Clean,Monoderm (Keep)
GCF_035905475.1,False,,Clean,Monoderm (Keep)
GCF_035323085.1,False,,Clean,Monoderm (Keep)
GCF_034668605.1,False,,Clean,Monoderm (Keep)
GCF_035578105.1,False,,Clean,Monoderm (Keep)
GCF_035658475.1,False,,Clean,Monoderm (Keep)
GCF_035918315.1,False,,Clean,Monoderm (Keep)
GCF_035764585.1,False,,Clean,Monoderm (Keep)
GCF_035763005.1,False,,Clean,Monoderm (Keep)
GCF_035759335.1,False,,Clean,Monoderm (Keep)
GCF_035761185.1,False,,Clean,Monoderm (Keep)
GCF_035917235.1,False,,Clean,Monoderm (Keep)
GCF_035917155.1,False,,Clean,Monoderm (Keep)
GCF_035918335.1,False,,Clean,Monoderm (Keep)
GCF_035917115.1,False,,Clean,Monoderm (Keep)
GCF_035918275.1,False,,Clean,Monoderm (Keep)
GCF_035917415.1,False,,Clean,Monoderm (Keep)
GCF_035917335.1,False,,Clean,Monoderm (Keep)
GCF_035917255.1,False,,Clean,Monoderm (Keep)
GCF_035917175.1,False,,Clean,Monoderm (Keep)
GCF_035917135.1,False,,Clean,Monoderm (Keep)
GCF_035917215.1,False,,Clean,Monoderm (Keep)
GCF_035917195.1,False,,Clean,Monoderm (Keep)
GCF_035917555.1,False,,Clean,Monoderm (Keep)
GCF_035918015.1,False,,Clean,Monoderm (Keep)
GCF_035917755.1,False,,Clean,Monoderm (Keep)
GCF_035918115.1,False,,Clean,Monoderm (Keep)
GCF_035917815.1,False,,Clean,Monoderm (Keep)
GCF_035917595.1,False,,Clean,Monoderm (Keep)
GCF_035918195.1,False,,Clean,Monoderm (Keep)
GCF_035917955.1,False,,Clean,Monoderm (Keep)
GCF_035917295.1,False,,Clean,Monoderm (Keep)
GCF_035917275.1,False,,Clean,Monoderm (Keep)
GCF_035917915.1,False,,Clean,Monoderm (Keep)
GCF_035917535.1,False,,Clean,Monoderm (Keep)
GCF_035917675.1,False,,Clean,Monoderm (Keep)
GCF_035917655.1,False,,Clean,Monoderm (Keep)
GCF_035917775.1,False,,Clean,Monoderm (Keep)
GCF_035917435.1,False,,Clean,Monoderm (Keep)
GCF_035917375.1,False,,Clean,Monoderm (Keep)
GCF_035917395.1,False,,Clean,Monoderm (Keep)
GCF_035917875.1,False,,Clean,Monoderm (Keep)
GCF_035917575.1,False,,Clean,Monoderm (Keep)
GCF_035917495.1,False,,Clean,Monoderm (Keep)
GCF_035918035.1,False,,Clean,Monoderm (Keep)
GCF_035917795.1,False,,Clean,Monoderm (Keep)
GCF_035917855.1,False,,Clean,Monoderm (Keep)
GCF_035917935.1,False,,Clean,Monoderm (Keep)
GCF_035917975.1,False,,Clean,Monoderm (Keep)
GCF_035917455.1,False,,Clean,Monoderm (Keep)
GCF_035917355.1,False,,Clean,Monoderm (Keep)
GCF_035917995.1,False,,Clean,Monoderm (Keep)
GCF_035917895.1,False,,Clean,Monoderm (Keep)
GCF_035917695.1,False,,Clean,Monoderm (Keep)
GCF_035918095.1,False,,Clean,Monoderm (Keep)
GCF_035917835.1,False,,Clean,Monoderm (Keep)
GCF_035918155.1,False,,Clean,Monoderm (Keep)
GCF_035918135.1,False,,Clean,Monoderm (Keep)
GCF_035918355.1,False,,Clean,Monoderm (Keep)
GCF_035918075.1,False,,Clean,Monoderm (Keep)
GCF_035918215.1,False,,Clean,Monoderm (Keep)
GCF_035918295.1,False,,Clean,Monoderm (Keep)
GCF_035917315.1,False,,Clean,Monoderm (Keep)
GCF_035918235.1,False,,Clean,Monoderm (Keep)
GCF_035918175.1,False,,Clean,Monoderm (Keep)
GCF_035917475.1,False,,Clean,Monoderm (Keep)
GCF_035918055.1,False,,Clean,Monoderm (Keep)
GCF_035918455.1,False,,Clean,Monoderm (Keep)
GCF_035918435.1,False,,Clean,Monoderm (Keep)
GCF_035918415.1,False,,Clean,Monoderm (Keep)
GCF_035918535.1,False,,Clean,Monoderm (Keep)
GCF_035918475.1,False,,Clean,Monoderm (Keep)
GCF_035918495.1,False,,Clean,Monoderm (Keep)
GCF_035918515.1,False,,Clean,Monoderm (Keep)
GCF_035918555.1,False,,Clean,Monoderm (Keep)
GCF_035918575.1,False,,Clean,Monoderm (Keep)
GCF_035919605.1,False,,Clean,Monoderm (Keep)
GCF_035918595.1,False,,Clean,Monoderm (Keep)
GCF_035918395.1,False,,Clean,Monoderm (Keep)
GCF_035918375.1,False,,Clean,Monoderm (Keep)
GCF_035928225.1,False,,Clean,Monoderm (Keep)
GCF_035934735.1,False,,Clean,Monoderm (Keep)
GCF_035928175.1,False,,Clean,Monoderm (Keep)
GCF_035928125.1,False,,Clean,Monoderm (Keep)
GCF_035985965.1,False,,Clean,Monoderm (Keep)
GCF_035986805.1,False,,Clean,Monoderm (Keep)
GCF_035920385.1,False,,Clean,Monoderm (Keep)
GCF_035920425.1,False,,Clean,Monoderm (Keep)
GCF_035953295.1,False,,Clean,Monoderm (Keep)
GCF_035959875.1,False,,Clean,Monoderm (Keep)
GCF_035955795.1,False,,Clean,Monoderm (Keep)
GCF_035983575.1,False,,Clean,Monoderm (Keep)
GCF_035954115.1,False,,Clean,Monoderm (Keep)
GCF_035958815.1,False,,Clean,Monoderm (Keep)
GCF_035974335.1,False,,Clean,Monoderm (Keep)
GCF_035919765.1,False,,Clean,Monoderm (Keep)
GCF_035960815.1,False,,Clean,Monoderm (Keep)
GCF_035983595.1,False,,Clean,Monoderm (Keep)
GCF_035978755.1,False,,Clean,Monoderm (Keep)
GCF_035920465.1,False,,Clean,Monoderm (Keep)
GCF_035943135.1,False,,Clean,Monoderm (Keep)
GCF_035985545.1,False,,Clean,Monoderm (Keep)
GCF_035981415.1,False,,Clean,Monoderm (Keep)
GCF_035956715.1,False,,Clean,Monoderm (Keep)
GCF_035946055.1,False,,Clean,Monoderm (Keep)
GCF_035979555.1,False,,Clean,Monoderm (Keep)
GCF_035980495.1,False,,Clean,Monoderm (Keep)
GCF_035961655.1,False,,Clean,Monoderm (Keep)
GCF_035920365.1,False,,Clean,Monoderm (Keep)
GCF_035950875.1,False,,Clean,Monoderm (Keep)
GCF_035954955.1,False,,Clean,Monoderm (Keep)
GCF_035951655.1,False,,Clean,Monoderm (Keep)
GCF_035920405.1,False,,Clean,Monoderm (Keep)
GCF_035940175.1,False,,Clean,Monoderm (Keep)
GCF_035920445.1,False,,Clean,Monoderm (Keep)
GCF_035974355.1,False,,Clean,Monoderm (Keep)
GCF_035977975.1,False,,Clean,Monoderm (Keep)
GCF_035920485.1,False,,Clean,Monoderm (Keep)
GCF_035920345.1,False,,Clean,Monoderm (Keep)
GCF_035976515.1,False,,Clean,Monoderm (Keep)
GCF_035975855.1,False,,Clean,Monoderm (Keep)
GCF_035982555.1,False,,Clean,Monoderm (Keep)
GCF_035987325.1,False,,Clean,Monoderm (Keep)
GCF_035988865.1,False,,Clean,Monoderm (Keep)
GCF_035988225.1,False,,Clean,Monoderm (Keep)
GCF_035984415.1,False,,Clean,Monoderm (Keep)
GCF_035974375.1,False,,Clean,Monoderm (Keep)
GCF_035952475.1,False,,Clean,Monoderm (Keep)
GCF_035982055.1,False,,Clean,Monoderm (Keep)
GCF_035957715.1,False,,Clean,Monoderm (Keep)
GCF_035975215.1,False,,Clean,Monoderm (Keep)
GCF_035990065.1,False,,Clean,Monoderm (Keep)
GCF_035962435.1,False,,Clean,Monoderm (Keep)
GCF_035949105.1,False,,Clean,Monoderm (Keep)
GCF_035963215.1,False,,Clean,Monoderm (Keep)
GCF_035993425.1,False,,Clean,Monoderm (Keep)
GCF_035989305.1,False,,Clean,Monoderm (Keep)
GCF_035989285.1,False,,Clean,Monoderm (Keep)
GCF_035989885.1,False,,Clean,Monoderm (Keep)
GCF_035994945.1,False,,Clean,Monoderm (Keep)
GCF_035991645.1,False,,Clean,Monoderm (Keep)
GCF_036006205.1,False,,Clean,Monoderm (Keep)
GCF_036010285.1,False,,Clean,Monoderm (Keep)
GCF_035991205.1,False,,Clean,Monoderm (Keep)
GCF_035994185.1,False,,Clean,Monoderm (Keep)
GCF_036002945.1,False,,Clean,Monoderm (Keep)
GCF_035996785.1,False,,Clean,Monoderm (Keep)
GCF_036010305.1,False,,Clean,Monoderm (Keep)
GCF_036010345.1,False,,Clean,Monoderm (Keep)
GCF_036010325.1,False,,Clean,Monoderm (Keep)
GCF_036010505.1,False,,Clean,Monoderm (Keep)
GCF_036010365.1,False,,Clean,Monoderm (Keep)
GCF_036010425.1,False,,Clean,Monoderm (Keep)
GCF_036010445.1,False,,Clean,Monoderm (Keep)
GCF_036010385.1,False,,Clean,Monoderm (Keep)
GCF_036010465.1,False,,Clean,Monoderm (Keep)
GCF_036010405.1,False,,Clean,Monoderm (Keep)
GCF_036010525.1,False,,Clean,Monoderm (Keep)
GCF_036010625.1,False,,Clean,Monoderm (Keep)
GCF_036010585.1,False,,Clean,Monoderm (Keep)
GCF_036013045.1,False,,Clean,Monoderm (Keep)
GCF_036010645.1,False,,Clean,Monoderm (Keep)
GCF_036010665.1,False,,Clean,Monoderm (Keep)
GCF_036010485.1,False,,Clean,Monoderm (Keep)
GCF_036010605.1,False,,Clean,Monoderm (Keep)
GCF_036013545.1,False,,Clean,Monoderm (Keep)
GCF_036010565.1,False,,Clean,Monoderm (Keep)
GCF_036013525.1,False,,Clean,Monoderm (Keep)
GCF_036021035.1,False,,Clean,Monoderm (Keep)
GCF_036023875.1,False,,Clean,Monoderm (Keep)
GCF_036049935.1,False,,Clean,Monoderm (Keep)
GCF_036032445.1,False,,Clean,Monoderm (Keep)
GCF_036013855.1,False,,Clean,Monoderm (Keep)
GCF_036013875.1,False,,Clean,Monoderm (Keep)
GCF_036048035.1,False,,Clean,Monoderm (Keep)
GCF_036051655.1,False,,Clean,Monoderm (Keep)
GCF_036046055.1,False,,Clean,Monoderm (Keep)
GCF_036041405.1,False,,Clean,Monoderm (Keep)
GCF_036014215.1,False,,Clean,Monoderm (Keep)
GCF_036013815.1,False,,Clean,Monoderm (Keep)
GCF_036014235.1,False,,Clean,Monoderm (Keep)
GCF_036013915.1,False,,Clean,Monoderm (Keep)
GCF_036013895.1,False,,Clean,Monoderm (Keep)
GCF_036044095.1,False,,Clean,Monoderm (Keep)
GCF_036014195.1,False,,Clean,Monoderm (Keep)
GCF_036017915.1,False,,Clean,Monoderm (Keep)
GCF_036013725.1,False,,Clean,Monoderm (Keep)
GCF_036013785.1,False,,Clean,Monoderm (Keep)
GCF_036013975.1,False,,Clean,Monoderm (Keep)
GCF_036030735.1,False,,Clean,Monoderm (Keep)
GCF_036013935.1,False,,Clean,Monoderm (Keep)
GCF_036013955.1,False,,Clean,Monoderm (Keep)
GCF_036013685.1,False,,Clean,Monoderm (Keep)
GCF_036014155.1,False,,Clean,Monoderm (Keep)
GCF_036013745.1,False,,Clean,Monoderm (Keep)
GCF_036014035.1,False,,Clean,Monoderm (Keep)
GCF_036014175.1,False,,Clean,Monoderm (Keep)
GCF_036014135.1,False,,Clean,Monoderm (Keep)
GCF_036013665.1,False,,Clean,Monoderm (Keep)
GCF_036013705.1,False,,Clean,Monoderm (Keep)
GCF_036013835.1,False,,Clean,Monoderm (Keep)
GCF_036013625.1,False,,Clean,Monoderm (Keep)
GCF_036061255.1,False,,Clean,Monoderm (Keep)
GCF_036014075.1,False,,Clean,Monoderm (Keep)
GCF_036035005.1,False,,Clean,Monoderm (Keep)
GCF_036013565.1,False,,Clean,Monoderm (Keep)
GCF_036013645.1,False,,Clean,Monoderm (Keep)
GCF_036014055.1,False,,Clean,Monoderm (Keep)
GCF_036014115.1,False,,Clean,Monoderm (Keep)
GCF_036014015.1,False,,Clean,Monoderm (Keep)
GCF_036038375.1,False,,Clean,Monoderm (Keep)
GCF_036014095.1,False,,Clean,Monoderm (Keep)
GCF_036013605.1,False,,Clean,Monoderm (Keep)
GCF_036026695.1,False,,Clean,Monoderm (Keep)
GCF_036013765.1,False,,Clean,Monoderm (Keep)
GCF_036067295.1,False,,Clean,Monoderm (Keep)
GCF_036013585.1,False,,Clean,Monoderm (Keep)
GCF_036063235.1,False,,Clean,Monoderm (Keep)
GCF_036057275.1,False,,Clean,Monoderm (Keep)
GCF_036059255.1,False,,Clean,Monoderm (Keep)
GCF_036053395.1,False,,Clean,Monoderm (Keep)
GCF_036055215.1,False,,Clean,Monoderm (Keep)
GCF_036069355.1,False,,Clean,Monoderm (Keep)
GCF_036075115.1,False,,Clean,Monoderm (Keep)
GCF_036077095.1,False,,Clean,Monoderm (Keep)
GCF_036084755.1,False,,Clean,Monoderm (Keep)
GCF_036079075.1,False,,Clean,Monoderm (Keep)
GCF_036082875.1,False,,Clean,Monoderm (Keep)
GCF_036073155.1,False,,Clean,Monoderm (Keep)
GCF_036163995.1,False,,Clean,Monoderm (Keep)
GCF_036088315.1,False,,Clean,Monoderm (Keep)
GCF_036173065.1,False,,Clean,Monoderm (Keep)
GCF_036175285.1,False,,Clean,Monoderm (Keep)
GCF_036130235.1,False,,Clean,Monoderm (Keep)
GCF_036142455.1,False,,Clean,Monoderm (Keep)
GCF_036121075.1,False,,Clean,Monoderm (Keep)
GCF_036169715.1,False,,Clean,Monoderm (Keep)
GCF_036127095.1,False,,Clean,Monoderm (Keep)
GCF_036178565.1,False,,Clean,Monoderm (Keep)
GCF_036093575.1,False,,Clean,Monoderm (Keep)
GCF_036158715.1,False,,Clean,Monoderm (Keep)
GCF_036090055.1,False,,Clean,Monoderm (Keep)
GCF_036155935.1,False,,Clean,Monoderm (Keep)
GCF_036153515.1,False,,Clean,Monoderm (Keep)
GCF_036136635.1,False,,Clean,Monoderm (Keep)
GCF_036086475.1,False,,Clean,Monoderm (Keep)
GCF_036095495.1,False,,Clean,Monoderm (Keep)
GCF_036169555.1,False,,Clean,Monoderm (Keep)
GCF_036097425.1,False,,Clean,Monoderm (Keep)
GCF_036147535.1,False,,Clean,Monoderm (Keep)
GCF_036172715.1,False,,Clean,Monoderm (Keep)
GCF_036173085.1,False,,Clean,Monoderm (Keep)
GCF_036139655.1,False,,Clean,Monoderm (Keep)
GCF_036124195.1,False,,Clean,Monoderm (Keep)
GCF_036099295.1,False,,Clean,Monoderm (Keep)
GCF_036150455.1,False,,Clean,Monoderm (Keep)
GCF_036091755.1,False,,Clean,Monoderm (Keep)
GCF_036170895.1,False,,Clean,Monoderm (Keep)
GCF_036110805.1,False,,Clean,Monoderm (Keep)
GCF_036178885.1,False,,Clean,Monoderm (Keep)
GCF_036101175.1,False,,Clean,Monoderm (Keep)
GCF_036173045.1,False,,Clean,Monoderm (Keep)
GCF_036174265.1,False,,Clean,Monoderm (Keep)
GCF_036106915.1,False,,Clean,Monoderm (Keep)
GCF_036184225.1,False,,Clean,Monoderm (Keep)
GCF_036173105.1,False,,Clean,Monoderm (Keep)
GCF_036167175.1,False,,Clean,Monoderm (Keep)
GCF_036173125.1,False,,Clean,Monoderm (Keep)
GCF_036108815.1,False,,Clean,Monoderm (Keep)
GCF_036168855.1,False,,Clean,Monoderm (Keep)
GCF_036103115.1,False,,Clean,Monoderm (Keep)
GCF_036118775.1,False,,Clean,Monoderm (Keep)
GCF_036178145.1,False,,Clean,Monoderm (Keep)
GCF_036183285.1,False,,Clean,Monoderm (Keep)
GCF_036180305.1,False,,Clean,Monoderm (Keep)
GCF_036177905.1,False,,Clean,Monoderm (Keep)
GCF_036181745.1,False,,Clean,Monoderm (Keep)
GCF_036186745.1,False,,Clean,Monoderm (Keep)
GCF_036178905.1,False,,Clean,Monoderm (Keep)
GCF_036116635.1,False,,Clean,Monoderm (Keep)
GCF_036104975.1,False,,Clean,Monoderm (Keep)
GCF_036133475.1,False,,Clean,Monoderm (Keep)
GCF_036114655.1,False,,Clean,Monoderm (Keep)
GCF_036178845.1,False,,Clean,Monoderm (Keep)
GCF_036185645.1,False,,Clean,Monoderm (Keep)
GCF_036181125.1,False,,Clean,Monoderm (Keep)
GCF_036189065.1,False,,Clean,Monoderm (Keep)
GCF_036189845.1,False,,Clean,Monoderm (Keep)
GCF_036187565.1,False,,Clean,Monoderm (Keep)
GCF_036182465.1,False,,Clean,Monoderm (Keep)
GCF_036190545.1,False,,Clean,Monoderm (Keep)
GCF_036191345.1,False,,Clean,Monoderm (Keep)
GCF_036188265.1,False,,Clean,Monoderm (Keep)
GCF_036194065.1,False,,Clean,Monoderm (Keep)
GCF_036193325.1,False,,Clean,Monoderm (Keep)
GCF_036192275.1,False,,Clean,Monoderm (Keep)
GCF_036195045.1,False,,Clean,Monoderm (Keep)
GCF_036195325.1,False,,Clean,Monoderm (Keep)
GCF_036206005.1,False,,Clean,Monoderm (Keep)
GCF_036205185.1,False,,Clean,Monoderm (Keep)
GCF_036203305.1,False,,Clean,Monoderm (Keep)
GCF_036226185.1,False,,Clean,Monoderm (Keep)
GCF_036226765.1,False,,Clean,Monoderm (Keep)
GCF_036199905.1,False,,Clean,Monoderm (Keep)
GCF_036206925.1,False,,Clean,Monoderm (Keep)
GCF_036196325.1,False,,Clean,Monoderm (Keep)
GCF_036201705.1,False,,Clean,Monoderm (Keep)
GCF_036204065.1,False,,Clean,Monoderm (Keep)
GCF_036197725.1,False,,Clean,Monoderm (Keep)
GCF_036200865.1,False,,Clean,Monoderm (Keep)
GCF_036208025.1,False,,Clean,Monoderm (Keep)
GCF_036226605.1,False,,Clean,Monoderm (Keep)
GCF_036224405.1,False,,Clean,Monoderm (Keep)
GCF_036207985.1,False,,Clean,Monoderm (Keep)
GCF_036226665.1,False,,Clean,Monoderm (Keep)
GCF_036226805.1,False,,Clean,Monoderm (Keep)
GCF_036202585.1,False,,Clean,Monoderm (Keep)
GCF_036226305.1,False,,Clean,Monoderm (Keep)
GCF_036226405.1,False,,Clean,Monoderm (Keep)
GCF_036226485.1,False,,Clean,Monoderm (Keep)
GCF_036226565.1,False,,Clean,Monoderm (Keep)
GCF_036226445.1,False,,Clean,Monoderm (Keep)
GCF_036226425.1,False,,Clean,Monoderm (Keep)
GCF_036226465.1,False,,Clean,Monoderm (Keep)
GCF_036208085.1,False,,Clean,Monoderm (Keep)
GCF_036226545.1,False,,Clean,Monoderm (Keep)
GCF_036226625.1,False,,Clean,Monoderm (Keep)
GCF_036226785.1,False,,Clean,Monoderm (Keep)
GCF_036226525.1,False,,Clean,Monoderm (Keep)
GCF_036226365.1,False,,Clean,Monoderm (Keep)
GCF_036226745.1,False,,Clean,Monoderm (Keep)
GCF_036226705.1,False,,Clean,Monoderm (Keep)
GCF_036226505.1,False,,Clean,Monoderm (Keep)
GCF_036226685.1,False,,Clean,Monoderm (Keep)
GCF_036226965.1,False,,Clean,Monoderm (Keep)
GCF_036226865.1,False,,Clean,Monoderm (Keep)
GCF_036226265.1,False,,Clean,Monoderm (Keep)
GCF_036226945.1,False,,Clean,Monoderm (Keep)
GCF_036226825.1,False,,Clean,Monoderm (Keep)
GCF_036227025.1,False,,Clean,Monoderm (Keep)
GCF_036226985.1,False,,Clean,Monoderm (Keep)
GCF_036227005.1,False,,Clean,Monoderm (Keep)
GCF_036226385.1,False,,Clean,Monoderm (Keep)
GCF_036227065.1,False,,Clean,Monoderm (Keep)
GCF_036227145.1,False,,Clean,Monoderm (Keep)
GCF_036226645.1,False,,Clean,Monoderm (Keep)
GCF_036226905.1,False,,Clean,Monoderm (Keep)
GCF_036226845.1,False,,Clean,Monoderm (Keep)
GCF_036226925.1,False,,Clean,Monoderm (Keep)
GCF_036226885.1,False,,Clean,Monoderm (Keep)
GCF_036227125.1,False,,Clean,Monoderm (Keep)
GCF_036227545.1,False,,Clean,Monoderm (Keep)
GCF_036227405.1,False,,Clean,Monoderm (Keep)
GCF_036227385.1,False,,Clean,Monoderm (Keep)
GCF_036227245.1,False,,Clean,Monoderm (Keep)
GCF_036227265.1,False,,Clean,Monoderm (Keep)
GCF_036227325.1,False,,Clean,Monoderm (Keep)
GCF_036227105.1,False,,Clean,Monoderm (Keep)
GCF_036227085.1,False,,Clean,Monoderm (Keep)
GCF_036227425.1,False,,Clean,Monoderm (Keep)
GCF_036227165.1,False,,Clean,Monoderm (Keep)
GCF_036227205.1,False,,Clean,Monoderm (Keep)
GCF_036227305.1,False,,Clean,Monoderm (Keep)
GCF_036227285.1,False,,Clean,Monoderm (Keep)
GCF_036227365.1,False,,Clean,Monoderm (Keep)
GCF_036227465.1,False,,Clean,Monoderm (Keep)
GCF_036227185.1,False,,Clean,Monoderm (Keep)
GCF_036227225.1,False,,Clean,Monoderm (Keep)
GCF_036261395.1,False,,Clean,Monoderm (Keep)
GCF_036259715.1,False,,Clean,Monoderm (Keep)
GCF_036227585.1,False,,Clean,Monoderm (Keep)
GCF_036227445.1,False,,Clean,Monoderm (Keep)
GCF_036227565.1,False,,Clean,Monoderm (Keep)
GCF_036227505.1,False,,Clean,Monoderm (Keep)
GCF_036227485.1,False,,Clean,Monoderm (Keep)
GCF_036228565.1,False,,Clean,Monoderm (Keep)
GCF_036255815.1,False,,Clean,Monoderm (Keep)
GCF_036252815.1,False,,Clean,Monoderm (Keep)
GCF_036250085.1,False,,Clean,Monoderm (Keep)
GCF_036250065.1,False,,Clean,Monoderm (Keep)
GCF_036227625.1,False,,Clean,Monoderm (Keep)
GCF_036229765.1,False,,Clean,Monoderm (Keep)
GCF_036227605.1,False,,Clean,Monoderm (Keep)
GCF_036227645.1,False,,Clean,Monoderm (Keep)
GCF_036250755.1,False,,Clean,Monoderm (Keep)
GCF_036250835.1,False,,Clean,Monoderm (Keep)
GCF_036250695.1,False,,Clean,Monoderm (Keep)
GCF_036232005.1,False,,Clean,Monoderm (Keep)
GCF_036250675.1,False,,Clean,Monoderm (Keep)
GCF_036250635.1,False,,Clean,Monoderm (Keep)
GCF_036238395.1,False,,Clean,Monoderm (Keep)
GCF_036239155.1,False,,Clean,Monoderm (Keep)
GCF_036250345.1,False,,Clean,Monoderm (Keep)
GCF_036250715.1,False,,Clean,Monoderm (Keep)
GCF_036247045.1,False,,Clean,Monoderm (Keep)
GCF_036248545.1,False,,Clean,Monoderm (Keep)
GCF_036243895.1,False,,Clean,Monoderm (Keep)
GCF_036243155.1,False,,Clean,Monoderm (Keep)
GCF_036240075.1,False,,Clean,Monoderm (Keep)
GCF_036231355.1,False,,Clean,Monoderm (Keep)
GCF_036241575.1,False,,Clean,Monoderm (Keep)
GCF_036237315.1,False,,Clean,Monoderm (Keep)
GCF_036237275.1,False,,Clean,Monoderm (Keep)
GCF_036232025.1,False,,Clean,Monoderm (Keep)
GCF_036232045.1,False,,Clean,Monoderm (Keep)
GCF_036231985.1,False,,Clean,Monoderm (Keep)
GCF_036237195.1,False,,Clean,Monoderm (Keep)
GCF_036250945.1,False,,Clean,Monoderm (Keep)
GCF_036237335.1,False,,Clean,Monoderm (Keep)
GCF_036231945.1,False,,Clean,Monoderm (Keep)
GCF_036237255.1,False,,Clean,Monoderm (Keep)
GCF_036240795.1,False,,Clean,Monoderm (Keep)
GCF_036231965.1,False,,Clean,Monoderm (Keep)
GCF_036237215.1,False,,Clean,Monoderm (Keep)
GCF_036237375.1,False,,Clean,Monoderm (Keep)
GCF_036237235.1,False,,Clean,Monoderm (Keep)
GCF_036237355.1,False,,Clean,Monoderm (Keep)
GCF_036246005.1,False,,Clean,Monoderm (Keep)
GCF_036237395.1,False,,Clean,Monoderm (Keep)
GCF_036242395.1,False,,Clean,Monoderm (Keep)
GCF_036248255.1,False,,Clean,Monoderm (Keep)
GCF_036244815.1,False,,Clean,Monoderm (Keep)
GCF_036250735.1,False,,Clean,Monoderm (Keep)
GCF_036243495.1,False,,Clean,Monoderm (Keep)
GCF_036243435.1,False,,Clean,Monoderm (Keep)
GCF_036248295.1,False,,Clean,Monoderm (Keep)
GCF_036248275.1,False,,Clean,Monoderm (Keep)
GCF_036237135.1,False,,Clean,Monoderm (Keep)
GCF_036263135.1,False,,Clean,Monoderm (Keep)
GCF_036237295.1,False,,Clean,Monoderm (Keep)
GCF_036264895.1,False,,Clean,Monoderm (Keep)
GCF_036266595.1,False,,Clean,Monoderm (Keep)
GCF_036270335.1,False,,Clean,Monoderm (Keep)
GCF_036268395.1,False,,Clean,Monoderm (Keep)
GCF_036248315.1,False,,Clean,Monoderm (Keep)
GCF_036272135.1,False,,Clean,Monoderm (Keep)
GCF_036275755.1,False,,Clean,Monoderm (Keep)
GCF_036273895.1,False,,Clean,Monoderm (Keep)
GCF_036277495.1,False,,Clean,Monoderm (Keep)
GCF_036279155.1,False,,Clean,Monoderm (Keep)
GCF_036321505.1,False,,Clean,Monoderm (Keep)
GCF_036324345.1,False,,Clean,Monoderm (Keep)
GCF_036321485.1,False,,Clean,Monoderm (Keep)
GCF_036287195.1,False,,Clean,Monoderm (Keep)
GCF_036324385.1,False,,Clean,Monoderm (Keep)
GCF_036289305.1,False,,Clean,Monoderm (Keep)
GCF_036281635.1,False,,Clean,Monoderm (Keep)
GCF_036289325.1,False,,Clean,Monoderm (Keep)
GCF_036289265.1,False,,Clean,Monoderm (Keep)
GCF_036320595.1,False,,Clean,Monoderm (Keep)
GCF_036327715.1,False,,Clean,Monoderm (Keep)
GCF_036321605.1,False,,Clean,Monoderm (Keep)
GCF_036287315.1,False,,Clean,Monoderm (Keep)
GCF_036323015.1,False,,Clean,Monoderm (Keep)
GCF_036322975.1,False,,Clean,Monoderm (Keep)
GCF_036323075.1,False,,Clean,Monoderm (Keep)
GCF_036323095.1,False,,Clean,Monoderm (Keep)
GCF_036322895.1,False,,Clean,Monoderm (Keep)
GCF_036323475.1,False,,Clean,Monoderm (Keep)
GCF_036322995.1,False,,Clean,Monoderm (Keep)
GCF_036322935.1,False,,Clean,Monoderm (Keep)
GCF_036327755.1,False,,Clean,Monoderm (Keep)
GCF_036346595.1,False,,Clean,Monoderm (Keep)
GCF_036323055.1,False,,Clean,Monoderm (Keep)
GCF_036322955.1,False,,Clean,Monoderm (Keep)
GCF_036323375.1,False,,Clean,Monoderm (Keep)
GCF_036345115.1,False,,Clean,Monoderm (Keep)
GCF_036323035.1,False,,Clean,Monoderm (Keep)
GCF_036322915.1,False,,Clean,Monoderm (Keep)
GCF_036346295.1,False,,Clean,Monoderm (Keep)
GCF_036324365.1,False,,Clean,Monoderm (Keep)
GCF_036347115.1,False,,Clean,Monoderm (Keep)
GCF_036345995.1,False,,Clean,Monoderm (Keep)
GCF_036280735.1,False,,Clean,Monoderm (Keep)
GCF_036346105.1,False,,Clean,Monoderm (Keep)
GCF_036287235.1,False,,Clean,Monoderm (Keep)
GCF_036345975.1,False,,Clean,Monoderm (Keep)
GCF_036287535.1,False,,Clean,Monoderm (Keep)
GCF_036281655.1,False,,Clean,Monoderm (Keep)
GCF_036287215.1,False,,Clean,Monoderm (Keep)
GCF_036346615.1,False,,Clean,Monoderm (Keep)
GCF_036323435.1,False,,Clean,Monoderm (Keep)
GCF_036320795.1,False,,Clean,Monoderm (Keep)
GCF_036345235.1,False,,Clean,Monoderm (Keep)
GCF_036327775.1,False,,Clean,Monoderm (Keep)
GCF_036346085.1,False,,Clean,Monoderm (Keep)
GCF_036345095.1,False,,Clean,Monoderm (Keep)
GCF_036345215.1,False,,Clean,Monoderm (Keep)
GCF_036287475.1,False,,Clean,Monoderm (Keep)
GCF_036345955.1,False,,Clean,Monoderm (Keep)
GCF_036345035.1,False,,Clean,Monoderm (Keep)
GCF_036345155.1,False,,Clean,Monoderm (Keep)
GCF_036345055.1,False,,Clean,Monoderm (Keep)
GCF_036345075.1,False,,Clean,Monoderm (Keep)
GCF_036345255.1,False,,Clean,Monoderm (Keep)
GCF_036347595.1,False,,Clean,Monoderm (Keep)
GCF_036347555.1,False,,Clean,Monoderm (Keep)
GCF_036347575.1,False,,Clean,Monoderm (Keep)
GCF_036347035.1,False,,Clean,Monoderm (Keep)
GCF_036346555.1,False,,Clean,Monoderm (Keep)
GCF_036345175.1,False,,Clean,Monoderm (Keep)
GCF_036347615.1,False,,Clean,Monoderm (Keep)
GCF_036345915.1,False,,Clean,Monoderm (Keep)
GCF_036347075.1,False,,Clean,Monoderm (Keep)
GCF_036346935.1,False,,Clean,Monoderm (Keep)
GCF_036347055.1,False,,Clean,Monoderm (Keep)
GCF_036347095.1,False,,Clean,Monoderm (Keep)
GCF_036346895.1,False,,Clean,Monoderm (Keep)
GCF_036346875.1,False,,Clean,Monoderm (Keep)
GCF_036347195.1,False,,Clean,Monoderm (Keep)
GCF_036346835.1,False,,Clean,Monoderm (Keep)
GCF_036346815.1,False,,Clean,Monoderm (Keep)
GCF_036346995.1,False,,Clean,Monoderm (Keep)
GCF_036347135.1,False,,Clean,Monoderm (Keep)
GCF_036347015.1,False,,Clean,Monoderm (Keep)
GCF_036352135.1,False,,Clean,Monoderm (Keep)
GCF_036542405.1,False,,Clean,Monoderm (Keep)
GCF_036542385.1,False,,Clean,Monoderm (Keep)
GCF_036542065.1,False,,Clean,Monoderm (Keep)
GCF_036347175.1,False,,Clean,Monoderm (Keep)
GCF_036347155.1,False,,Clean,Monoderm (Keep)
GCF_036346855.1,False,,Clean,Monoderm (Keep)
GCF_036347215.1,False,,Clean,Monoderm (Keep)
GCF_036346915.1,False,,Clean,Monoderm (Keep)
GCF_036352155.1,False,,Clean,Monoderm (Keep)
GCF_036542425.1,False,,Clean,Monoderm (Keep)
GCF_036420115.1,False,,Clean,Monoderm (Keep)
GCF_036419715.1,False,,Clean,Monoderm (Keep)
GCF_036419895.1,False,,Clean,Monoderm (Keep)
GCF_036420075.1,False,,Clean,Monoderm (Keep)
GCF_036509575.1,False,,Clean,Monoderm (Keep)
GCF_036419235.1,False,,Clean,Monoderm (Keep)
GCF_036352235.1,False,,Clean,Monoderm (Keep)
GCF_036419755.1,False,,Clean,Monoderm (Keep)
GCF_036542445.1,False,,Clean,Monoderm (Keep)
GCF_036416335.1,False,,Clean,Monoderm (Keep)
GCF_036549555.1,False,,Clean,Monoderm (Keep)
GCF_036352215.1,False,,Clean,Monoderm (Keep)
GCF_036347775.1,False,,Clean,Monoderm (Keep)
GCF_036542465.1,False,,Clean,Monoderm (Keep)
GCF_036419775.1,False,,Clean,Monoderm (Keep)
GCF_036541085.1,False,,Clean,Monoderm (Keep)
GCF_036542485.1,False,,Clean,Monoderm (Keep)
GCF_036362885.1,False,,Clean,Monoderm (Keep)
GCF_036362865.1,False,,Clean,Monoderm (Keep)
GCF_036492515.1,False,,Clean,Monoderm (Keep)
GCF_036420095.1,False,,Clean,Monoderm (Keep)
GCF_036669985.1,False,,Clean,Monoderm (Keep)
GCF_036352175.1,False,,Clean,Monoderm (Keep)
GCF_036541105.1,False,,Clean,Monoderm (Keep)
GCF_036347695.1,False,,Clean,Monoderm (Keep)
GCF_036419255.1,False,,Clean,Monoderm (Keep)
GCF_036630125.1,False,,Clean,Monoderm (Keep)
GCF_036363445.1,False,,Clean,Monoderm (Keep)
GCF_036363425.1,False,,Clean,Monoderm (Keep)
GCF_036512515.1,False,,Clean,Monoderm (Keep)
GCF_036490635.1,False,,Clean,Monoderm (Keep)
GCF_036353505.2,False,,Clean,Monoderm (Keep)
GCF_036352195.1,False,,Clean,Monoderm (Keep)
GCF_036363005.1,False,,Clean,Monoderm (Keep)
GCF_036428785.1,False,,Clean,Monoderm (Keep)
GCF_036632915.2,False,,Clean,Monoderm (Keep)
GCF_036419215.1,False,,Clean,Monoderm (Keep)
GCF_036583945.1,False,,Clean,Monoderm (Keep)
GCF_036419155.1,False,,Clean,Monoderm (Keep)
GCF_036419175.1,False,,Clean,Monoderm (Keep)
GCF_036630055.1,False,,Clean,Monoderm (Keep)
GCF_036419515.1,False,,Clean,Monoderm (Keep)
GCF_036549115.1,False,,Clean,Monoderm (Keep)
GCF_036419135.1,False,,Clean,Monoderm (Keep)
GCF_036352015.1,False,,Clean,Monoderm (Keep)
GCF_036362945.1,False,,Clean,Monoderm (Keep)
GCF_036362845.1,False,,Clean,Monoderm (Keep)
GCF_036419095.1,False,,Clean,Monoderm (Keep)
GCF_036540975.1,False,,Clean,Monoderm (Keep)
GCF_036352075.1,False,,Clean,Monoderm (Keep)
GCF_036670045.1,False,,Clean,Monoderm (Keep)
GCF_036364245.1,False,,Clean,Monoderm (Keep)
GCF_036485475.1,False,,Clean,Monoderm (Keep)
GCF_036670065.1,False,,Clean,Monoderm (Keep)
GCF_036670055.1,False,,Clean,Monoderm (Keep)
GCF_036670075.1,False,,Clean,Monoderm (Keep)
GCF_036541015.1,False,,Clean,Monoderm (Keep)
GCF_036585175.1,False,,Clean,Monoderm (Keep)
GCF_036541045.1,False,,Clean,Monoderm (Keep)
GCF_036670035.1,False,,Clean,Monoderm (Keep)
GCF_036630045.1,False,,Clean,Monoderm (Keep)
GCF_036607905.1,False,,Clean,Monoderm (Keep)
GCF_036670015.1,False,,Clean,Monoderm (Keep)
GCF_036670025.1,False,,Clean,Monoderm (Keep)
GCF_036689565.1,False,,Clean,Monoderm (Keep)
GCF_037046505.2,False,,Clean,Monoderm (Keep)
GCF_036774845.1,False,,Clean,Monoderm (Keep)
GCF_036784995.1,False,,Clean,Monoderm (Keep)
GCF_037046385.2,False,,Clean,Monoderm (Keep)
GCF_036689625.1,False,,Clean,Monoderm (Keep)
GCF_036884305.1,False,,Clean,Monoderm (Keep)
GCF_037055925.1,False,,Clean,Monoderm (Keep)
GCF_037013415.1,False,,Clean,Monoderm (Keep)
GCF_036670115.1,False,,Clean,Monoderm (Keep)
GCF_036898925.1,False,,Clean,Monoderm (Keep)
GCF_037045985.2,False,,Clean,Monoderm (Keep)
GCF_036884865.1,False,,Clean,Monoderm (Keep)
GCF_036689715.2,False,,Clean,Monoderm (Keep)
GCF_036961545.2,False,,Clean,Monoderm (Keep)
GCF_036833795.1,False,,Clean,Monoderm (Keep)
GCF_036867165.2,False,,Clean,Monoderm (Keep)
GCF_036793375.1,False,,Clean,Monoderm (Keep)
GCF_036772935.1,False,,Clean,Monoderm (Keep)
GCF_036867125.2,False,,Clean,Monoderm (Keep)
GCF_037039335.1,False,,Clean,Monoderm (Keep)
GCF_037039295.1,False,,Clean,Monoderm (Keep)
GCF_036700025.1,False,,Clean,Monoderm (Keep)
GCF_037039325.1,False,,Clean,Monoderm (Keep)
GCF_036689605.1,False,,Clean,Monoderm (Keep)
GCF_037039415.1,False,,Clean,Monoderm (Keep)
GCF_037039575.1,False,,Clean,Monoderm (Keep)
GCF_036697825.2,False,,Clean,Monoderm (Keep)
GCF_036884935.1,False,,Clean,Monoderm (Keep)
GCF_036894225.1,False,,Clean,Monoderm (Keep)
GCF_036812735.1,False,,Clean,Monoderm (Keep)
GCF_036894235.1,False,,Clean,Monoderm (Keep)
GCF_037019775.1,False,,Clean,Monoderm (Keep)
GCF_036894365.1,False,,Clean,Monoderm (Keep)
GCF_036923315.1,False,,Clean,Monoderm (Keep)
GCF_036669995.1,False,,Clean,Monoderm (Keep)
GCF_036784755.1,False,,Clean,Monoderm (Keep)
GCF_037041345.1,False,,Clean,Monoderm (Keep)
GCF_036923305.1,False,,Clean,Monoderm (Keep)
GCF_037013305.1,False,,Clean,Monoderm (Keep)
GCF_037055935.1,False,,Clean,Monoderm (Keep)
GCF_037045965.2,False,,Clean,Monoderm (Keep)
GCF_036884295.1,False,,Clean,Monoderm (Keep)
GCF_036872545.1,False,,Clean,Monoderm (Keep)
GCF_037013335.1,False,,Clean,Monoderm (Keep)
GCF_036866465.1,False,,Clean,Monoderm (Keep)
GCF_036815195.1,False,,Clean,Monoderm (Keep)
GCF_036670125.1,False,,Clean,Monoderm (Keep)
GCF_036815185.2,False,,Clean,Monoderm (Keep)
GCF_036670135.1,False,,Clean,Monoderm (Keep)
GCF_036898235.1,False,,Clean,Monoderm (Keep)
GCF_036670105.1,False,,Clean,Monoderm (Keep)
GCF_037055325.1,False,,Clean,Monoderm (Keep)
GCF_036670145.1,False,,Clean,Monoderm (Keep)
GCF_036832165.1,False,,Clean,Monoderm (Keep)
GCF_037046245.2,False,,Clean,Monoderm (Keep)
GCF_037055315.1,False,,Clean,Monoderm (Keep)
GCF_036967205.1,False,,Clean,Monoderm (Keep)
GCF_036884815.1,False,,Clean,Monoderm (Keep)
GCF_036864985.1,False,,Clean,Monoderm (Keep)
GCF_037055295.1,False,,Clean,Monoderm (Keep)
GCF_036785745.1,False,,Clean,Monoderm (Keep)
GCF_036700015.1,False,,Clean,Monoderm (Keep)
GCF_036700035.1,False,,Clean,Monoderm (Keep)
GCF_036700005.1,False,,Clean,Monoderm (Keep)
GCF_036699995.1,False,,Clean,Monoderm (Keep)
GCF_036894955.1,False,,Clean,Monoderm (Keep)
GCF_036884255.1,False,,Clean,Monoderm (Keep)
GCF_037023755.1,False,,Clean,Monoderm (Keep)
GCF_036873195.1,False,,Clean,Monoderm (Keep)
GCF_036826855.1,False,,Clean,Monoderm (Keep)
GCF_037023745.1,False,,Clean,Monoderm (Keep)
GCF_037055355.1,False,,Clean,Monoderm (Keep)
GCF_037056125.1,False,,Clean,Monoderm (Keep)
GCF_037056005.1,False,,Clean,Monoderm (Keep)
GCF_036873425.1,False,,Clean,Monoderm (Keep)
GCF_037056055.1,False,,Clean,Monoderm (Keep)
GCF_037056195.1,False,,Clean,Monoderm (Keep)
GCF_036873705.1,False,,Clean,Monoderm (Keep)
GCF_036870975.1,False,,Clean,Monoderm (Keep)
GCF_037101245.1,False,,Clean,Monoderm (Keep)
GCF_037099855.1,False,,Clean,Monoderm (Keep)
GCF_037199595.2,False,,Clean,Monoderm (Keep)
GCF_037099865.1,False,,Clean,Monoderm (Keep)
GCF_037094665.1,False,,Clean,Monoderm (Keep)
GCF_037095035.2,False,,Clean,Monoderm (Keep)
GCF_037081805.1,False,,Clean,Monoderm (Keep)
GCF_037100195.1,False,,Clean,Monoderm (Keep)
GCF_037095045.2,False,,Clean,Monoderm (Keep)
GCF_037101395.1,False,,Clean,Monoderm (Keep)
GCF_037083885.2,False,,Clean,Monoderm (Keep)
GCF_037056955.1,False,,Clean,Monoderm (Keep)
GCF_037199755.2,False,,Clean,Monoderm (Keep)
GCF_037198295.1,False,,Clean,Monoderm (Keep)
GCF_037100215.1,False,,Clean,Monoderm (Keep)
GCF_037199635.2,False,,Clean,Monoderm (Keep)
GCF_037199815.2,False,,Clean,Monoderm (Keep)
GCF_037057455.1,False,,Clean,Monoderm (Keep)
GCF_037120235.2,False,,Clean,Monoderm (Keep)
GCF_037199565.1,False,,Clean,Monoderm (Keep)
GCF_037100225.1,False,,Clean,Monoderm (Keep)
GCF_037113575.1,False,,Clean,Monoderm (Keep)
GCF_037099845.1,False,,Clean,Monoderm (Keep)
GCF_037081845.1,False,,Clean,Monoderm (Keep)
GCF_037057165.1,False,,Clean,Monoderm (Keep)
GCF_037157755.1,False,,Clean,Monoderm (Keep)
GCF_037056405.1,False,,Clean,Monoderm (Keep)
GCF_037059035.1,False,,Clean,Monoderm (Keep)
GCF_037094495.1,False,,Clean,Monoderm (Keep)
GCF_037076365.1,False,,Clean,Monoderm (Keep)
GCF_037076425.1,False,,Clean,Monoderm (Keep)
GCF_037199585.2,False,,Clean,Monoderm (Keep)
GCF_037076375.1,False,,Clean,Monoderm (Keep)
GCF_037076355.1,False,,Clean,Monoderm (Keep)
GCF_037076495.1,False,,Clean,Monoderm (Keep)
GCF_037062565.1,False,,Clean,Monoderm (Keep)
GCF_037069705.1,False,,Clean,Monoderm (Keep)
GCF_037066025.1,False,,Clean,Monoderm (Keep)
GCF_037199715.2,False,,Clean,Monoderm (Keep)
GCF_037063765.1,False,,Clean,Monoderm (Keep)
GCF_037062095.1,False,,Clean,Monoderm (Keep)
GCF_037198315.1,False,,Clean,Monoderm (Keep)
GCF_037199685.2,False,,Clean,Monoderm (Keep)
GCF_037076515.1,False,,Clean,Monoderm (Keep)
GCF_037064645.1,False,,Clean,Monoderm (Keep)
GCF_037199675.2,False,,Clean,Monoderm (Keep)
GCF_037076505.1,False,,Clean,Monoderm (Keep)
GCF_037063215.1,False,,Clean,Monoderm (Keep)
GCF_037064455.1,False,,Clean,Monoderm (Keep)
GCF_037068065.1,False,,Clean,Monoderm (Keep)
GCF_037126165.1,False,,Clean,Monoderm (Keep)
GCF_037076265.1,False,,Clean,Monoderm (Keep)
GCF_037094745.1,False,,Clean,Monoderm (Keep)
GCF_037076275.1,False,,Clean,Monoderm (Keep)
GCF_037076295.1,False,,Clean,Monoderm (Keep)
GCF_037076305.1,False,,Clean,Monoderm (Keep)
GCF_037076335.1,False,,Clean,Monoderm (Keep)
GCF_037094735.1,False,,Clean,Monoderm (Keep)
GCF_037076315.1,False,,Clean,Monoderm (Keep)
GCF_037076285.1,False,,Clean,Monoderm (Keep)
GCF_037094775.1,False,,Clean,Monoderm (Keep)
GCF_037094765.1,False,,Clean,Monoderm (Keep)
GCF_037076325.1,False,,Clean,Monoderm (Keep)
GCF_037094785.1,False,,Clean,Monoderm (Keep)
GCF_037113565.1,False,,Clean,Monoderm (Keep)
GCF_037081795.1,False,,Clean,Monoderm (Keep)
GCF_037101185.1,False,,Clean,Monoderm (Keep)
GCF_037126205.1,False,,Clean,Monoderm (Keep)
GCF_037113525.1,False,,Clean,Monoderm (Keep)
GCF_037101195.1,False,,Clean,Monoderm (Keep)
GCF_037081825.1,False,,Clean,Monoderm (Keep)
GCF_037094755.1,False,,Clean,Monoderm (Keep)
GCF_037201785.1,False,,Clean,Monoderm (Keep)
GCF_037201945.1,False,,Clean,Monoderm (Keep)
GCF_037217515.1,False,,Clean,Monoderm (Keep)
GCF_037201955.1,False,,Clean,Monoderm (Keep)
GCF_037201935.1,False,,Clean,Monoderm (Keep)
GCF_037099765.1,False,,Clean,Monoderm (Keep)
GCF_037201685.1,False,,Clean,Monoderm (Keep)
GCF_037482195.1,False,,Clean,Monoderm (Keep)
GCF_037482255.1,False,,Clean,Monoderm (Keep)
GCF_037414485.1,False,,Clean,Monoderm (Keep)
GCF_037493815.1,False,,Clean,Monoderm (Keep)
GCF_037414215.1,False,,Clean,Monoderm (Keep)
GCF_037492235.1,False,,Clean,Monoderm (Keep)
GCF_037482225.1,False,,Clean,Monoderm (Keep)
GCF_037496145.1,False,,Clean,Monoderm (Keep)
GCF_037343325.1,False,,Clean,Monoderm (Keep)
GCF_037482235.1,False,,Clean,Monoderm (Keep)
GCF_037482265.1,False,,Clean,Monoderm (Keep)
GCF_037414495.1,False,,Clean,Monoderm (Keep)
GCF_037482205.1,False,,Clean,Monoderm (Keep)
GCF_037219465.1,False,,Clean,Monoderm (Keep)
GCF_037491285.1,False,,Clean,Monoderm (Keep)
GCF_037494685.1,False,,Clean,Monoderm (Keep)
GCF_037217645.1,False,,Clean,Monoderm (Keep)
GCF_037323615.1,False,,Clean,Monoderm (Keep)
GCF_037492985.1,False,,Clean,Monoderm (Keep)
GCF_037482165.1,False,,Clean,Monoderm (Keep)
GCF_037242635.1,False,,Clean,Monoderm (Keep)
GCF_037477955.1,False,,Clean,Monoderm (Keep)
GCF_037414455.1,False,,Clean,Monoderm (Keep)
GCF_037414355.1,False,,Clean,Monoderm (Keep)
GCF_037248035.1,False,,Clean,Monoderm (Keep)
GCF_037477965.1,False,,Clean,Monoderm (Keep)
GCF_037290055.1,False,,Clean,Monoderm (Keep)
GCF_037414405.1,False,,Clean,Monoderm (Keep)
GCF_037477925.1,False,,Clean,Monoderm (Keep)
GCF_037414395.1,False,,Clean,Monoderm (Keep)
GCF_037414365.1,False,,Clean,Monoderm (Keep)
GCF_037331475.1,False,,Clean,Monoderm (Keep)
GCF_037477945.1,False,,Clean,Monoderm (Keep)
GCF_037238825.1,False,,Clean,Monoderm (Keep)
GCF_037477935.1,False,,Clean,Monoderm (Keep)
GCF_037477915.1,False,,Clean,Monoderm (Keep)
GCF_037414465.1,False,,Clean,Monoderm (Keep)
GCF_037290785.1,False,,Clean,Monoderm (Keep)
GCF_037499725.1,False,,Clean,Monoderm (Keep)
GCF_037498835.1,False,,Clean,Monoderm (Keep)
GCF_037504455.1,False,,Clean,Monoderm (Keep)
GCF_037497945.1,False,,Clean,Monoderm (Keep)
GCF_037510535.1,False,,Clean,Monoderm (Keep)
GCF_037505185.1,False,,Clean,Monoderm (Keep)
GCF_037503705.1,False,,Clean,Monoderm (Keep)
GCF_037509445.1,False,,Clean,Monoderm (Keep)
GCF_037511265.1,False,,Clean,Monoderm (Keep)
GCF_037500615.1,False,,Clean,Monoderm (Keep)
GCF_037501685.1,False,,Clean,Monoderm (Keep)
GCF_037506515.1,False,,Clean,Monoderm (Keep)
GCF_037497135.1,False,,Clean,Monoderm (Keep)
GCF_037512135.1,False,,Clean,Monoderm (Keep)
GCF_037508555.1,False,,Clean,Monoderm (Keep)
GCF_037507525.1,False,,Clean,Monoderm (Keep)
GCF_037502555.1,False,,Clean,Monoderm (Keep)
GCF_037495355.1,False,,Clean,Monoderm (Keep)
GCF_037413555.1,False,,Clean,Monoderm (Keep)
GCF_037463925.1,False,,Clean,Monoderm (Keep)
GCF_037413625.1,False,,Clean,Monoderm (Keep)
GCF_037327425.1,False,,Clean,Monoderm (Keep)
GCF_037201975.1,False,,Clean,Monoderm (Keep)
GCF_037333485.1,False,,Clean,Monoderm (Keep)
GCF_037482135.1,False,,Clean,Monoderm (Keep)
GCF_037478025.1,False,,Clean,Monoderm (Keep)
GCF_037514075.1,False,,Clean,Monoderm (Keep)
GCF_037513105.1,False,,Clean,Monoderm (Keep)
GCF_037516445.1,False,,Clean,Monoderm (Keep)
GCF_037515695.1,False,,Clean,Monoderm (Keep)
GCF_037521165.1,False,,Clean,Monoderm (Keep)
GCF_037520035.1,False,,Clean,Monoderm (Keep)
GCF_037518545.1,False,,Clean,Monoderm (Keep)
GCF_037522075.1,False,,Clean,Monoderm (Keep)
GCF_037522945.1,False,,Clean,Monoderm (Keep)
GCF_037517435.1,False,,Clean,Monoderm (Keep)
GCF_037414505.1,False,,Clean,Monoderm (Keep)
GCF_037892055.1,False,,Clean,Monoderm (Keep)
GCF_037890655.1,False,,Clean,Monoderm (Keep)
GCF_037922005.1,False,,Clean,Monoderm (Keep)
GCF_037921675.1,False,,Clean,Monoderm (Keep)
GCF_037892375.1,False,,Clean,Monoderm (Keep)
GCF_037749255.1,False,,Clean,Monoderm (Keep)
GCF_037891815.1,False,,Clean,Monoderm (Keep)
GCF_037523885.1,False,,Clean,Monoderm (Keep)
GCF_037892105.1,False,,Clean,Monoderm (Keep)
GCF_037901485.1,False,,Clean,Monoderm (Keep)
GCF_037755145.1,False,,Clean,Monoderm (Keep)
GCF_037749985.1,False,,Clean,Monoderm (Keep)
GCF_037917245.1,False,,Clean,Monoderm (Keep)
GCF_037892725.1,False,,Clean,Monoderm (Keep)
GCF_037524795.1,False,,Clean,Monoderm (Keep)
GCF_037918925.1,False,,Clean,Monoderm (Keep)
GCF_037923795.1,False,,Clean,Monoderm (Keep)
GCF_037917855.1,False,,Clean,Monoderm (Keep)
GCF_037914925.1,False,,Clean,Monoderm (Keep)
GCF_037753205.1,False,,Clean,Monoderm (Keep)
GCF_037757895.1,False,,Clean,Monoderm (Keep)
GCF_037849205.1,False,,Clean,Monoderm (Keep)
GCF_037917495.1,False,,Clean,Monoderm (Keep)
GCF_037918385.1,False,,Clean,Monoderm (Keep)
GCF_037923265.1,False,,Clean,Monoderm (Keep)
GCF_037918115.1,False,,Clean,Monoderm (Keep)
GCF_037920325.1,False,,Clean,Monoderm (Keep)
GCF_037747845.1,False,,Clean,Monoderm (Keep)
GCF_037919185.1,False,,Clean,Monoderm (Keep)
GCF_037922655.1,False,,Clean,Monoderm (Keep)
GCF_037920055.1,False,,Clean,Monoderm (Keep)
GCF_037915205.1,False,,Clean,Monoderm (Keep)
GCF_037754115.1,False,,Clean,Monoderm (Keep)
GCF_037751545.1,False,,Clean,Monoderm (Keep)
GCF_037914995.1,False,,Clean,Monoderm (Keep)
GCF_037891695.1,False,,Clean,Monoderm (Keep)
GCF_037888945.1,False,,Clean,Monoderm (Keep)
GCF_037851315.1,False,,Clean,Monoderm (Keep)
GCF_037890745.1,False,,Clean,Monoderm (Keep)
GCF_037890915.1,False,,Clean,Monoderm (Keep)
GCF_037891825.1,False,,Clean,Monoderm (Keep)
GCF_037891795.1,False,,Clean,Monoderm (Keep)
GCF_037891785.1,False,,Clean,Monoderm (Keep)
GCF_037809465.1,False,,Clean,Monoderm (Keep)
GCF_037852285.1,False,,Clean,Monoderm (Keep)
GCF_037850265.1,False,,Clean,Monoderm (Keep)
GCF_037919485.1,False,,Clean,Monoderm (Keep)
GCF_037914985.1,False,,Clean,Monoderm (Keep)
GCF_037915025.1,False,,Clean,Monoderm (Keep)
GCF_037921315.1,False,,Clean,Monoderm (Keep)
GCF_037914975.1,False,,Clean,Monoderm (Keep)
GCF_037921775.1,False,,Clean,Monoderm (Keep)
GCF_037920935.1,False,,Clean,Monoderm (Keep)
GCF_037918655.1,False,,Clean,Monoderm (Keep)
GCF_037916535.1,False,,Clean,Monoderm (Keep)
GCF_037915445.1,False,,Clean,Monoderm (Keep)
GCF_037926405.1,False,,Clean,Monoderm (Keep)
GCF_037915725.1,False,,Clean,Monoderm (Keep)
GCF_037914915.1,False,,Clean,Monoderm (Keep)
GCF_037914895.1,False,,Clean,Monoderm (Keep)
GCF_037913695.1,False,,Clean,Monoderm (Keep)
GCF_037742535.1,False,,Clean,Monoderm (Keep)
GCF_037914905.1,False,,Clean,Monoderm (Keep)
GCF_037740765.1,False,,Clean,Monoderm (Keep)
GCF_037920665.1,False,,Clean,Monoderm (Keep)
GCF_037919795.1,False,,Clean,Monoderm (Keep)
GCF_037924525.1,False,,Clean,Monoderm (Keep)
GCF_037925435.1,False,,Clean,Monoderm (Keep)
GCF_037927465.1,False,,Clean,Monoderm (Keep)
GCF_037928795.1,False,,Clean,Monoderm (Keep)
GCF_037929155.1,False,,Clean,Monoderm (Keep)
GCF_037931105.1,False,,Clean,Monoderm (Keep)
GCF_037930425.1,False,,Clean,Monoderm (Keep)
GCF_037932795.1,False,,Clean,Monoderm (Keep)
GCF_037930055.1,False,,Clean,Monoderm (Keep)
GCF_037932505.1,False,,Clean,Monoderm (Keep)
GCF_037929775.1,False,,Clean,Monoderm (Keep)
GCF_037932125.1,False,,Clean,Monoderm (Keep)
GCF_037931695.1,False,,Clean,Monoderm (Keep)
GCF_037929465.1,False,,Clean,Monoderm (Keep)
GCF_037938875.1,False,,Clean,Monoderm (Keep)
GCF_037939205.1,False,,Clean,Monoderm (Keep)
GCF_037933585.1,False,,Clean,Monoderm (Keep)
GCF_037934445.1,False,,Clean,Monoderm (Keep)
GCF_037948675.1,False,,Clean,Monoderm (Keep)
GCF_037941305.1,False,,Clean,Monoderm (Keep)
GCF_037941005.1,False,,Clean,Monoderm (Keep)
GCF_037941545.1,False,,Clean,Monoderm (Keep)
GCF_037940185.1,False,,Clean,Monoderm (Keep)
GCF_037940415.1,False,,Clean,Monoderm (Keep)
GCF_037951045.1,False,,Clean,Monoderm (Keep)
GCF_037963785.1,False,,Clean,Monoderm (Keep)
GCF_037940715.1,False,,Clean,Monoderm (Keep)
GCF_037963075.1,False,,Clean,Monoderm (Keep)
GCF_037965805.1,False,,Clean,Monoderm (Keep)
GCF_037965715.1,False,,Clean,Monoderm (Keep)
GCF_037965005.1,False,,Clean,Monoderm (Keep)
GCF_037963775.1,False,,Clean,Monoderm (Keep)
GCF_037965165.1,False,,Clean,Monoderm (Keep)
GCF_037963755.1,False,,Clean,Monoderm (Keep)
GCF_037963145.1,False,,Clean,Monoderm (Keep)
GCF_037933165.1,False,,Clean,Monoderm (Keep)
GCF_037949505.1,False,,Clean,Monoderm (Keep)
GCF_037965815.1,False,,Clean,Monoderm (Keep)
GCF_037942165.1,False,,Clean,Monoderm (Keep)
GCF_037963765.1,False,,Clean,Monoderm (Keep)
GCF_037941895.1,False,,Clean,Monoderm (Keep)
GCF_037965155.1,False,,Clean,Monoderm (Keep)
GCF_037943445.1,False,,Clean,Monoderm (Keep)
GCF_037964765.1,False,,Clean,Monoderm (Keep)
GCF_037963795.1,False,,Clean,Monoderm (Keep)
GCF_037964915.1,False,,Clean,Monoderm (Keep)
GCF_037963555.1,False,,Clean,Monoderm (Keep)
GCF_037965605.1,False,,Clean,Monoderm (Keep)
GCF_037963925.1,False,,Clean,Monoderm (Keep)
GCF_037963335.1,False,,Clean,Monoderm (Keep)
GCF_037963545.1,False,,Clean,Monoderm (Keep)
GCF_037963605.1,False,,Clean,Monoderm (Keep)
GCF_037963565.1,False,,Clean,Monoderm (Keep)
GCF_037935125.1,False,,Clean,Monoderm (Keep)
GCF_037942805.1,False,,Clean,Monoderm (Keep)
GCF_037964945.1,False,,Clean,Monoderm (Keep)
GCF_037963535.1,False,,Clean,Monoderm (Keep)
GCF_037964015.1,False,,Clean,Monoderm (Keep)
GCF_037964975.1,False,,Clean,Monoderm (Keep)
GCF_037942495.1,False,,Clean,Monoderm (Keep)
GCF_037963575.1,False,,Clean,Monoderm (Keep)
GCF_037963345.1,False,,Clean,Monoderm (Keep)
GCF_037963895.1,False,,Clean,Monoderm (Keep)
GCF_037965485.1,False,,Clean,Monoderm (Keep)
GCF_037963595.1,False,,Clean,Monoderm (Keep)
GCF_037963265.1,False,,Clean,Monoderm (Keep)
GCF_037963585.1,False,,Clean,Monoderm (Keep)
GCF_037965665.1,False,,Clean,Monoderm (Keep)
GCF_037963325.1,False,,Clean,Monoderm (Keep)
GCF_037965425.1,False,,Clean,Monoderm (Keep)
GCF_037965315.1,False,,Clean,Monoderm (Keep)
GCF_037963865.1,False,,Clean,Monoderm (Keep)
GCF_037963305.1,False,,Clean,Monoderm (Keep)
GCF_037963825.1,False,,Clean,Monoderm (Keep)
GCF_037963295.1,False,,Clean,Monoderm (Keep)
GCF_037963315.1,False,,Clean,Monoderm (Keep)
GCF_037963275.1,False,,Clean,Monoderm (Keep)
GCF_037963285.1,False,,Clean,Monoderm (Keep)
GCF_037963835.1,False,,Clean,Monoderm (Keep)
GCF_037965655.1,False,,Clean,Monoderm (Keep)
GCF_037963255.1,False,,Clean,Monoderm (Keep)
GCF_037966125.1,False,,Clean,Monoderm (Keep)
GCF_037966255.1,False,,Clean,Monoderm (Keep)
GCF_037967965.1,False,,Clean,Monoderm (Keep)
GCF_037966635.1,False,,Clean,Monoderm (Keep)
GCF_037966415.1,False,,Clean,Monoderm (Keep)
GCF_037966335.1,False,,Clean,Monoderm (Keep)
GCF_037966365.1,False,,Clean,Monoderm (Keep)
GCF_037969735.1,False,,Clean,Monoderm (Keep)
GCF_037969495.1,False,,Clean,Monoderm (Keep)
GCF_037966305.1,False,,Clean,Monoderm (Keep)
GCF_037966225.1,False,,Clean,Monoderm (Keep)
GCF_037966175.1,False,,Clean,Monoderm (Keep)
GCF_037969805.1,False,,Clean,Monoderm (Keep)
GCF_037969865.1,False,,Clean,Monoderm (Keep)
GCF_037969775.1,False,,Clean,Monoderm (Keep)
GCF_037969835.1,False,,Clean,Monoderm (Keep)
GCF_037969725.1,False,,Clean,Monoderm (Keep)
GCF_037974225.1,False,,Clean,Monoderm (Keep)
GCF_037977385.1,False,,Clean,Monoderm (Keep)
GCF_037975215.1,False,,Clean,Monoderm (Keep)
GCF_037969765.1,False,,Clean,Monoderm (Keep)
GCF_037975425.1,False,,Clean,Monoderm (Keep)
GCF_037975295.1,False,,Clean,Monoderm (Keep)
GCF_037975305.1,False,,Clean,Monoderm (Keep)
GCF_037975365.1,False,,Clean,Monoderm (Keep)
GCF_037975285.1,False,,Clean,Monoderm (Keep)
GCF_037975945.1,False,,Clean,Monoderm (Keep)
GCF_037975275.1,False,,Clean,Monoderm (Keep)
GCF_037975435.1,False,,Clean,Monoderm (Keep)
GCF_037969815.1,False,,Clean,Monoderm (Keep)
GCF_037976695.1,False,,Clean,Monoderm (Keep)
GCF_037975455.1,False,,Clean,Monoderm (Keep)
GCF_037976435.1,False,,Clean,Monoderm (Keep)
GCF_037975475.1,False,,Clean,Monoderm (Keep)
GCF_037977205.1,False,,Clean,Monoderm (Keep)
GCF_037976175.1,False,,Clean,Monoderm (Keep)
GCF_037975465.1,False,,Clean,Monoderm (Keep)
GCF_037969975.1,False,,Clean,Monoderm (Keep)
GCF_037969745.1,False,,Clean,Monoderm (Keep)
GCF_037969785.1,False,,Clean,Monoderm (Keep)
GCF_037969855.1,False,,Clean,Monoderm (Keep)
GCF_037969845.1,False,,Clean,Monoderm (Keep)
GCF_037969755.1,False,,Clean,Monoderm (Keep)
GCF_037969925.1,False,,Clean,Monoderm (Keep)
GCF_037969915.1,False,,Clean,Monoderm (Keep)
GCF_037969905.1,False,,Clean,Monoderm (Keep)
GCF_037969895.1,False,,Clean,Monoderm (Keep)
GCF_037974275.1,False,,Clean,Monoderm (Keep)
GCF_037975235.1,False,,Clean,Monoderm (Keep)
GCF_037973325.1,False,,Clean,Monoderm (Keep)
GCF_037971845.1,False,,Clean,Monoderm (Keep)
GCF_037975205.1,False,,Clean,Monoderm (Keep)
GCF_037975355.1,False,,Clean,Monoderm (Keep)
GCF_037976165.1,False,,Clean,Monoderm (Keep)
GCF_037976035.1,False,,Clean,Monoderm (Keep)
GCF_037976065.1,False,,Clean,Monoderm (Keep)
GCF_037975445.1,False,,Clean,Monoderm (Keep)
GCF_037977045.1,False,,Clean,Monoderm (Keep)
GCF_037975345.1,False,,Clean,Monoderm (Keep)
GCF_037972555.1,False,,Clean,Monoderm (Keep)
GCF_037977015.1,False,,Clean,Monoderm (Keep)
GCF_037974255.1,False,,Clean,Monoderm (Keep)
GCF_037974355.1,False,,Clean,Monoderm (Keep)
GCF_037976585.1,False,,Clean,Monoderm (Keep)
GCF_037974935.1,False,,Clean,Monoderm (Keep)
GCF_037969885.1,False,,Clean,Monoderm (Keep)
GCF_037975315.1,False,,Clean,Monoderm (Keep)
GCF_037970385.1,False,,Clean,Monoderm (Keep)
GCF_037970855.1,False,,Clean,Monoderm (Keep)
GCF_037976905.1,False,,Clean,Monoderm (Keep)
GCF_037969875.1,False,,Clean,Monoderm (Keep)
GCF_037976825.1,False,,Clean,Monoderm (Keep)
GCF_037974265.1,False,,Clean,Monoderm (Keep)
GCF_037975155.1,False,,Clean,Monoderm (Keep)
GCF_037975415.1,False,,Clean,Monoderm (Keep)
GCF_037975325.1,False,,Clean,Monoderm (Keep)
GCF_037973995.1,False,,Clean,Monoderm (Keep)
GCF_037975265.1,False,,Clean,Monoderm (Keep)
GCF_037976325.1,False,,Clean,Monoderm (Keep)
GCF_037977235.1,False,,Clean,Monoderm (Keep)
GCF_037977055.1,False,,Clean,Monoderm (Keep)
GCF_038024965.1,False,,Clean,Monoderm (Keep)
GCF_038024225.1,False,,Clean,Monoderm (Keep)
GCF_038025155.1,False,,Clean,Monoderm (Keep)
GCF_037993065.1,False,,Clean,Monoderm (Keep)
GCF_038048995.1,False,,Clean,Monoderm (Keep)
GCF_038025015.1,False,,Clean,Monoderm (Keep)
GCF_038024725.1,False,,Clean,Monoderm (Keep)
GCF_038024955.1,False,,Clean,Monoderm (Keep)
GCF_037997095.1,False,,Clean,Monoderm (Keep)
GCF_038024715.1,False,,Clean,Monoderm (Keep)
GCF_038024215.1,False,,Clean,Monoderm (Keep)
GCF_038024985.1,False,,Clean,Monoderm (Keep)
GCF_038024705.1,False,,Clean,Monoderm (Keep)
GCF_038024695.1,False,,Clean,Monoderm (Keep)
GCF_038024735.1,False,,Clean,Monoderm (Keep)
GCF_037997175.1,False,,Clean,Monoderm (Keep)
GCF_038022065.1,False,,Clean,Monoderm (Keep)
GCF_038049065.1,False,,Clean,Monoderm (Keep)
GCF_038024175.1,False,,Clean,Monoderm (Keep)
GCF_038049945.1,False,,Clean,Monoderm (Keep)
GCF_037997085.1,False,,Clean,Monoderm (Keep)
GCF_038024745.1,False,,Clean,Monoderm (Keep)
GCF_038050005.1,False,,Clean,Monoderm (Keep)
GCF_038024755.1,False,,Clean,Monoderm (Keep)
GCF_037980985.1,False,,Clean,Monoderm (Keep)
GCF_037983385.1,False,,Clean,Monoderm (Keep)
GCF_038049955.1,False,,Clean,Monoderm (Keep)
GCF_038051985.1,False,,Clean,Monoderm (Keep)
GCF_037997065.1,False,,Clean,Monoderm (Keep)
GCF_038049925.1,False,,Clean,Monoderm (Keep)
GCF_037997165.1,False,,Clean,Monoderm (Keep)
GCF_038049935.1,False,,Clean,Monoderm (Keep)
GCF_037982765.1,False,,Clean,Monoderm (Keep)
GCF_037992945.1,False,,Clean,Monoderm (Keep)
GCF_038051955.1,False,,Clean,Monoderm (Keep)
GCF_038020425.1,False,,Clean,Monoderm (Keep)
GCF_037997125.1,False,,Clean,Monoderm (Keep)
GCF_037992975.1,False,,Clean,Monoderm (Keep)
GCF_037980415.1,False,,Clean,Monoderm (Keep)
GCF_037992965.1,False,,Clean,Monoderm (Keep)
GCF_038051995.1,False,,Clean,Monoderm (Keep)
GCF_037981725.1,False,,Clean,Monoderm (Keep)
GCF_037992955.1,False,,Clean,Monoderm (Keep)
GCF_037993015.1,False,,Clean,Monoderm (Keep)
GCF_037991315.1,False,,Clean,Monoderm (Keep)
GCF_038051945.1,False,,Clean,Monoderm (Keep)
GCF_038051935.1,False,,Clean,Monoderm (Keep)
GCF_037982245.1,False,,Clean,Monoderm (Keep)
GCF_037993005.1,False,,Clean,Monoderm (Keep)
GCF_037979415.1,False,,Clean,Monoderm (Keep)
GCF_038095795.1,False,,Clean,Monoderm (Keep)
GCF_038095675.1,False,,Clean,Monoderm (Keep)
GCF_038095825.1,False,,Clean,Monoderm (Keep)
GCF_038095635.1,False,,Clean,Monoderm (Keep)
GCF_038095685.1,False,,Clean,Monoderm (Keep)
GCF_038095625.1,False,,Clean,Monoderm (Keep)
GCF_038095765.1,False,,Clean,Monoderm (Keep)
GCF_038095755.1,False,,Clean,Monoderm (Keep)
GCF_038095735.1,False,,Clean,Monoderm (Keep)
GCF_038095665.1,False,,Clean,Monoderm (Keep)
GCF_038095845.1,False,,Clean,Monoderm (Keep)
GCF_038095615.1,False,,Clean,Monoderm (Keep)
GCF_038070245.1,False,,Clean,Monoderm (Keep)
GCF_038095695.1,False,,Clean,Monoderm (Keep)
GCF_038095805.1,False,,Clean,Monoderm (Keep)
GCF_038095715.1,False,,Clean,Monoderm (Keep)
GCF_038070515.1,False,,Clean,Monoderm (Keep)
GCF_038095775.1,False,,Clean,Monoderm (Keep)
GCF_038095785.1,False,,Clean,Monoderm (Keep)
GCF_038095815.1,False,,Clean,Monoderm (Keep)
GCF_038095835.1,False,,Clean,Monoderm (Keep)
GCF_038095725.1,False,,Clean,Monoderm (Keep)
GCF_038095645.1,False,,Clean,Monoderm (Keep)
GCF_038095745.1,False,,Clean,Monoderm (Keep)
GCF_038095705.1,False,,Clean,Monoderm (Keep)
GCF_038086925.1,False,,Clean,Monoderm (Keep)
GCF_038086955.1,False,,Clean,Monoderm (Keep)
GCF_038070525.1,False,,Clean,Monoderm (Keep)
GCF_037993025.1,False,,Clean,Monoderm (Keep)
GCF_038095855.1,False,,Clean,Monoderm (Keep)
GCF_038096005.1,False,,Clean,Monoderm (Keep)
GCF_038095895.1,False,,Clean,Monoderm (Keep)
GCF_038095865.1,False,,Clean,Monoderm (Keep)
GCF_038095925.1,False,,Clean,Monoderm (Keep)
GCF_038095905.1,False,,Clean,Monoderm (Keep)
GCF_038095935.1,False,,Clean,Monoderm (Keep)
GCF_038096035.1,False,,Clean,Monoderm (Keep)
GCF_038095875.1,False,,Clean,Monoderm (Keep)
GCF_038095885.1,False,,Clean,Monoderm (Keep)
GCF_038095955.1,False,,Clean,Monoderm (Keep)
GCF_038096015.1,False,,Clean,Monoderm (Keep)
GCF_038095975.1,False,,Clean,Monoderm (Keep)
GCF_038095915.1,False,,Clean,Monoderm (Keep)
GCF_038096025.1,False,,Clean,Monoderm (Keep)
GCF_038095965.1,False,,Clean,Monoderm (Keep)
GCF_038095945.1,False,,Clean,Monoderm (Keep)
GCF_038095995.1,False,,Clean,Monoderm (Keep)
GCF_038096065.1,False,,Clean,Monoderm (Keep)
GCF_038096055.1,False,,Clean,Monoderm (Keep)
GCF_038069635.2,False,,Clean,Monoderm (Keep)
GCF_038096255.1,False,,Clean,Monoderm (Keep)
GCF_038096245.1,False,,Clean,Monoderm (Keep)
GCF_038116975.1,False,,Clean,Monoderm (Keep)
GCF_038113395.1,False,,Clean,Monoderm (Keep)
GCF_038096265.1,False,,Clean,Monoderm (Keep)
GCF_038096305.1,False,,Clean,Monoderm (Keep)
GCF_038096285.1,False,,Clean,Monoderm (Keep)
GCF_038096295.1,False,,Clean,Monoderm (Keep)
GCF_038129325.1,False,,Clean,Monoderm (Keep)
GCF_038096225.1,False,,Clean,Monoderm (Keep)
GCF_038096215.1,False,,Clean,Monoderm (Keep)
GCF_038115185.1,False,,Clean,Monoderm (Keep)
GCF_038111625.1,False,,Clean,Monoderm (Keep)
GCF_038098635.1,False,,Clean,Monoderm (Keep)
GCF_038096235.1,False,,Clean,Monoderm (Keep)
GCF_038096205.1,False,,Clean,Monoderm (Keep)
GCF_038096315.1,False,,Clean,Monoderm (Keep)
GCF_038096155.1,False,,Clean,Monoderm (Keep)
GCF_038118745.1,False,,Clean,Monoderm (Keep)
GCF_038106905.1,False,,Clean,Monoderm (Keep)
GCF_038104935.1,False,,Clean,Monoderm (Keep)
GCF_038098565.1,False,,Clean,Monoderm (Keep)
GCF_038096075.2,False,,Clean,Monoderm (Keep)
GCF_038299145.2,False,,Clean,Monoderm (Keep)
GCF_038096195.1,False,,Clean,Monoderm (Keep)
GCF_038244785.1,False,,Clean,Monoderm (Keep)
GCF_038396745.1,False,,Clean,Monoderm (Keep)
GCF_038380565.1,False,,Clean,Monoderm (Keep)
GCF_038381215.1,False,,Clean,Monoderm (Keep)
GCF_038381585.1,False,,Clean,Monoderm (Keep)
GCF_038380755.1,False,,Clean,Monoderm (Keep)
GCF_038380635.1,False,,Clean,Monoderm (Keep)
GCF_038380455.1,False,,Clean,Monoderm (Keep)
GCF_038390915.1,False,,Clean,Monoderm (Keep)
GCF_038385395.1,False,,Clean,Monoderm (Keep)
GCF_038390225.1,False,,Clean,Monoderm (Keep)
GCF_038368285.1,False,,Clean,Monoderm (Keep)
GCF_038396735.1,False,,Clean,Monoderm (Keep)
GCF_038386885.1,False,,Clean,Monoderm (Keep)
GCF_038396715.1,False,,Clean,Monoderm (Keep)
GCF_038396725.1,False,,Clean,Monoderm (Keep)
GCF_038388625.1,False,,Clean,Monoderm (Keep)
GCF_038368375.1,False,,Clean,Monoderm (Keep)
GCF_038242915.1,False,,Clean,Monoderm (Keep)
GCF_038380845.1,False,,Clean,Monoderm (Keep)
GCF_038368325.1,False,,Clean,Monoderm (Keep)
GCF_038368335.1,False,,Clean,Monoderm (Keep)
GCF_038368305.1,False,,Clean,Monoderm (Keep)
GCF_038368265.1,False,,Clean,Monoderm (Keep)
GCF_038396835.1,False,,Clean,Monoderm (Keep)
GCF_038250085.1,False,,Clean,Monoderm (Keep)
GCF_038252105.1,False,,Clean,Monoderm (Keep)
GCF_038368275.1,False,,Clean,Monoderm (Keep)
GCF_038397785.1,False,,Clean,Monoderm (Keep)
GCF_038380785.1,False,,Clean,Monoderm (Keep)
GCF_038246755.1,False,,Clean,Monoderm (Keep)
GCF_038368345.1,False,,Clean,Monoderm (Keep)
GCF_038429865.1,False,,Clean,Monoderm (Keep)
GCF_038431685.1,False,,Clean,Monoderm (Keep)
GCF_038431715.1,False,,Clean,Monoderm (Keep)
GCF_038431325.1,False,,Clean,Monoderm (Keep)
GCF_038431575.1,False,,Clean,Monoderm (Keep)
GCF_038431465.1,False,,Clean,Monoderm (Keep)
GCF_038396635.1,False,,Clean,Monoderm (Keep)
GCF_038431765.1,False,,Clean,Monoderm (Keep)
GCF_038396325.1,False,,Clean,Monoderm (Keep)
GCF_038398625.1,False,,Clean,Monoderm (Keep)
GCF_038431755.1,False,,Clean,Monoderm (Keep)
GCF_038426605.1,False,,Clean,Monoderm (Keep)
GCF_038431725.1,False,,Clean,Monoderm (Keep)
GCF_038428225.1,False,,Clean,Monoderm (Keep)
GCF_038430005.1,False,,Clean,Monoderm (Keep)
GCF_038429955.1,False,,Clean,Monoderm (Keep)
GCF_038431775.1,False,,Clean,Monoderm (Keep)
GCF_038431785.1,False,,Clean,Monoderm (Keep)
GCF_038429905.1,False,,Clean,Monoderm (Keep)
GCF_038420155.1,False,,Clean,Monoderm (Keep)
GCF_038430115.1,False,,Clean,Monoderm (Keep)
GCF_038429035.1,False,,Clean,Monoderm (Keep)
GCF_038427395.1,False,,Clean,Monoderm (Keep)
GCF_038406745.1,False,,Clean,Monoderm (Keep)
GCF_038432035.2,False,,Clean,Monoderm (Keep)
GCF_038405225.1,False,,Clean,Monoderm (Keep)
GCF_038436665.1,False,,Clean,Monoderm (Keep)
GCF_038452275.1,False,,Clean,Monoderm (Keep)
GCF_038505995.1,False,,Clean,Monoderm (Keep)
GCF_038449175.2,False,,Clean,Monoderm (Keep)
GCF_038447705.1,False,,Clean,Monoderm (Keep)
GCF_038441125.1,False,,Clean,Monoderm (Keep)
GCF_038441145.1,False,,Clean,Monoderm (Keep)
GCF_038441015.1,False,,Clean,Monoderm (Keep)
GCF_038592875.1,False,,Clean,Monoderm (Keep)
GCF_038437885.1,False,,Clean,Monoderm (Keep)
GCF_038441105.1,False,,Clean,Monoderm (Keep)
GCF_038441155.1,False,,Clean,Monoderm (Keep)
GCF_038441135.1,False,,Clean,Monoderm (Keep)
GCF_038441115.1,False,,Clean,Monoderm (Keep)
GCF_038439085.1,False,,Clean,Monoderm (Keep)
GCF_038442685.1,False,,Clean,Monoderm (Keep)
GCF_038446185.1,False,,Clean,Monoderm (Keep)
GCF_038446155.1,False,,Clean,Monoderm (Keep)
GCF_038446175.1,False,,Clean,Monoderm (Keep)
GCF_038446055.1,False,,Clean,Monoderm (Keep)
GCF_038561955.2,False,,Clean,Monoderm (Keep)
GCF_038593165.1,False,,Clean,Monoderm (Keep)
GCF_038593155.1,False,,Clean,Monoderm (Keep)
GCF_038442215.1,False,,Clean,Monoderm (Keep)
GCF_038592915.1,False,,Clean,Monoderm (Keep)
GCF_038442665.1,False,,Clean,Monoderm (Keep)
GCF_038593015.1,False,,Clean,Monoderm (Keep)
GCF_038592865.1,False,,Clean,Monoderm (Keep)
GCF_038593135.1,False,,Clean,Monoderm (Keep)
GCF_038502305.1,False,,Clean,Monoderm (Keep)
GCF_038593115.1,False,,Clean,Monoderm (Keep)
GCF_038592995.1,False,,Clean,Monoderm (Keep)
GCF_038593065.1,False,,Clean,Monoderm (Keep)
GCF_038593095.1,False,,Clean,Monoderm (Keep)
GCF_038593085.1,False,,Clean,Monoderm (Keep)
GCF_038592985.1,False,,Clean,Monoderm (Keep)
GCF_038447315.2,False,,Clean,Monoderm (Keep)
GCF_038592945.1,False,,Clean,Monoderm (Keep)
GCF_038592895.1,False,,Clean,Monoderm (Keep)
GCF_038593075.1,False,,Clean,Monoderm (Keep)
GCF_038592935.1,False,,Clean,Monoderm (Keep)
GCF_038592905.1,False,,Clean,Monoderm (Keep)
GCF_038593105.1,False,,Clean,Monoderm (Keep)
GCF_038592965.1,False,,Clean,Monoderm (Keep)
GCF_038447005.2,False,,Clean,Monoderm (Keep)
GCF_038447505.2,False,,Clean,Monoderm (Keep)
GCF_038592955.1,False,,Clean,Monoderm (Keep)
GCF_038593055.1,False,,Clean,Monoderm (Keep)
GCF_038592925.1,False,,Clean,Monoderm (Keep)
GCF_038593185.1,False,,Clean,Monoderm (Keep)
GCF_038593265.1,False,,Clean,Monoderm (Keep)
GCF_038593175.1,False,,Clean,Monoderm (Keep)
GCF_038593205.1,False,,Clean,Monoderm (Keep)
GCF_038593125.1,False,,Clean,Monoderm (Keep)
GCF_038593225.1,False,,Clean,Monoderm (Keep)
GCF_038593235.1,False,,Clean,Monoderm (Keep)
GCF_038593275.1,False,,Clean,Monoderm (Keep)
GCF_038593245.1,False,,Clean,Monoderm (Keep)
GCF_038593215.1,False,,Clean,Monoderm (Keep)
GCF_038593035.1,False,,Clean,Monoderm (Keep)
GCF_038593005.1,False,,Clean,Monoderm (Keep)
GCF_038593145.1,False,,Clean,Monoderm (Keep)
GCF_038593255.1,False,,Clean,Monoderm (Keep)
GCF_038593025.1,False,,Clean,Monoderm (Keep)
GCF_038593295.1,False,,Clean,Monoderm (Keep)
GCF_038593285.1,False,,Clean,Monoderm (Keep)
GCF_038593305.1,False,,Clean,Monoderm (Keep)
GCF_038593195.1,False,,Clean,Monoderm (Keep)
GCF_038593315.1,False,,Clean,Monoderm (Keep)
GCF_038593335.1,False,,Clean,Monoderm (Keep)
GCF_038593405.1,False,,Clean,Monoderm (Keep)
GCF_038593355.1,False,,Clean,Monoderm (Keep)
GCF_038593375.1,False,,Clean,Monoderm (Keep)
GCF_038593415.1,False,,Clean,Monoderm (Keep)
GCF_038593325.1,False,,Clean,Monoderm (Keep)
GCF_038593395.1,False,,Clean,Monoderm (Keep)
GCF_038593365.1,False,,Clean,Monoderm (Keep)
GCF_038593425.1,False,,Clean,Monoderm (Keep)
GCF_038593385.1,False,,Clean,Monoderm (Keep)
GCF_038593345.1,False,,Clean,Monoderm (Keep)
GCF_038665115.1,False,,Clean,Monoderm (Keep)
GCF_038721235.1,False,,Clean,Monoderm (Keep)
GCF_038682365.1,False,,Clean,Monoderm (Keep)
GCF_038630745.1,False,,Clean,Monoderm (Keep)
GCF_038650695.1,False,,Clean,Monoderm (Keep)
GCF_038595005.1,False,,Clean,Monoderm (Keep)
GCF_038653055.1,False,,Clean,Monoderm (Keep)
GCF_038655475.1,False,,Clean,Monoderm (Keep)
GCF_038627835.1,False,,Clean,Monoderm (Keep)
GCF_038630935.1,False,,Clean,Monoderm (Keep)
GCF_038618305.1,False,,Clean,Monoderm (Keep)
GCF_038632915.1,False,,Clean,Monoderm (Keep)
GCF_038628485.1,False,,Clean,Monoderm (Keep)
GCF_038615825.1,False,,Clean,Monoderm (Keep)
GCF_038630865.1,False,,Clean,Monoderm (Keep)
GCF_038624605.1,False,,Clean,Monoderm (Keep)
GCF_038630785.1,False,,Clean,Monoderm (Keep)
GCF_038629965.1,False,,Clean,Monoderm (Keep)
GCF_038637725.1,False,,Clean,Monoderm (Keep)
GCF_038630385.1,False,,Clean,Monoderm (Keep)
GCF_038630735.1,False,,Clean,Monoderm (Keep)
GCF_038630405.1,False,,Clean,Monoderm (Keep)
GCF_038630765.1,False,,Clean,Monoderm (Keep)
GCF_038630825.1,False,,Clean,Monoderm (Keep)
GCF_038595065.1,False,,Clean,Monoderm (Keep)
GCF_038630885.1,False,,Clean,Monoderm (Keep)
GCF_038613425.1,False,,Clean,Monoderm (Keep)
GCF_038630295.1,False,,Clean,Monoderm (Keep)
GCF_038595015.1,False,,Clean,Monoderm (Keep)
GCF_038635285.1,False,,Clean,Monoderm (Keep)
GCF_038630725.1,False,,Clean,Monoderm (Keep)
GCF_038629295.1,False,,Clean,Monoderm (Keep)
GCF_038595035.1,False,,Clean,Monoderm (Keep)
GCF_038630855.1,False,,Clean,Monoderm (Keep)
GCF_038630815.1,False,,Clean,Monoderm (Keep)
GCF_038627085.1,False,,Clean,Monoderm (Keep)
GCF_038599185.1,False,,Clean,Monoderm (Keep)
GCF_038610765.1,False,,Clean,Monoderm (Keep)
GCF_038626375.1,False,,Clean,Monoderm (Keep)
GCF_038601465.1,False,,Clean,Monoderm (Keep)
GCF_038630755.1,False,,Clean,Monoderm (Keep)
GCF_038593855.1,False,,Clean,Monoderm (Keep)
GCF_038630485.1,False,,Clean,Monoderm (Keep)
GCF_038630435.1,False,,Clean,Monoderm (Keep)
GCF_038622445.1,False,,Clean,Monoderm (Keep)
GCF_038620285.1,False,,Clean,Monoderm (Keep)
GCF_038630515.1,False,,Clean,Monoderm (Keep)
GCF_038608285.1,False,,Clean,Monoderm (Keep)
GCF_038595075.1,False,,Clean,Monoderm (Keep)
GCF_038595025.1,False,,Clean,Monoderm (Keep)
GCF_038630985.1,False,,Clean,Monoderm (Keep)
GCF_038595555.1,False,,Clean,Monoderm (Keep)
GCF_038630395.1,False,,Clean,Monoderm (Keep)
GCF_038595095.1,False,,Clean,Monoderm (Keep)
GCF_038603755.1,False,,Clean,Monoderm (Keep)
GCF_038606125.1,False,,Clean,Monoderm (Keep)
GCF_038595045.1,False,,Clean,Monoderm (Keep)
GCF_038595085.1,False,,Clean,Monoderm (Keep)
GCF_038597315.1,False,,Clean,Monoderm (Keep)
GCF_038595055.1,False,,Clean,Monoderm (Keep)
GCF_038734075.1,False,,Clean,Monoderm (Keep)
GCF_038736375.1,False,,Clean,Monoderm (Keep)
GCF_038643155.1,False,,Clean,Monoderm (Keep)
GCF_038743365.1,False,,Clean,Monoderm (Keep)
GCF_038738535.1,False,,Clean,Monoderm (Keep)
GCF_038693235.1,False,,Clean,Monoderm (Keep)
GCF_038662715.1,False,,Clean,Monoderm (Keep)
GCF_038789205.1,False,,Clean,Monoderm (Keep)
GCF_038789195.1,False,,Clean,Monoderm (Keep)
GCF_038789165.1,False,,Clean,Monoderm (Keep)
GCF_038788575.1,False,,Clean,Monoderm (Keep)
GCF_039233145.1,False,,Clean,Monoderm (Keep)
GCF_038786585.1,False,,Clean,Monoderm (Keep)
GCF_039134665.1,False,,Clean,Monoderm (Keep)
GCF_039134705.1,False,,Clean,Monoderm (Keep)
GCF_038762065.1,False,,Clean,Monoderm (Keep)
GCF_038853135.1,False,,Clean,Monoderm (Keep)
GCF_038971285.1,False,,Clean,Monoderm (Keep)
GCF_039134555.1,False,,Clean,Monoderm (Keep)
GCF_039519235.1,False,,Clean,Monoderm (Keep)
GCF_038955375.1,False,,Clean,Monoderm (Keep)
GCF_039619335.1,False,,Clean,Monoderm (Keep)
GCF_039519245.1,False,,Clean,Monoderm (Keep)
GCF_039636765.1,False,,Clean,Monoderm (Keep)
GCF_039555395.1,False,,Clean,Monoderm (Keep)
GCF_039641285.1,False,,Clean,Monoderm (Keep)
GCF_039639755.1,False,,Clean,Monoderm (Keep)
GCF_039619465.1,False,,Clean,Monoderm (Keep)
GCF_039621415.1,False,,Clean,Monoderm (Keep)
GCF_039639765.1,False,,Clean,Monoderm (Keep)
GCF_039624015.1,False,,Clean,Monoderm (Keep)
GCF_039640675.1,False,,Clean,Monoderm (Keep)
GCF_039529835.1,False,,Clean,Monoderm (Keep)
GCF_039639785.1,False,,Clean,Monoderm (Keep)
GCF_039637115.1,False,,Clean,Monoderm (Keep)
GCF_039619525.1,False,,Clean,Monoderm (Keep)
GCF_039624175.1,False,,Clean,Monoderm (Keep)
GCF_039555385.1,False,,Clean,Monoderm (Keep)
GCF_039619455.1,False,,Clean,Monoderm (Keep)
GCF_039637345.1,False,,Clean,Monoderm (Keep)
GCF_039645515.1,False,,Clean,Monoderm (Keep)
GCF_039565925.1,False,,Clean,Monoderm (Keep)
GCF_039620435.1,False,,Clean,Monoderm (Keep)
GCF_039519175.1,False,,Clean,Monoderm (Keep)
GCF_039639775.1,False,,Clean,Monoderm (Keep)
GCF_039645535.1,False,,Clean,Monoderm (Keep)
GCF_039645025.1,False,,Clean,Monoderm (Keep)
GCF_039621185.1,False,,Clean,Monoderm (Keep)
GCF_039644985.1,False,,Clean,Monoderm (Keep)
GCF_039645215.1,False,,Clean,Monoderm (Keep)
GCF_039645045.1,False,,Clean,Monoderm (Keep)
GCF_039645575.1,False,,Clean,Monoderm (Keep)
GCF_039645005.1,False,,Clean,Monoderm (Keep)
GCF_039645065.1,False,,Clean,Monoderm (Keep)
GCF_039621985.1,False,,Clean,Monoderm (Keep)
GCF_039623715.1,False,,Clean,Monoderm (Keep)
GCF_039622675.1,False,,Clean,Monoderm (Keep)
GCF_039622745.1,False,,Clean,Monoderm (Keep)
GCF_039622655.1,False,,Clean,Monoderm (Keep)
GCF_039654095.1,False,,Clean,Monoderm (Keep)
GCF_039613825.1,False,,Clean,Monoderm (Keep)
GCF_039654125.1,False,,Clean,Monoderm (Keep)
GCF_039654145.1,False,,Clean,Monoderm (Keep)
GCF_039671235.1,False,,Clean,Monoderm (Keep)
GCF_039654135.1,False,,Clean,Monoderm (Keep)
GCF_039602135.1,False,,Clean,Monoderm (Keep)
GCF_039619305.1,False,,Clean,Monoderm (Keep)
GCF_039555365.1,False,,Clean,Monoderm (Keep)
GCF_039614715.1,False,,Clean,Monoderm (Keep)
GCF_039654155.1,False,,Clean,Monoderm (Keep)
GCF_039614735.1,False,,Clean,Monoderm (Keep)
GCF_039654175.1,False,,Clean,Monoderm (Keep)
GCF_039643455.1,False,,Clean,Monoderm (Keep)
GCF_039555355.1,False,,Clean,Monoderm (Keep)
GCF_039555375.1,False,,Clean,Monoderm (Keep)
GCF_039654185.1,False,,Clean,Monoderm (Keep)
GCF_039700225.1,False,,Clean,Monoderm (Keep)
GCF_039654165.1,False,,Clean,Monoderm (Keep)
GCF_039727125.1,False,,Clean,Monoderm (Keep)
GCF_039679125.1,False,,Clean,Monoderm (Keep)
GCF_039636755.1,False,,Clean,Monoderm (Keep)
GCF_039719005.1,False,,Clean,Monoderm (Keep)
GCF_039726165.1,False,,Clean,Monoderm (Keep)
GCF_039679095.1,False,,Clean,Monoderm (Keep)
GCF_039728905.1,False,,Clean,Monoderm (Keep)
GCF_039907745.1,False,,Clean,Monoderm (Keep)
GCF_039907915.1,False,,Clean,Monoderm (Keep)
GCF_039781665.1,False,,Clean,Monoderm (Keep)
GCF_039719015.1,False,,Clean,Monoderm (Keep)
GCF_039698855.1,False,,Clean,Monoderm (Keep)
GCF_039783195.1,False,,Clean,Monoderm (Keep)
GCF_039783105.1,False,,Clean,Monoderm (Keep)
GCF_039778295.1,False,,Clean,Monoderm (Keep)
GCF_039782795.1,False,,Clean,Monoderm (Keep)
GCF_039729015.1,False,,Clean,Monoderm (Keep)
GCF_039729145.1,False,,Clean,Monoderm (Keep)
GCF_039736305.1,False,,Clean,Monoderm (Keep)
GCF_039784265.1,False,,Clean,Monoderm (Keep)
GCF_039954945.1,False,,Clean,Monoderm (Keep)
GCF_039784985.1,False,,Clean,Monoderm (Keep)
GCF_039784895.1,False,,Clean,Monoderm (Keep)
GCF_039784855.1,False,,Clean,Monoderm (Keep)
GCF_039784885.1,False,,Clean,Monoderm (Keep)
GCF_039848575.1,False,,Clean,Monoderm (Keep)
GCF_039955025.1,False,,Clean,Monoderm (Keep)
GCF_039784555.1,False,,Clean,Monoderm (Keep)
GCF_039784805.1,False,,Clean,Monoderm (Keep)
GCF_039830175.1,False,,Clean,Monoderm (Keep)
GCF_039880435.1,False,,Clean,Monoderm (Keep)
GCF_039903365.1,False,,Clean,Monoderm (Keep)
GCF_039880275.1,False,,Clean,Monoderm (Keep)
GCF_039880445.1,False,,Clean,Monoderm (Keep)
GCF_039905885.1,False,,Clean,Monoderm (Keep)
GCF_039851965.1,False,,Clean,Monoderm (Keep)
GCF_039791395.1,False,,Clean,Monoderm (Keep)
GCF_039851975.1,False,,Clean,Monoderm (Keep)
GCF_039954855.1,False,,Clean,Monoderm (Keep)
GCF_039783255.1,False,,Clean,Monoderm (Keep)
GCF_039783625.1,False,,Clean,Monoderm (Keep)
GCF_039830085.1,False,,Clean,Monoderm (Keep)
GCF_039830095.1,False,,Clean,Monoderm (Keep)
GCF_039729195.1,False,,Clean,Monoderm (Keep)
GCF_039830075.1,False,,Clean,Monoderm (Keep)
GCF_039783785.1,False,,Clean,Monoderm (Keep)
GCF_039783635.1,False,,Clean,Monoderm (Keep)
GCF_039783475.1,False,,Clean,Monoderm (Keep)
GCF_039783405.1,False,,Clean,Monoderm (Keep)
GCF_039783225.1,False,,Clean,Monoderm (Keep)
GCF_039783955.1,False,,Clean,Monoderm (Keep)
GCF_039830105.1,False,,Clean,Monoderm (Keep)
GCF_039783295.1,False,,Clean,Monoderm (Keep)
GCF_039955095.1,False,,Clean,Monoderm (Keep)
GCF_039783285.1,False,,Clean,Monoderm (Keep)
GCF_039880475.1,False,,Clean,Monoderm (Keep)
GCF_039857935.1,False,,Clean,Monoderm (Keep)
GCF_039954985.1,False,,Clean,Monoderm (Keep)
GCF_039830185.1,False,,Clean,Monoderm (Keep)
GCF_039830115.1,False,,Clean,Monoderm (Keep)
GCF_039880525.1,False,,Clean,Monoderm (Keep)
GCF_039790465.1,False,,Clean,Monoderm (Keep)
GCF_039789035.1,False,,Clean,Monoderm (Keep)
GCF_039955065.1,False,,Clean,Monoderm (Keep)
GCF_039905635.1,False,,Clean,Monoderm (Keep)
GCF_039906605.1,False,,Clean,Monoderm (Keep)
GCF_039907175.1,False,,Clean,Monoderm (Keep)
GCF_039955115.1,False,,Clean,Monoderm (Keep)
GCF_039907365.1,False,,Clean,Monoderm (Keep)
GCF_039906425.1,False,,Clean,Monoderm (Keep)
GCF_039907295.1,False,,Clean,Monoderm (Keep)
GCF_039955105.1,False,,Clean,Monoderm (Keep)
GCF_039851945.1,False,,Clean,Monoderm (Keep)
GCF_039851955.1,False,,Clean,Monoderm (Keep)
GCF_040008285.1,False,,Clean,Monoderm (Keep)
GCF_040026155.1,False,,Clean,Monoderm (Keep)
GCF_040008305.1,False,,Clean,Monoderm (Keep)
GCF_039954905.1,False,,Clean,Monoderm (Keep)
GCF_040026965.1,False,,Clean,Monoderm (Keep)
GCF_039905915.1,False,,Clean,Monoderm (Keep)
GCF_040027695.1,False,,Clean,Monoderm (Keep)
GCF_039917025.1,False,,Clean,Monoderm (Keep)
GCF_040026365.1,False,,Clean,Monoderm (Keep)
GCF_040028385.1,False,,Clean,Monoderm (Keep)
GCF_040126175.1,False,,Clean,Monoderm (Keep)
GCF_040050875.1,False,,Clean,Monoderm (Keep)
GCF_040047685.1,False,,Clean,Monoderm (Keep)
GCF_040025745.1,False,,Clean,Monoderm (Keep)
GCF_040024215.1,False,,Clean,Monoderm (Keep)
GCF_040058985.1,False,,Clean,Monoderm (Keep)
GCF_040059215.1,False,,Clean,Monoderm (Keep)
GCF_040024445.1,False,,Clean,Monoderm (Keep)
GCF_040255105.1,False,,Clean,Monoderm (Keep)
GCF_040256845.1,False,,Clean,Monoderm (Keep)
GCF_040047675.1,False,,Clean,Monoderm (Keep)
GCF_040126055.1,False,,Clean,Monoderm (Keep)
GCF_040049835.1,False,,Clean,Monoderm (Keep)
GCF_040105115.1,False,,Clean,Monoderm (Keep)
GCF_040223885.2,False,,Clean,Monoderm (Keep)
GCF_040114905.1,False,,Clean,Monoderm (Keep)
GCF_040235135.2,False,,Clean,Monoderm (Keep)
GCF_040105145.1,False,,Clean,Monoderm (Keep)
GCF_040267735.1,False,,Clean,Monoderm (Keep)
GCF_040250195.1,False,,Clean,Monoderm (Keep)
GCF_040267755.1,False,,Clean,Monoderm (Keep)
GCF_040254315.1,False,,Clean,Monoderm (Keep)
GCF_040250345.1,False,,Clean,Monoderm (Keep)
GCF_040267675.1,False,,Clean,Monoderm (Keep)
GCF_040208295.1,False,,Clean,Monoderm (Keep)
GCF_040267725.1,False,,Clean,Monoderm (Keep)
GCF_040208275.1,False,,Clean,Monoderm (Keep)
GCF_040267765.1,False,,Clean,Monoderm (Keep)
GCF_040224115.2,False,,Clean,Monoderm (Keep)
GCF_040224145.2,False,,Clean,Monoderm (Keep)
GCF_040267655.1,False,,Clean,Monoderm (Keep)
GCF_040235315.1,False,,Clean,Monoderm (Keep)
GCF_040142685.1,False,,Clean,Monoderm (Keep)
GCF_040235195.1,False,,Clean,Monoderm (Keep)
GCF_040207525.1,False,,Clean,Monoderm (Keep)
GCF_040234585.1,False,,Clean,Monoderm (Keep)
GCF_040256745.1,False,,Clean,Monoderm (Keep)
GCF_040267685.1,False,,Clean,Monoderm (Keep)
GCF_040144805.1,False,,Clean,Monoderm (Keep)
GCF_040235215.1,False,,Clean,Monoderm (Keep)
GCF_040235205.1,False,,Clean,Monoderm (Keep)
GCF_040235225.1,False,,Clean,Monoderm (Keep)
GCF_040126185.2,False,,Clean,Monoderm (Keep)
GCF_040267745.1,False,,Clean,Monoderm (Keep)
GCF_040256645.1,False,,Clean,Monoderm (Keep)
GCF_040166795.1,False,,Clean,Monoderm (Keep)
GCF_040212095.1,False,,Clean,Monoderm (Keep)
GCF_040208385.1,False,,Clean,Monoderm (Keep)
GCF_040267705.1,False,,Clean,Monoderm (Keep)
GCF_040207125.1,False,,Clean,Monoderm (Keep)
GCF_040267695.1,False,,Clean,Monoderm (Keep)
GCF_040267645.1,False,,Clean,Monoderm (Keep)
GCF_040215695.1,False,,Clean,Monoderm (Keep)
GCF_040208375.1,False,,Clean,Monoderm (Keep)
GCF_040215685.1,False,,Clean,Monoderm (Keep)
GCF_040208255.1,False,,Clean,Monoderm (Keep)
GCF_040256695.1,False,,Clean,Monoderm (Keep)
GCF_040209215.1,False,,Clean,Monoderm (Keep)
GCF_040209205.1,False,,Clean,Monoderm (Keep)
GCF_040207805.1,False,,Clean,Monoderm (Keep)
GCF_040208995.1,False,,Clean,Monoderm (Keep)
GCF_040126195.1,False,,Clean,Monoderm (Keep)
GCF_040250305.1,False,,Clean,Monoderm (Keep)
GCF_040209395.1,False,,Clean,Monoderm (Keep)
GCF_040267475.1,False,,Clean,Monoderm (Keep)
GCF_040254265.1,False,,Clean,Monoderm (Keep)
GCF_040208985.1,False,,Clean,Monoderm (Keep)
GCF_040209325.1,False,,Clean,Monoderm (Keep)
GCF_040210495.1,False,,Clean,Monoderm (Keep)
GCF_040114435.1,False,,Clean,Monoderm (Keep)
GCF_040268315.1,False,,Clean,Monoderm (Keep)
GCF_040361185.1,False,,Clean,Monoderm (Keep)
GCF_040361055.1,False,,Clean,Monoderm (Keep)
GCF_040361455.1,False,,Clean,Monoderm (Keep)
GCF_040271445.1,False,,Clean,Monoderm (Keep)
GCF_040356725.1,False,,Clean,Monoderm (Keep)
GCF_040268325.1,False,,Clean,Monoderm (Keep)
GCF_040315025.1,False,,Clean,Monoderm (Keep)
GCF_040315155.1,False,,Clean,Monoderm (Keep)
GCF_040311405.1,False,,Clean,Monoderm (Keep)
GCF_040369795.1,False,,Clean,Monoderm (Keep)
GCF_040366375.1,False,,Clean,Monoderm (Keep)
GCF_040362785.1,False,,Clean,Monoderm (Keep)
GCF_040363695.1,False,,Clean,Monoderm (Keep)
GCF_040409895.1,False,,Clean,Monoderm (Keep)
GCF_040372185.1,False,,Clean,Monoderm (Keep)
GCF_040409825.1,False,,Clean,Monoderm (Keep)
GCF_040435965.1,False,,Clean,Monoderm (Keep)
GCF_040363755.1,False,,Clean,Monoderm (Keep)
GCF_040370005.1,False,,Clean,Monoderm (Keep)
GCF_040409915.1,False,,Clean,Monoderm (Keep)
GCF_040363465.1,False,,Clean,Monoderm (Keep)
GCF_040409865.1,False,,Clean,Monoderm (Keep)
GCF_040409845.1,False,,Clean,Monoderm (Keep)
GCF_040364505.1,False,,Clean,Monoderm (Keep)
GCF_040365865.1,False,,Clean,Monoderm (Keep)
GCF_040369085.1,False,,Clean,Monoderm (Keep)
GCF_040409855.1,False,,Clean,Monoderm (Keep)
GCF_040365385.1,False,,Clean,Monoderm (Keep)
GCF_040409945.1,False,,Clean,Monoderm (Keep)
GCF_040365085.1,False,,Clean,Monoderm (Keep)
GCF_040371495.1,False,,Clean,Monoderm (Keep)
GCF_040365115.1,False,,Clean,Monoderm (Keep)
GCF_040409885.1,False,,Clean,Monoderm (Keep)
GCF_040409925.1,False,,Clean,Monoderm (Keep)
GCF_040361795.1,False,,Clean,Monoderm (Keep)
GCF_040365755.1,False,,Clean,Monoderm (Keep)
GCF_040364095.1,False,,Clean,Monoderm (Keep)
GCF_040409965.1,False,,Clean,Monoderm (Keep)
GCF_040367385.1,False,,Clean,Monoderm (Keep)
GCF_040371335.1,False,,Clean,Monoderm (Keep)
GCF_040364225.1,False,,Clean,Monoderm (Keep)
GCF_040436375.1,False,,Clean,Monoderm (Keep)
GCF_040364775.1,False,,Clean,Monoderm (Keep)
GCF_040409875.1,False,,Clean,Monoderm (Keep)
GCF_040364105.1,False,,Clean,Monoderm (Keep)
GCF_040436325.1,False,,Clean,Monoderm (Keep)
GCF_040409905.1,False,,Clean,Monoderm (Keep)
GCF_040409935.1,False,,Clean,Monoderm (Keep)
GCF_040374035.1,False,,Clean,Monoderm (Keep)
GCF_040448705.1,False,,Clean,Monoderm (Keep)
GCF_040436415.1,False,,Clean,Monoderm (Keep)
GCF_040448315.1,False,,Clean,Monoderm (Keep)
GCF_040436425.1,False,,Clean,Monoderm (Keep)
GCF_040499215.1,False,,Clean,Monoderm (Keep)
GCF_040436435.1,False,,Clean,Monoderm (Keep)
GCF_040448695.1,False,,Clean,Monoderm (Keep)
GCF_040436305.1,False,,Clean,Monoderm (Keep)
GCF_040515995.1,False,,Clean,Monoderm (Keep)
GCF_040436335.1,False,,Clean,Monoderm (Keep)
GCF_040438885.1,False,,Clean,Monoderm (Keep)
GCF_040516025.1,False,,Clean,Monoderm (Keep)
GCF_040500375.1,False,,Clean,Monoderm (Keep)
GCF_040516045.1,False,,Clean,Monoderm (Keep)
GCF_040516055.1,False,,Clean,Monoderm (Keep)
GCF_040516035.1,False,,Clean,Monoderm (Keep)
GCF_040500475.1,False,,Clean,Monoderm (Keep)
GCF_040500535.1,False,,Clean,Monoderm (Keep)
GCF_040536845.1,False,,Clean,Monoderm (Keep)
GCF_040448665.1,False,,Clean,Monoderm (Keep)
GCF_040536905.1,False,,Clean,Monoderm (Keep)
GCF_040529185.1,False,,Clean,Monoderm (Keep)
GCF_040518285.1,False,,Clean,Monoderm (Keep)
GCF_040448685.1,False,,Clean,Monoderm (Keep)
GCF_040448525.1,False,,Clean,Monoderm (Keep)
GCF_040536915.1,False,,Clean,Monoderm (Keep)
GCF_040499845.1,False,,Clean,Monoderm (Keep)
GCF_040556925.1,False,,Clean,Monoderm (Keep)
GCF_040543165.1,False,,Clean,Monoderm (Keep)
GCF_040536935.1,False,,Clean,Monoderm (Keep)
GCF_040529335.1,False,,Clean,Monoderm (Keep)
GCF_040536865.1,False,,Clean,Monoderm (Keep)
GCF_040554215.1,False,,Clean,Monoderm (Keep)
GCF_040543505.1,False,,Clean,Monoderm (Keep)
GCF_040543175.1,False,,Clean,Monoderm (Keep)
GCF_040543485.1,False,,Clean,Monoderm (Keep)
GCF_040581435.1,False,,Clean,Monoderm (Keep)
GCF_040688005.1,False,,Clean,Monoderm (Keep)
GCF_040586835.1,False,,Clean,Monoderm (Keep)
GCF_040571435.1,False,,Clean,Monoderm (Keep)
GCF_040711965.1,False,,Clean,Monoderm (Keep)
GCF_040687895.1,False,,Clean,Monoderm (Keep)
GCF_040687855.1,False,,Clean,Monoderm (Keep)
GCF_040687915.1,False,,Clean,Monoderm (Keep)
GCF_040687865.1,False,,Clean,Monoderm (Keep)
GCF_040687875.1,False,,Clean,Monoderm (Keep)
GCF_040687925.1,False,,Clean,Monoderm (Keep)
GCF_040687945.1,False,,Clean,Monoderm (Keep)
GCF_040687885.1,False,,Clean,Monoderm (Keep)
GCF_040580805.1,False,,Clean,Monoderm (Keep)
GCF_040688015.1,False,,Clean,Monoderm (Keep)
GCF_040616335.1,False,,Clean,Monoderm (Keep)
GCF_040571395.1,False,,Clean,Monoderm (Keep)
GCF_040712255.1,False,,Clean,Monoderm (Keep)
GCF_040712235.1,False,,Clean,Monoderm (Keep)
GCF_040687905.1,False,,Clean,Monoderm (Keep)
GCF_040702945.1,False,,Clean,Monoderm (Keep)
GCF_040702955.1,False,,Clean,Monoderm (Keep)
GCF_040712175.1,False,,Clean,Monoderm (Keep)
GCF_040712125.1,False,,Clean,Monoderm (Keep)
GCF_040712185.1,False,,Clean,Monoderm (Keep)
GCF_040712055.1,False,,Clean,Monoderm (Keep)
GCF_040737085.1,False,,Clean,Monoderm (Keep)
GCF_040736725.1,False,,Clean,Monoderm (Keep)
GCF_040731245.1,False,,Clean,Monoderm (Keep)
GCF_040736715.1,False,,Clean,Monoderm (Keep)
GCF_040736585.2,False,,Clean,Monoderm (Keep)
GCF_040736665.1,False,,Clean,Monoderm (Keep)
GCF_040736805.1,False,,Clean,Monoderm (Keep)
GCF_040736795.2,False,,Clean,Monoderm (Keep)
GCF_040737135.1,False,,Clean,Monoderm (Keep)
GCF_040736845.1,False,,Clean,Monoderm (Keep)
GCF_040736815.1,False,,Clean,Monoderm (Keep)
GCF_040736635.1,False,,Clean,Monoderm (Keep)
GCF_040712265.1,False,,Clean,Monoderm (Keep)
GCF_040736555.3,False,,Clean,Monoderm (Keep)
GCF_040736045.1,False,,Clean,Monoderm (Keep)
GCF_040736935.1,False,,Clean,Monoderm (Keep)
GCF_040571325.1,False,,Clean,Monoderm (Keep)
GCF_040733935.1,False,,Clean,Monoderm (Keep)
GCF_040733985.1,False,,Clean,Monoderm (Keep)
GCF_040712225.1,False,,Clean,Monoderm (Keep)
GCF_040712205.1,False,,Clean,Monoderm (Keep)
GCF_040712165.1,False,,Clean,Monoderm (Keep)
GCF_040733615.1,False,,Clean,Monoderm (Keep)
GCF_040712195.1,False,,Clean,Monoderm (Keep)
GCF_040712135.1,False,,Clean,Monoderm (Keep)
GCF_040712115.1,False,,Clean,Monoderm (Keep)
GCF_040581415.1,False,,Clean,Monoderm (Keep)
GCF_040712065.1,False,,Clean,Monoderm (Keep)
GCF_040712045.1,False,,Clean,Monoderm (Keep)
GCF_040735115.1,False,,Clean,Monoderm (Keep)
GCF_040571425.1,False,,Clean,Monoderm (Keep)
GCF_040712215.1,False,,Clean,Monoderm (Keep)
GCF_040712155.1,False,,Clean,Monoderm (Keep)
GCF_040712145.1,False,,Clean,Monoderm (Keep)
GCF_040712245.1,False,,Clean,Monoderm (Keep)
GCF_040737765.1,False,,Clean,Monoderm (Keep)
GCF_040738865.1,False,,Clean,Monoderm (Keep)
GCF_040733995.1,False,,Clean,Monoderm (Keep)
GCF_040712275.1,False,,Clean,Monoderm (Keep)
GCF_040738415.2,False,,Clean,Monoderm (Keep)
GCF_040739095.1,False,,Clean,Monoderm (Keep)
GCF_040730185.1,False,,Clean,Monoderm (Keep)
GCF_040739495.1,False,,Clean,Monoderm (Keep)
GCF_040739205.1,False,,Clean,Monoderm (Keep)
GCF_040745045.1,False,,Clean,Monoderm (Keep)
GCF_040739365.1,False,,Clean,Monoderm (Keep)
GCF_040739255.1,False,,Clean,Monoderm (Keep)
GCF_040745055.1,False,,Clean,Monoderm (Keep)
GCF_040744955.1,False,,Clean,Monoderm (Keep)
GCF_040801795.1,False,,Clean,Monoderm (Keep)
GCF_040931715.1,False,,Clean,Monoderm (Keep)
GCF_040931685.1,False,,Clean,Monoderm (Keep)
GCF_040931975.1,False,,Clean,Monoderm (Keep)
GCF_040931935.1,False,,Clean,Monoderm (Keep)
GCF_040931785.1,False,,Clean,Monoderm (Keep)
GCF_040822445.1,False,,Clean,Monoderm (Keep)
GCF_040801805.1,False,,Clean,Monoderm (Keep)
GCF_040931845.1,False,,Clean,Monoderm (Keep)
GCF_040931895.1,False,,Clean,Monoderm (Keep)
GCF_040931945.1,False,,Clean,Monoderm (Keep)
GCF_040931925.1,False,,Clean,Monoderm (Keep)
GCF_040931835.1,False,,Clean,Monoderm (Keep)
GCF_040822455.1,False,,Clean,Monoderm (Keep)
GCF_040931885.1,False,,Clean,Monoderm (Keep)
GCF_040931985.1,False,,Clean,Monoderm (Keep)
GCF_040931745.1,False,,Clean,Monoderm (Keep)
GCF_040819595.1,False,,Clean,Monoderm (Keep)
GCF_040931705.1,False,,Clean,Monoderm (Keep)
GCF_040931955.1,False,,Clean,Monoderm (Keep)
GCF_040931755.1,False,,Clean,Monoderm (Keep)
GCF_040931795.1,False,,Clean,Monoderm (Keep)
GCF_040931965.1,False,,Clean,Monoderm (Keep)
GCF_040931805.1,False,,Clean,Monoderm (Keep)
GCF_040931695.1,False,,Clean,Monoderm (Keep)
GCF_040939305.1,False,,Clean,Monoderm (Keep)
GCF_040931905.1,False,,Clean,Monoderm (Keep)
GCF_040931875.1,False,,Clean,Monoderm (Keep)
GCF_040803205.1,False,,Clean,Monoderm (Keep)
GCF_040931825.1,False,,Clean,Monoderm (Keep)
GCF_040790905.1,False,,Clean,Monoderm (Keep)
GCF_040892715.1,False,,Clean,Monoderm (Keep)
GCF_040931915.1,False,,Clean,Monoderm (Keep)
GCF_040790875.1,False,,Clean,Monoderm (Keep)
GCF_040834035.1,False,,Clean,Monoderm (Keep)
GCF_040834025.1,False,,Clean,Monoderm (Keep)
GCF_040930395.1,False,,Clean,Monoderm (Keep)
GCF_040782845.1,False,,Clean,Monoderm (Keep)
GCF_040931765.1,False,,Clean,Monoderm (Keep)
GCF_040931595.1,False,,Clean,Monoderm (Keep)
GCF_040790835.1,False,,Clean,Monoderm (Keep)
GCF_040744945.1,False,,Clean,Monoderm (Keep)
GCF_040931735.1,False,,Clean,Monoderm (Keep)
GCF_040931865.1,False,,Clean,Monoderm (Keep)
GCF_040790815.1,False,,Clean,Monoderm (Keep)
GCF_040931815.1,False,,Clean,Monoderm (Keep)
GCF_040836615.1,False,,Clean,Monoderm (Keep)
GCF_040931775.1,False,,Clean,Monoderm (Keep)
GCF_040931725.1,False,,Clean,Monoderm (Keep)
GCF_040931655.1,False,,Clean,Monoderm (Keep)
GCF_040938595.1,False,,Clean,Monoderm (Keep)
GCF_040869395.1,False,,Clean,Monoderm (Keep)
GCF_040939125.1,False,,Clean,Monoderm (Keep)
GCF_040893075.1,False,,Clean,Monoderm (Keep)
GCF_040819575.1,False,,Clean,Monoderm (Keep)
GCF_040820785.1,False,,Clean,Monoderm (Keep)
GCF_040869405.1,False,,Clean,Monoderm (Keep)
GCF_040819565.1,False,,Clean,Monoderm (Keep)
GCF_040784915.1,False,,Clean,Monoderm (Keep)
GCF_040834005.1,False,,Clean,Monoderm (Keep)
GCF_040954465.1,False,,Clean,Monoderm (Keep)
GCF_040939795.1,False,,Clean,Monoderm (Keep)
GCF_040790855.1,False,,Clean,Monoderm (Keep)
GCF_040746085.1,False,,Clean,Monoderm (Keep)
GCF_040937925.1,False,,Clean,Monoderm (Keep)
GCF_040954475.1,False,,Clean,Monoderm (Keep)
GCF_040959015.1,False,,Clean,Monoderm (Keep)
GCF_040959045.1,False,,Clean,Monoderm (Keep)
GCF_040969805.1,False,,Clean,Monoderm (Keep)
GCF_040961095.1,False,,Clean,Monoderm (Keep)
GCF_040962025.1,False,,Clean,Monoderm (Keep)
GCF_040959295.1,False,,Clean,Monoderm (Keep)
GCF_040958695.1,False,,Clean,Monoderm (Keep)
GCF_040959945.1,False,,Clean,Monoderm (Keep)
GCF_040819605.1,False,,Clean,Monoderm (Keep)
GCF_040782645.1,False,,Clean,Monoderm (Keep)
GCF_041022115.1,False,,Clean,Monoderm (Keep)
GCF_041022105.1,False,,Clean,Monoderm (Keep)
GCF_041026625.1,False,,Clean,Monoderm (Keep)
GCF_041022145.1,False,,Clean,Monoderm (Keep)
GCF_040960415.1,False,,Clean,Monoderm (Keep)
GCF_041022125.1,False,,Clean,Monoderm (Keep)
GCF_041022155.1,False,,Clean,Monoderm (Keep)
GCF_041022135.1,False,,Clean,Monoderm (Keep)
GCF_040969965.1,False,,Clean,Monoderm (Keep)
GCF_041014235.1,False,,Clean,Monoderm (Keep)
GCF_041001665.1,False,,Clean,Monoderm (Keep)
GCF_040970225.1,False,,Clean,Monoderm (Keep)
GCF_041001645.1,False,,Clean,Monoderm (Keep)
GCF_041001655.1,False,,Clean,Monoderm (Keep)
GCF_041001675.1,False,,Clean,Monoderm (Keep)
GCF_040960825.1,False,,Clean,Monoderm (Keep)
GCF_041080605.1,False,,Clean,Monoderm (Keep)
GCF_041080595.1,False,,Clean,Monoderm (Keep)
GCF_041080835.1,False,,Clean,Monoderm (Keep)
GCF_041080805.1,False,,Clean,Monoderm (Keep)
GCF_040970185.1,False,,Clean,Monoderm (Keep)
GCF_041072535.1,False,,Clean,Monoderm (Keep)
GCF_041071845.1,False,,Clean,Monoderm (Keep)
GCF_040970215.1,False,,Clean,Monoderm (Keep)
GCF_041080795.1,False,,Clean,Monoderm (Keep)
GCF_041071735.1,False,,Clean,Monoderm (Keep)
GCF_041081655.1,False,,Clean,Monoderm (Keep)
GCF_041074825.1,False,,Clean,Monoderm (Keep)
GCF_041074175.1,False,,Clean,Monoderm (Keep)
GCF_041072835.1,False,,Clean,Monoderm (Keep)
GCF_041080695.1,False,,Clean,Monoderm (Keep)
GCF_041081355.1,False,,Clean,Monoderm (Keep)
GCF_041072725.1,False,,Clean,Monoderm (Keep)
GCF_041073745.1,False,,Clean,Monoderm (Keep)
GCF_041080825.1,False,,Clean,Monoderm (Keep)
GCF_041080685.1,False,,Clean,Monoderm (Keep)
GCF_041081565.1,False,,Clean,Monoderm (Keep)
GCF_041026655.1,False,,Clean,Monoderm (Keep)
GCF_041080705.1,False,,Clean,Monoderm (Keep)
GCF_041154385.1,False,,Clean,Monoderm (Keep)
GCF_041051865.1,False,,Clean,Monoderm (Keep)
GCF_041022165.1,False,,Clean,Monoderm (Keep)
GCF_041051875.1,False,,Clean,Monoderm (Keep)
GCF_041117985.1,False,,Clean,Monoderm (Keep)
GCF_040970235.1,False,,Clean,Monoderm (Keep)
GCF_040970175.1,False,,Clean,Monoderm (Keep)
GCF_040961855.1,False,,Clean,Monoderm (Keep)
GCF_041082025.1,False,,Clean,Monoderm (Keep)
GCF_041051885.1,False,,Clean,Monoderm (Keep)
GCF_041051945.1,False,,Clean,Monoderm (Keep)
GCF_041051855.1,False,,Clean,Monoderm (Keep)
GCF_041080675.1,False,,Clean,Monoderm (Keep)
GCF_041051975.1,False,,Clean,Monoderm (Keep)
GCF_041081105.1,False,,Clean,Monoderm (Keep)
GCF_041120495.1,False,,Clean,Monoderm (Keep)
GCF_041053155.1,False,,Clean,Monoderm (Keep)
GCF_041014795.1,False,,Clean,Monoderm (Keep)
GCF_041053105.1,False,,Clean,Monoderm (Keep)
GCF_041051905.1,False,,Clean,Monoderm (Keep)
GCF_041051895.1,False,,Clean,Monoderm (Keep)
GCF_041053055.1,False,,Clean,Monoderm (Keep)
GCF_041154395.1,False,,Clean,Monoderm (Keep)
GCF_041154405.1,False,,Clean,Monoderm (Keep)
GCF_041053035.1,False,,Clean,Monoderm (Keep)
GCF_041053115.1,False,,Clean,Monoderm (Keep)
GCF_041053045.1,False,,Clean,Monoderm (Keep)
GCF_041080665.1,False,,Clean,Monoderm (Keep)
GCF_041222705.1,False,,Clean,Monoderm (Keep)
GCF_041200015.1,False,,Clean,Monoderm (Keep)
GCF_041154565.1,False,,Clean,Monoderm (Keep)
GCF_041154555.1,False,,Clean,Monoderm (Keep)
GCF_041080655.1,False,,Clean,Monoderm (Keep)
GCF_041080625.1,False,,Clean,Monoderm (Keep)
GCF_041052385.1,False,,Clean,Monoderm (Keep)
GCF_041344845.1,False,,Clean,Monoderm (Keep)
GCF_041379745.1,False,,Clean,Monoderm (Keep)
GCF_041228125.1,False,,Clean,Monoderm (Keep)
GCF_041346935.1,False,,Clean,Monoderm (Keep)
GCF_041379775.1,False,,Clean,Monoderm (Keep)
GCF_041379755.1,False,,Clean,Monoderm (Keep)
GCF_041281755.1,False,,Clean,Monoderm (Keep)
GCF_041320655.1,False,,Clean,Monoderm (Keep)
GCF_041199415.1,False,,Clean,Monoderm (Keep)
GCF_041154595.1,False,,Clean,Monoderm (Keep)
GCF_041344945.1,False,,Clean,Monoderm (Keep)
GCF_041154575.1,False,,Clean,Monoderm (Keep)
GCF_041154585.1,False,,Clean,Monoderm (Keep)
GCF_041380175.1,False,,Clean,Monoderm (Keep)
GCF_041228315.1,False,,Clean,Monoderm (Keep)
GCF_041200135.1,False,,Clean,Monoderm (Keep)
GCF_041380365.1,False,,Clean,Monoderm (Keep)
GCF_041228385.1,False,,Clean,Monoderm (Keep)
GCF_041222795.1,False,,Clean,Monoderm (Keep)
GCF_041380015.1,False,,Clean,Monoderm (Keep)
GCF_041222735.1,False,,Clean,Monoderm (Keep)
GCF_041380025.1,False,,Clean,Monoderm (Keep)
GCF_041222835.1,False,,Clean,Monoderm (Keep)
GCF_041320305.1,False,,Clean,Monoderm (Keep)
GCF_041222805.1,False,,Clean,Monoderm (Keep)
GCF_041222745.1,False,,Clean,Monoderm (Keep)
GCF_041320615.1,False,,Clean,Monoderm (Keep)
GCF_041200075.1,False,,Clean,Monoderm (Keep)
GCF_041222725.1,False,,Clean,Monoderm (Keep)
GCF_041297935.1,False,,Clean,Monoderm (Keep)
GCF_041222755.1,False,,Clean,Monoderm (Keep)
GCF_041379035.1,False,,Clean,Monoderm (Keep)
GCF_041222785.1,False,,Clean,Monoderm (Keep)
GCF_041295575.1,False,,Clean,Monoderm (Keep)
GCF_041225435.1,False,,Clean,Monoderm (Keep)
GCF_041379395.1,False,,Clean,Monoderm (Keep)
GCF_041344935.1,False,,Clean,Monoderm (Keep)
GCF_041200195.1,False,,Clean,Monoderm (Keep)
GCF_041344815.1,False,,Clean,Monoderm (Keep)
GCF_041200205.1,False,,Clean,Monoderm (Keep)
GCF_041296505.1,False,,Clean,Monoderm (Keep)
GCF_041200175.1,False,,Clean,Monoderm (Keep)
GCF_041320275.1,False,,Clean,Monoderm (Keep)
GCF_041222765.1,False,,Clean,Monoderm (Keep)
GCF_041228755.1,False,,Clean,Monoderm (Keep)
GCF_041295725.1,False,,Clean,Monoderm (Keep)
GCF_041320295.1,False,,Clean,Monoderm (Keep)
GCF_041270065.1,False,,Clean,Monoderm (Keep)
GCF_041430865.1,False,,Clean,Monoderm (Keep)
GCF_041430835.1,False,,Clean,Monoderm (Keep)
GCF_041430105.1,False,,Clean,Monoderm (Keep)
GCF_041430885.1,False,,Clean,Monoderm (Keep)
GCF_041430845.1,False,,Clean,Monoderm (Keep)
GCF_041430535.1,False,,Clean,Monoderm (Keep)
GCF_041283565.1,False,,Clean,Monoderm (Keep)
GCF_041429935.1,False,,Clean,Monoderm (Keep)
GCF_041429945.1,False,,Clean,Monoderm (Keep)
GCF_041228765.1,False,,Clean,Monoderm (Keep)
GCF_041429915.1,False,,Clean,Monoderm (Keep)
GCF_041430855.1,False,,Clean,Monoderm (Keep)
GCF_041430875.1,False,,Clean,Monoderm (Keep)
GCF_041410355.1,False,,Clean,Monoderm (Keep)
GCF_041430895.1,False,,Clean,Monoderm (Keep)
GCF_041430915.1,False,,Clean,Monoderm (Keep)
GCF_041346965.1,False,,Clean,Monoderm (Keep)
GCF_041430905.1,False,,Clean,Monoderm (Keep)
GCF_041430925.1,False,,Clean,Monoderm (Keep)
GCF_041430935.1,False,,Clean,Monoderm (Keep)
GCF_041346955.1,False,,Clean,Monoderm (Keep)
GCF_041346945.1,False,,Clean,Monoderm (Keep)
GCF_041430985.1,False,,Clean,Monoderm (Keep)
GCF_041431005.1,False,,Clean,Monoderm (Keep)
GCF_041431025.1,False,,Clean,Monoderm (Keep)
GCF_041430975.1,False,,Clean,Monoderm (Keep)
GCF_041431015.1,False,,Clean,Monoderm (Keep)
GCF_041430965.1,False,,Clean,Monoderm (Keep)
GCF_041430995.1,False,,Clean,Monoderm (Keep)
GCF_041430945.1,False,,Clean,Monoderm (Keep)
GCF_041429925.1,False,,Clean,Monoderm (Keep)
GCF_041431055.1,False,,Clean,Monoderm (Keep)
GCF_041431035.1,False,,Clean,Monoderm (Keep)
GCF_041431045.1,False,,Clean,Monoderm (Keep)
GCF_041447105.1,False,,Clean,Monoderm (Keep)
GCF_041430295.1,False,,Clean,Monoderm (Keep)
GCF_041447125.1,False,,Clean,Monoderm (Keep)
GCF_041447195.1,False,,Clean,Monoderm (Keep)
GCF_041447185.1,False,,Clean,Monoderm (Keep)
GCF_041439005.1,False,,Clean,Monoderm (Keep)
GCF_041438865.1,False,,Clean,Monoderm (Keep)
GCF_041438845.1,False,,Clean,Monoderm (Keep)
GCF_041438825.1,False,,Clean,Monoderm (Keep)
GCF_041447135.1,False,,Clean,Monoderm (Keep)
GCF_041431095.1,False,,Clean,Monoderm (Keep)
GCF_041438905.1,False,,Clean,Monoderm (Keep)
GCF_041434015.1,False,,Clean,Monoderm (Keep)
GCF_041438605.1,False,,Clean,Monoderm (Keep)
GCF_041438805.1,False,,Clean,Monoderm (Keep)
GCF_041431075.1,False,,Clean,Monoderm (Keep)
GCF_041438665.1,False,,Clean,Monoderm (Keep)
GCF_041438585.1,False,,Clean,Monoderm (Keep)
GCF_041433995.1,False,,Clean,Monoderm (Keep)
GCF_041431415.1,False,,Clean,Monoderm (Keep)
GCF_041459945.1,False,,Clean,Monoderm (Keep)
GCF_041435095.1,False,,Clean,Monoderm (Keep)
GCF_041438725.1,False,,Clean,Monoderm (Keep)
GCF_041435055.1,False,,Clean,Monoderm (Keep)
GCF_041431135.1,False,,Clean,Monoderm (Keep)
GCF_041434035.1,False,,Clean,Monoderm (Keep)
GCF_041435155.1,False,,Clean,Monoderm (Keep)
GCF_041435175.1,False,,Clean,Monoderm (Keep)
GCF_041435235.1,False,,Clean,Monoderm (Keep)
GCF_041431155.1,False,,Clean,Monoderm (Keep)
GCF_041435395.1,False,,Clean,Monoderm (Keep)
GCF_041435115.1,False,,Clean,Monoderm (Keep)
GCF_041435475.1,False,,Clean,Monoderm (Keep)
GCF_041435195.1,False,,Clean,Monoderm (Keep)
GCF_041435455.1,False,,Clean,Monoderm (Keep)
GCF_041432505.1,False,,Clean,Monoderm (Keep)
GCF_041435135.1,False,,Clean,Monoderm (Keep)
GCF_041435495.1,False,,Clean,Monoderm (Keep)
GCF_041435015.1,False,,Clean,Monoderm (Keep)
GCF_041434935.1,False,,Clean,Monoderm (Keep)
GCF_041433975.1,False,,Clean,Monoderm (Keep)
GCF_041514275.1,False,,Clean,Monoderm (Keep)
GCF_041514335.1,False,,Clean,Monoderm (Keep)
GCF_041435355.1,False,,Clean,Monoderm (Keep)
GCF_041514345.1,False,,Clean,Monoderm (Keep)
GCF_041514325.1,False,,Clean,Monoderm (Keep)
GCF_041514285.1,False,,Clean,Monoderm (Keep)
GCF_041514295.1,False,,Clean,Monoderm (Keep)
GCF_041514265.1,False,,Clean,Monoderm (Keep)
GCF_041435435.1,False,,Clean,Monoderm (Keep)
GCF_041438685.1,False,,Clean,Monoderm (Keep)
GCF_041435215.1,False,,Clean,Monoderm (Keep)
GCF_041438065.1,False,,Clean,Monoderm (Keep)
GCF_041510115.1,False,,Clean,Monoderm (Keep)
GCF_041464255.1,False,,Clean,Monoderm (Keep)
GCF_041464275.1,False,,Clean,Monoderm (Keep)
GCF_041464265.1,False,,Clean,Monoderm (Keep)
GCF_041460875.1,False,,Clean,Monoderm (Keep)
GCF_041510825.1,False,,Clean,Monoderm (Keep)
GCF_041512935.1,False,,Clean,Monoderm (Keep)
GCF_041511495.1,False,,Clean,Monoderm (Keep)
GCF_041513585.1,False,,Clean,Monoderm (Keep)
GCF_041509385.1,False,,Clean,Monoderm (Keep)
GCF_041501465.1,False,,Clean,Monoderm (Keep)
GCF_041512205.1,False,,Clean,Monoderm (Keep)
GCF_041494495.1,False,,Clean,Monoderm (Keep)
GCF_041501435.1,False,,Clean,Monoderm (Keep)
GCF_041499715.1,False,,Clean,Monoderm (Keep)
GCF_041514255.1,False,,Clean,Monoderm (Keep)
GCF_041501455.1,False,,Clean,Monoderm (Keep)
GCF_041508535.1,False,,Clean,Monoderm (Keep)
GCF_041497025.1,False,,Clean,Monoderm (Keep)
GCF_041501445.1,False,,Clean,Monoderm (Keep)
GCF_041464245.1,False,,Clean,Monoderm (Keep)
GCF_041514355.1,False,,Clean,Monoderm (Keep)
GCF_041514375.1,False,,Clean,Monoderm (Keep)
GCF_041514365.1,False,,Clean,Monoderm (Keep)
GCF_041514405.1,False,,Clean,Monoderm (Keep)
GCF_041501425.1,False,,Clean,Monoderm (Keep)
GCF_041519015.1,False,,Clean,Monoderm (Keep)
GCF_041519415.1,False,,Clean,Monoderm (Keep)
GCF_041519385.1,False,,Clean,Monoderm (Keep)
GCF_041518565.1,False,,Clean,Monoderm (Keep)
GCF_041517615.1,False,,Clean,Monoderm (Keep)
GCF_041531555.1,False,,Clean,Monoderm (Keep)
GCF_041531585.1,False,,Clean,Monoderm (Keep)
GCF_041529975.1,False,,Clean,Monoderm (Keep)
GCF_041514415.1,False,,Clean,Monoderm (Keep)
GCF_041529965.1,False,,Clean,Monoderm (Keep)
GCF_041531655.1,False,,Clean,Monoderm (Keep)
GCF_041531685.1,False,,Clean,Monoderm (Keep)
GCF_041531645.1,False,,Clean,Monoderm (Keep)
GCF_041531605.1,False,,Clean,Monoderm (Keep)
GCF_041697955.1,False,,Clean,Monoderm (Keep)
GCF_041697975.1,False,,Clean,Monoderm (Keep)
GCF_041531615.1,False,,Clean,Monoderm (Keep)
GCF_041549525.1,False,,Clean,Monoderm (Keep)
GCF_041734225.1,False,,Clean,Monoderm (Keep)
GCF_041734235.1,False,,Clean,Monoderm (Keep)
GCF_041545465.1,False,,Clean,Monoderm (Keep)
GCF_041697965.1,False,,Clean,Monoderm (Keep)
GCF_041729685.1,False,,Clean,Monoderm (Keep)
GCF_041695465.1,False,,Clean,Monoderm (Keep)
GCF_041729705.1,False,,Clean,Monoderm (Keep)
GCF_041519035.1,False,,Clean,Monoderm (Keep)
GCF_041519025.1,False,,Clean,Monoderm (Keep)
GCF_041695435.1,False,,Clean,Monoderm (Keep)
GCF_041729695.1,False,,Clean,Monoderm (Keep)
GCF_041519305.1,False,,Clean,Monoderm (Keep)
GCF_041729675.1,False,,Clean,Monoderm (Keep)
GCF_041545455.1,False,,Clean,Monoderm (Keep)
GCF_041753635.1,False,,Clean,Monoderm (Keep)
GCF_041545735.1,False,,Clean,Monoderm (Keep)
GCF_041734095.1,False,,Clean,Monoderm (Keep)
GCF_041733725.1,False,,Clean,Monoderm (Keep)
GCF_041695445.1,False,,Clean,Monoderm (Keep)
GCF_041734765.1,False,,Clean,Monoderm (Keep)
GCF_041753725.1,False,,Clean,Monoderm (Keep)
GCF_041714675.1,False,,Clean,Monoderm (Keep)
GCF_041729635.1,False,,Clean,Monoderm (Keep)
GCF_041734755.1,False,,Clean,Monoderm (Keep)
GCF_041733125.1,False,,Clean,Monoderm (Keep)
GCF_041734185.1,False,,Clean,Monoderm (Keep)
GCF_041734105.1,False,,Clean,Monoderm (Keep)
GCF_041728555.1,False,,Clean,Monoderm (Keep)
GCF_041720885.1,False,,Clean,Monoderm (Keep)
GCF_041729265.1,False,,Clean,Monoderm (Keep)
GCF_041697985.1,False,,Clean,Monoderm (Keep)
GCF_041734215.1,False,,Clean,Monoderm (Keep)
GCF_041733575.1,False,,Clean,Monoderm (Keep)
GCF_041734205.1,False,,Clean,Monoderm (Keep)
GCF_041734195.1,False,,Clean,Monoderm (Keep)
GCF_041695455.1,False,,Clean,Monoderm (Keep)
GCF_041725645.1,False,,Clean,Monoderm (Keep)
GCF_041714665.1,False,,Clean,Monoderm (Keep)
GCF_041729565.1,False,,Clean,Monoderm (Keep)
GCF_041755305.1,False,,Clean,Monoderm (Keep)
GCF_041755315.1,False,,Clean,Monoderm (Keep)
GCF_041755325.1,False,,Clean,Monoderm (Keep)
GCF_041753745.1,False,,Clean,Monoderm (Keep)
GCF_041753805.1,False,,Clean,Monoderm (Keep)
GCF_041753985.1,False,,Clean,Monoderm (Keep)
GCF_041754035.1,False,,Clean,Monoderm (Keep)
GCF_041753765.1,False,,Clean,Monoderm (Keep)
GCF_041753755.1,False,,Clean,Monoderm (Keep)
GCF_041753785.1,False,,Clean,Monoderm (Keep)
GCF_041753965.1,False,,Clean,Monoderm (Keep)
GCF_041753935.1,False,,Clean,Monoderm (Keep)
GCF_041753735.1,False,,Clean,Monoderm (Keep)
GCF_041753835.1,False,,Clean,Monoderm (Keep)
GCF_041753795.1,False,,Clean,Monoderm (Keep)
GCF_041753845.1,False,,Clean,Monoderm (Keep)
GCF_041753775.1,False,,Clean,Monoderm (Keep)
GCF_041753975.1,False,,Clean,Monoderm (Keep)
GCF_041754025.1,False,,Clean,Monoderm (Keep)
GCF_041755335.1,False,,Clean,Monoderm (Keep)
GCF_041765015.1,False,,Clean,Monoderm (Keep)
GCF_041765445.1,False,,Clean,Monoderm (Keep)
GCF_041764895.1,False,,Clean,Monoderm (Keep)
GCF_041765035.1,False,,Clean,Monoderm (Keep)
GCF_041765075.1,False,,Clean,Monoderm (Keep)
GCF_041764905.1,False,,Clean,Monoderm (Keep)
GCF_041764985.1,False,,Clean,Monoderm (Keep)
GCF_041764915.1,False,,Clean,Monoderm (Keep)
GCF_041761115.1,False,,Clean,Monoderm (Keep)
GCF_041765025.1,False,,Clean,Monoderm (Keep)
GCF_041763245.1,False,,Clean,Monoderm (Keep)
GCF_041764875.1,False,,Clean,Monoderm (Keep)
GCF_041759005.1,False,,Clean,Monoderm (Keep)
GCF_041764885.1,False,,Clean,Monoderm (Keep)
GCF_041764925.1,False,,Clean,Monoderm (Keep)
GCF_041765095.1,False,,Clean,Monoderm (Keep)
GCF_041755405.1,False,,Clean,Monoderm (Keep)
GCF_041755435.1,False,,Clean,Monoderm (Keep)
GCF_041755445.1,False,,Clean,Monoderm (Keep)
GCF_041765045.1,False,,Clean,Monoderm (Keep)
GCF_041765085.1,False,,Clean,Monoderm (Keep)
GCF_041764975.1,False,,Clean,Monoderm (Keep)
GCF_041756895.1,False,,Clean,Monoderm (Keep)
GCF_041765065.1,False,,Clean,Monoderm (Keep)
GCF_041764935.1,False,,Clean,Monoderm (Keep)
GCF_041764955.1,False,,Clean,Monoderm (Keep)
GCF_041764995.1,False,,Clean,Monoderm (Keep)
GCF_041755645.1,False,,Clean,Monoderm (Keep)
GCF_041755495.1,False,,Clean,Monoderm (Keep)
GCF_041764965.1,False,,Clean,Monoderm (Keep)
GCF_041765055.1,False,,Clean,Monoderm (Keep)
GCF_041764945.1,False,,Clean,Monoderm (Keep)
GCF_041765005.1,False,,Clean,Monoderm (Keep)
GCF_041765455.1,False,,Clean,Monoderm (Keep)
GCF_041765465.1,False,,Clean,Monoderm (Keep)
GCF_041765475.1,False,,Clean,Monoderm (Keep)
GCF_041765535.1,False,,Clean,Monoderm (Keep)
GCF_041765495.1,False,,Clean,Monoderm (Keep)
GCF_041765515.1,False,,Clean,Monoderm (Keep)
GCF_041765485.1,False,,Clean,Monoderm (Keep)
GCF_041765505.1,False,,Clean,Monoderm (Keep)
GCF_041765525.1,False,,Clean,Monoderm (Keep)
GCF_041931755.1,False,,Clean,Monoderm (Keep)
GCF_041879435.1,False,,Clean,Monoderm (Keep)
GCF_041930575.1,False,,Clean,Monoderm (Keep)
GCF_041927265.1,False,,Clean,Monoderm (Keep)
GCF_041931565.1,False,,Clean,Monoderm (Keep)
GCF_041785485.1,False,,Clean,Monoderm (Keep)
GCF_041888805.1,False,,Clean,Monoderm (Keep)
GCF_041931765.1,False,,Clean,Monoderm (Keep)
GCF_041871065.1,False,,Clean,Monoderm (Keep)
GCF_041765765.1,False,,Clean,Monoderm (Keep)
GCF_041930555.1,False,,Clean,Monoderm (Keep)
GCF_041795475.1,False,,Clean,Monoderm (Keep)
GCF_041877115.1,False,,Clean,Monoderm (Keep)
GCF_041768315.1,False,,Clean,Monoderm (Keep)
GCF_041941405.1,False,,Clean,Monoderm (Keep)
GCF_041893825.1,False,,Clean,Monoderm (Keep)
GCF_042134665.1,False,,Clean,Monoderm (Keep)
GCF_042038945.1,False,,Clean,Monoderm (Keep)
GCF_041861885.3,False,,Clean,Monoderm (Keep)
GCF_041799445.1,False,,Clean,Monoderm (Keep)
GCF_042015765.1,False,,Clean,Monoderm (Keep)
GCF_041777925.1,False,,Clean,Monoderm (Keep)
GCF_041791645.1,False,,Clean,Monoderm (Keep)
GCF_041787955.1,False,,Clean,Monoderm (Keep)
GCF_041903595.1,False,,Clean,Monoderm (Keep)
GCF_041930265.1,False,,Clean,Monoderm (Keep)
GCF_041775095.1,False,,Clean,Monoderm (Keep)
GCF_041771805.1,False,,Clean,Monoderm (Keep)
GCF_041879335.1,False,,Clean,Monoderm (Keep)
GCF_041781785.1,False,,Clean,Monoderm (Keep)
GCF_041871525.1,False,,Clean,Monoderm (Keep)
GCF_041893975.1,False,,Clean,Monoderm (Keep)
GCF_041937605.1,False,,Clean,Monoderm (Keep)
GCF_041955655.1,False,,Clean,Monoderm (Keep)
GCF_041937135.1,False,,Clean,Monoderm (Keep)
GCF_041937145.1,False,,Clean,Monoderm (Keep)
GCF_041937155.1,False,,Clean,Monoderm (Keep)
GCF_041765615.1,False,,Clean,Monoderm (Keep)
GCF_041902415.1,False,,Clean,Monoderm (Keep)
GCF_041930275.1,False,,Clean,Monoderm (Keep)
GCF_041899045.1,False,,Clean,Monoderm (Keep)
GCF_041937525.1,False,,Clean,Monoderm (Keep)
GCF_041898955.1,False,,Clean,Monoderm (Keep)
GCF_041765545.1,False,,Clean,Monoderm (Keep)
GCF_041804565.1,False,,Clean,Monoderm (Keep)
GCF_041902405.1,False,,Clean,Monoderm (Keep)
GCF_041879455.1,False,,Clean,Monoderm (Keep)
GCF_041765555.1,False,,Clean,Monoderm (Keep)
GCF_041874635.1,False,,Clean,Monoderm (Keep)
GCF_041952535.1,False,,Clean,Monoderm (Keep)
GCF_041902425.1,False,,Clean,Monoderm (Keep)
GCF_041898055.1,False,,Clean,Monoderm (Keep)
GCF_041951745.1,False,,Clean,Monoderm (Keep)
GCF_041950545.1,False,,Clean,Monoderm (Keep)
GCF_041765605.1,False,,Clean,Monoderm (Keep)
GCF_041927245.1,False,,Clean,Monoderm (Keep)
GCF_041898185.1,False,,Clean,Monoderm (Keep)
GCF_041938625.1,False,,Clean,Monoderm (Keep)
GCF_041889765.1,False,,Clean,Monoderm (Keep)
GCF_041888815.1,False,,Clean,Monoderm (Keep)
GCF_041893155.1,False,,Clean,Monoderm (Keep)
GCF_041941675.1,False,,Clean,Monoderm (Keep)
GCF_041950415.1,False,,Clean,Monoderm (Keep)
GCF_041879445.1,False,,Clean,Monoderm (Keep)
GCF_042019205.1,False,,Clean,Monoderm (Keep)
GCF_041902445.1,False,,Clean,Monoderm (Keep)
GCF_041890355.1,False,,Clean,Monoderm (Keep)
GCF_041875035.1,False,,Clean,Monoderm (Keep)
GCF_041902395.1,False,,Clean,Monoderm (Keep)
GCF_041897805.1,False,,Clean,Monoderm (Keep)
GCF_041937565.1,False,,Clean,Monoderm (Keep)
GCF_042078115.1,False,,Clean,Monoderm (Keep)
GCF_041941475.1,False,,Clean,Monoderm (Keep)
GCF_041937585.1,False,,Clean,Monoderm (Keep)
GCF_041941685.1,False,,Clean,Monoderm (Keep)
GCF_041950455.1,False,,Clean,Monoderm (Keep)
GCF_041950475.1,False,,Clean,Monoderm (Keep)
GCF_042465095.1,False,,Clean,Monoderm (Keep)
GCF_042193205.1,False,,Clean,Monoderm (Keep)
GCF_042847335.1,False,,Clean,Monoderm (Keep)
GCF_042608395.1,False,,Clean,Monoderm (Keep)
GCF_042848455.1,False,,Clean,Monoderm (Keep)
GCF_042847055.1,False,,Clean,Monoderm (Keep)
GCF_042449115.1,False,,Clean,Monoderm (Keep)
GCF_042606975.1,False,,Clean,Monoderm (Keep)
GCF_042849265.1,False,,Clean,Monoderm (Keep)
GCF_042688525.2,False,,Clean,Monoderm (Keep)
GCF_042608505.1,False,,Clean,Monoderm (Keep)
GCF_042608465.1,False,,Clean,Monoderm (Keep)
GCF_042608455.1,False,,Clean,Monoderm (Keep)
GCF_042691645.1,False,,Clean,Monoderm (Keep)
GCF_042608415.1,False,,Clean,Monoderm (Keep)
GCF_042464795.1,False,,Clean,Monoderm (Keep)
GCF_041956845.1,False,,Clean,Monoderm (Keep)
GCF_042753635.1,False,,Clean,Monoderm (Keep)
GCF_042465735.1,False,,Clean,Monoderm (Keep)
GCF_042464805.1,False,,Clean,Monoderm (Keep)
GCF_042193355.1,False,,Clean,Monoderm (Keep)
GCF_042608405.1,False,,Clean,Monoderm (Keep)
GCF_042159825.1,False,,Clean,Monoderm (Keep)
GCF_042608445.1,False,,Clean,Monoderm (Keep)
GCF_042466525.1,False,,Clean,Monoderm (Keep)
GCF_042137985.1,False,,Clean,Monoderm (Keep)
GCF_042608545.1,False,,Clean,Monoderm (Keep)
GCF_042608535.1,False,,Clean,Monoderm (Keep)
GCF_042608475.1,False,,Clean,Monoderm (Keep)
GCF_042473625.1,False,,Clean,Monoderm (Keep)
GCF_042140045.1,False,,Clean,Monoderm (Keep)
GCF_042692105.1,False,,Clean,Monoderm (Keep)
GCF_042848835.1,False,,Clean,Monoderm (Keep)
GCF_042447705.1,False,,Clean,Monoderm (Keep)
GCF_042464755.1,False,,Clean,Monoderm (Keep)
GCF_042464815.1,False,,Clean,Monoderm (Keep)
GCF_042472175.1,False,,Clean,Monoderm (Keep)
GCF_042464745.1,False,,Clean,Monoderm (Keep)
GCF_042464765.1,False,,Clean,Monoderm (Keep)
GCF_042464775.1,False,,Clean,Monoderm (Keep)
GCF_042464725.1,False,,Clean,Monoderm (Keep)
GCF_042464785.1,False,,Clean,Monoderm (Keep)
GCF_042464735.1,False,,Clean,Monoderm (Keep)
GCF_042848525.1,False,,Clean,Monoderm (Keep)
GCF_042848385.1,False,,Clean,Monoderm (Keep)
GCF_042847305.1,False,,Clean,Monoderm (Keep)
GCF_042848755.1,False,,Clean,Monoderm (Keep)
GCF_042846195.1,False,,Clean,Monoderm (Keep)
GCF_042850025.1,False,,Clean,Monoderm (Keep)
GCF_042756445.1,False,,Clean,Monoderm (Keep)
GCF_042845805.1,False,,Clean,Monoderm (Keep)
GCF_042849925.1,False,,Clean,Monoderm (Keep)
GCF_042180925.1,False,,Clean,Monoderm (Keep)
GCF_042465655.1,False,,Clean,Monoderm (Keep)
GCF_041956815.1,False,,Clean,Monoderm (Keep)
GCF_042699995.1,False,,Clean,Monoderm (Keep)
GCF_042449905.1,False,,Clean,Monoderm (Keep)
GCF_042694625.1,False,,Clean,Monoderm (Keep)
GCF_042692185.1,False,,Clean,Monoderm (Keep)
GCF_042847785.1,False,,Clean,Monoderm (Keep)
GCF_042256785.1,False,,Clean,Monoderm (Keep)
GCF_042465685.1,False,,Clean,Monoderm (Keep)
GCF_042465255.1,False,,Clean,Monoderm (Keep)
GCF_042296235.1,False,,Clean,Monoderm (Keep)
GCF_042848515.1,False,,Clean,Monoderm (Keep)
GCF_042691625.1,False,,Clean,Monoderm (Keep)
GCF_042448945.1,False,,Clean,Monoderm (Keep)
GCF_042696275.1,False,,Clean,Monoderm (Keep)
GCF_041956855.1,False,,Clean,Monoderm (Keep)
GCF_042608575.1,False,,Clean,Monoderm (Keep)
GCF_042465695.1,False,,Clean,Monoderm (Keep)
GCF_042466665.1,False,,Clean,Monoderm (Keep)
GCF_042751225.1,False,,Clean,Monoderm (Keep)
GCF_042465705.1,False,,Clean,Monoderm (Keep)
GCF_042465715.1,False,,Clean,Monoderm (Keep)
GCF_042465085.1,False,,Clean,Monoderm (Keep)
GCF_042691675.1,False,,Clean,Monoderm (Keep)
GCF_042466695.1,False,,Clean,Monoderm (Keep)
GCF_042691725.1,False,,Clean,Monoderm (Keep)
GCF_042851155.1,False,,Clean,Monoderm (Keep)
GCF_042851345.1,False,,Clean,Monoderm (Keep)
GCF_042850985.1,False,,Clean,Monoderm (Keep)
GCF_042851965.1,False,,Clean,Monoderm (Keep)
GCF_042852175.1,False,,Clean,Monoderm (Keep)
GCF_042850355.1,False,,Clean,Monoderm (Keep)
GCF_042851575.1,False,,Clean,Monoderm (Keep)
GCF_042852765.1,False,,Clean,Monoderm (Keep)
GCF_042852915.1,False,,Clean,Monoderm (Keep)
GCF_042466515.1,False,,Clean,Monoderm (Keep)
GCF_042854015.1,False,,Clean,Monoderm (Keep)
GCF_042935295.1,False,,Clean,Monoderm (Keep)
GCF_043008595.1,False,,Clean,Monoderm (Keep)
GCF_042934525.1,False,,Clean,Monoderm (Keep)
GCF_042854065.1,False,,Clean,Monoderm (Keep)
GCF_042854285.1,False,,Clean,Monoderm (Keep)
GCF_042855365.1,False,,Clean,Monoderm (Keep)
GCF_043187485.1,False,,Clean,Monoderm (Keep)
GCF_043186315.1,False,,Clean,Monoderm (Keep)
GCF_042994895.1,False,,Clean,Monoderm (Keep)
GCF_043003935.1,False,,Clean,Monoderm (Keep)
GCF_042945595.1,False,,Clean,Monoderm (Keep)
GCF_043003265.1,False,,Clean,Monoderm (Keep)
GCF_043005555.1,False,,Clean,Monoderm (Keep)
GCF_043004745.1,False,,Clean,Monoderm (Keep)
GCF_042997765.1,False,,Clean,Monoderm (Keep)
GCF_043184605.1,False,,Clean,Monoderm (Keep)
GCF_043000965.1,False,,Clean,Monoderm (Keep)
GCF_042855075.1,False,,Clean,Monoderm (Keep)
GCF_042996645.1,False,,Clean,Monoderm (Keep)
GCF_042984175.1,False,,Clean,Monoderm (Keep)
GCF_043099355.1,False,,Clean,Monoderm (Keep)
GCF_042995895.1,False,,Clean,Monoderm (Keep)
GCF_043002695.1,False,,Clean,Monoderm (Keep)
GCF_043174105.1,False,,Clean,Monoderm (Keep)
GCF_042854115.1,False,,Clean,Monoderm (Keep)
GCF_043001555.1,False,,Clean,Monoderm (Keep)
GCF_042999335.1,False,,Clean,Monoderm (Keep)
GCF_043002145.1,False,,Clean,Monoderm (Keep)
GCF_043000305.1,False,,Clean,Monoderm (Keep)
GCF_042997415.1,False,,Clean,Monoderm (Keep)
GCF_042855145.1,False,,Clean,Monoderm (Keep)
GCF_043182735.1,False,,Clean,Monoderm (Keep)
GCF_042854735.1,False,,Clean,Monoderm (Keep)
GCF_042854225.1,False,,Clean,Monoderm (Keep)
GCF_042853905.1,False,,Clean,Monoderm (Keep)
GCF_042853155.1,False,,Clean,Monoderm (Keep)
GCF_042854315.1,False,,Clean,Monoderm (Keep)
GCF_042944905.1,False,,Clean,Monoderm (Keep)
GCF_042854215.1,False,,Clean,Monoderm (Keep)
GCF_042854125.1,False,,Clean,Monoderm (Keep)
GCF_042852215.1,False,,Clean,Monoderm (Keep)
GCF_042852025.1,False,,Clean,Monoderm (Keep)
GCF_042853075.1,False,,Clean,Monoderm (Keep)
GCF_042853085.1,False,,Clean,Monoderm (Keep)
GCF_043162015.1,False,,Clean,Monoderm (Keep)
GCF_043161945.1,False,,Clean,Monoderm (Keep)
GCF_043187475.1,False,,Clean,Monoderm (Keep)
GCF_043187515.1,False,,Clean,Monoderm (Keep)
GCF_043229955.1,False,,Clean,Monoderm (Keep)
GCF_043099365.1,False,,Clean,Monoderm (Keep)
GCF_043231225.1,False,,Clean,Monoderm (Keep)
GCF_043161955.1,False,,Clean,Monoderm (Keep)
GCF_043161975.1,False,,Clean,Monoderm (Keep)
GCF_043162025.1,False,,Clean,Monoderm (Keep)
GCF_043187455.1,False,,Clean,Monoderm (Keep)
GCF_042854155.1,False,,Clean,Monoderm (Keep)
GCF_043189205.1,False,,Clean,Monoderm (Keep)
GCF_042982005.1,False,,Clean,Monoderm (Keep)
GCF_042936585.1,False,,Clean,Monoderm (Keep)
GCF_042938425.1,False,,Clean,Monoderm (Keep)
GCF_043506345.1,False,,Clean,Monoderm (Keep)
GCF_043099285.1,False,,Clean,Monoderm (Keep)
GCF_043190285.1,False,,Clean,Monoderm (Keep)
GCF_043191725.1,False,,Clean,Monoderm (Keep)
GCF_043289835.1,False,,Clean,Monoderm (Keep)
GCF_043507435.1,False,,Clean,Monoderm (Keep)
GCF_043551645.1,False,,Clean,Monoderm (Keep)
GCF_043550855.1,False,,Clean,Monoderm (Keep)
GCF_043552395.1,False,,Clean,Monoderm (Keep)
GCF_043295875.1,False,,Clean,Monoderm (Keep)
GCF_043550065.1,False,,Clean,Monoderm (Keep)
GCF_043518605.1,False,,Clean,Monoderm (Keep)
GCF_043520045.1,False,,Clean,Monoderm (Keep)
GCF_043187495.1,False,,Clean,Monoderm (Keep)
GCF_044053125.1,False,,Clean,Monoderm (Keep)
GCF_044053905.1,False,,Clean,Monoderm (Keep)
GCF_044054575.1,False,,Clean,Monoderm (Keep)
GCF_044053895.1,False,,Clean,Monoderm (Keep)
GCF_044336705.1,False,,Clean,Monoderm (Keep)
GCF_043634175.1,False,,Clean,Monoderm (Keep)
GCF_044051695.1,False,,Clean,Monoderm (Keep)
GCF_044336765.1,False,,Clean,Monoderm (Keep)
GCF_044337395.1,False,,Clean,Monoderm (Keep)
GCF_044052405.1,False,,Clean,Monoderm (Keep)
GCF_043589385.1,False,,Clean,Monoderm (Keep)
GCF_044051705.1,False,,Clean,Monoderm (Keep)
GCF_044336775.1,False,,Clean,Monoderm (Keep)
GCF_044052395.1,False,,Clean,Monoderm (Keep)
GCF_043950215.1,False,,Clean,Monoderm (Keep)
GCF_044336645.1,False,,Clean,Monoderm (Keep)
GCF_044183005.1,False,,Clean,Monoderm (Keep)
GCF_043950145.1,False,,Clean,Monoderm (Keep)
GCF_044050945.1,False,,Clean,Monoderm (Keep)
GCF_044052385.1,False,,Clean,Monoderm (Keep)
GCF_044337435.1,False,,Clean,Monoderm (Keep)
GCF_044051715.1,False,,Clean,Monoderm (Keep)
GCF_044053135.1,False,,Clean,Monoderm (Keep)
GCF_044336755.1,False,,Clean,Monoderm (Keep)
GCF_044095195.1,False,,Clean,Monoderm (Keep)
GCF_043635315.1,False,,Clean,Monoderm (Keep)
GCF_043522765.1,False,,Clean,Monoderm (Keep)
GCF_043705905.1,False,,Clean,Monoderm (Keep)
GCF_043591885.1,False,,Clean,Monoderm (Keep)
GCF_043707715.1,False,,Clean,Monoderm (Keep)
GCF_043705335.1,False,,Clean,Monoderm (Keep)
GCF_044094625.1,False,,Clean,Monoderm (Keep)
GCF_043704035.1,False,,Clean,Monoderm (Keep)
GCF_043706535.1,False,,Clean,Monoderm (Keep)
GCF_043702715.1,False,,Clean,Monoderm (Keep)
GCF_043703385.1,False,,Clean,Monoderm (Keep)
GCF_043704665.1,False,,Clean,Monoderm (Keep)
GCF_043707145.1,False,,Clean,Monoderm (Keep)
GCF_043950745.1,False,,Clean,Monoderm (Keep)
GCF_044339365.1,False,,Clean,Monoderm (Keep)
GCF_043950735.1,False,,Clean,Monoderm (Keep)
GCF_044341725.1,False,,Clean,Monoderm (Keep)
GCF_043633585.1,False,,Clean,Monoderm (Keep)
GCF_043950245.1,False,,Clean,Monoderm (Keep)
GCF_044324745.1,False,,Clean,Monoderm (Keep)
GCF_044336395.1,False,,Clean,Monoderm (Keep)
GCF_044357845.1,False,,Clean,Monoderm (Keep)
GCF_043754615.1,False,,Clean,Monoderm (Keep)
GCF_043950675.1,False,,Clean,Monoderm (Keep)
GCF_043974665.1,False,,Clean,Monoderm (Keep)
GCF_043591295.1,False,,Clean,Monoderm (Keep)
GCF_044057495.1,False,,Clean,Monoderm (Keep)
GCF_043590545.1,False,,Clean,Monoderm (Keep)
GCF_043574655.1,False,,Clean,Monoderm (Keep)
GCF_044324775.1,False,,Clean,Monoderm (Keep)
GCF_044336315.1,False,,Clean,Monoderm (Keep)
GCF_044336305.1,False,,Clean,Monoderm (Keep)
GCF_044324725.1,False,,Clean,Monoderm (Keep)
GCF_044336345.1,False,,Clean,Monoderm (Keep)
GCF_044093875.1,False,,Clean,Monoderm (Keep)
GCF_044357885.1,False,,Clean,Monoderm (Keep)
GCF_044336695.1,False,,Clean,Monoderm (Keep)
GCF_043996095.1,False,,Clean,Monoderm (Keep)
GCF_043950205.1,False,,Clean,Monoderm (Keep)
GCF_044357945.1,False,,Clean,Monoderm (Keep)
GCF_044358305.1,False,,Clean,Monoderm (Keep)
GCF_044358145.1,False,,Clean,Monoderm (Keep)
GCF_043632865.1,False,,Clean,Monoderm (Keep)
GCF_043950195.1,False,,Clean,Monoderm (Keep)
GCF_043575855.1,False,,Clean,Monoderm (Keep)
GCF_044358315.1,False,,Clean,Monoderm (Keep)
GCF_044358485.1,False,,Clean,Monoderm (Keep)
GCF_044358795.1,False,,Clean,Monoderm (Keep)
GCF_044360705.1,False,,Clean,Monoderm (Keep)
GCF_044502425.1,False,,Clean,Monoderm (Keep)
GCF_044646475.1,False,,Clean,Monoderm (Keep)
GCF_044361225.1,False,,Clean,Monoderm (Keep)
GCF_044497995.1,False,,Clean,Monoderm (Keep)
GCF_044360555.1,False,,Clean,Monoderm (Keep)
GCF_044362975.1,False,,Clean,Monoderm (Keep)
GCF_044365715.1,False,,Clean,Monoderm (Keep)
GCF_044365895.1,False,,Clean,Monoderm (Keep)
GCF_044363675.1,False,,Clean,Monoderm (Keep)
GCF_044789125.1,False,,Clean,Monoderm (Keep)
GCF_044740695.1,False,,Clean,Monoderm (Keep)
GCF_044789545.1,False,,Clean,Monoderm (Keep)
GCF_044363125.1,False,,Clean,Monoderm (Keep)
GCF_044590115.1,False,,Clean,Monoderm (Keep)
GCF_044502405.1,False,,Clean,Monoderm (Keep)
GCF_044600755.1,False,,Clean,Monoderm (Keep)
GCF_044501765.1,False,,Clean,Monoderm (Keep)
GCF_044361245.1,False,,Clean,Monoderm (Keep)
GCF_044602765.1,False,,Clean,Monoderm (Keep)
GCF_044361075.1,False,,Clean,Monoderm (Keep)
GCF_044361285.1,False,,Clean,Monoderm (Keep)
GCF_044360805.1,False,,Clean,Monoderm (Keep)
GCF_044599125.1,False,,Clean,Monoderm (Keep)
GCF_044360945.1,False,,Clean,Monoderm (Keep)
GCF_044360885.1,False,,Clean,Monoderm (Keep)
GCF_044361625.1,False,,Clean,Monoderm (Keep)
GCF_044601355.1,False,,Clean,Monoderm (Keep)
GCF_044361135.1,False,,Clean,Monoderm (Keep)
GCF_044361195.1,False,,Clean,Monoderm (Keep)
GCF_044740735.1,False,,Clean,Monoderm (Keep)
GCF_044360185.1,False,,Clean,Monoderm (Keep)
GCF_044361715.1,False,,Clean,Monoderm (Keep)
GCF_044361035.1,False,,Clean,Monoderm (Keep)
GCF_044503215.1,False,,Clean,Monoderm (Keep)
GCF_044591705.1,False,,Clean,Monoderm (Keep)
GCF_044596335.1,False,,Clean,Monoderm (Keep)
GCF_044789845.1,False,,Clean,Monoderm (Keep)
GCF_044496705.1,False,,Clean,Monoderm (Keep)
GCF_044359375.1,False,,Clean,Monoderm (Keep)
GCF_044359855.1,False,,Clean,Monoderm (Keep)
GCF_044789835.1,False,,Clean,Monoderm (Keep)
GCF_044597695.1,False,,Clean,Monoderm (Keep)
GCF_044497295.1,False,,Clean,Monoderm (Keep)
GCF_044502415.1,False,,Clean,Monoderm (Keep)
GCF_044498675.1,False,,Clean,Monoderm (Keep)
GCF_044501775.1,False,,Clean,Monoderm (Keep)
GCF_044789535.1,False,,Clean,Monoderm (Keep)
GCF_044569405.1,False,,Clean,Monoderm (Keep)
GCF_044789525.1,False,,Clean,Monoderm (Keep)
GCF_044569345.1,False,,Clean,Monoderm (Keep)
GCF_044758945.1,False,,Clean,Monoderm (Keep)
GCF_044570195.1,False,,Clean,Monoderm (Keep)
GCF_044359985.1,False,,Clean,Monoderm (Keep)
GCF_044499995.1,False,,Clean,Monoderm (Keep)
GCF_044497305.1,False,,Clean,Monoderm (Keep)
GCF_044499385.1,False,,Clean,Monoderm (Keep)
GCF_044784315.1,False,,Clean,Monoderm (Keep)
GCF_044789855.1,False,,Clean,Monoderm (Keep)
GCF_044784305.1,False,,Clean,Monoderm (Keep)
GCF_044704065.1,False,,Clean,Monoderm (Keep)
GCF_044791675.1,False,,Clean,Monoderm (Keep)
GCF_044790795.1,False,,Clean,Monoderm (Keep)
GCF_044790185.1,False,,Clean,Monoderm (Keep)
GCF_044496645.1,False,,Clean,Monoderm (Keep)
GCF_044792165.1,False,,Clean,Monoderm (Keep)
GCF_044790165.1,False,,Clean,Monoderm (Keep)
GCF_044790175.1,False,,Clean,Monoderm (Keep)
GCF_044590125.1,False,,Clean,Monoderm (Keep)
GCF_044793655.1,False,,Clean,Monoderm (Keep)
GCF_044793965.1,False,,Clean,Monoderm (Keep)
GCF_044792545.1,False,,Clean,Monoderm (Keep)
GCF_044793945.1,False,,Clean,Monoderm (Keep)
GCF_044791685.1,False,,Clean,Monoderm (Keep)
GCF_044591655.1,False,,Clean,Monoderm (Keep)
GCF_044590815.1,False,,Clean,Monoderm (Keep)
GCF_044793955.1,False,,Clean,Monoderm (Keep)
GCF_045006005.1,False,,Clean,Monoderm (Keep)
GCF_045006015.1,False,,Clean,Monoderm (Keep)
GCF_044793635.1,False,,Clean,Monoderm (Keep)
GCF_045008505.1,False,,Clean,Monoderm (Keep)
GCF_045005995.1,False,,Clean,Monoderm (Keep)
GCF_045009155.1,False,,Clean,Monoderm (Keep)
GCF_045007915.1,False,,Clean,Monoderm (Keep)
GCF_045008525.1,False,,Clean,Monoderm (Keep)
GCF_045006665.1,False,,Clean,Monoderm (Keep)
GCF_044794295.1,False,,Clean,Monoderm (Keep)
GCF_045007935.1,False,,Clean,Monoderm (Keep)
GCF_045007925.1,False,,Clean,Monoderm (Keep)
GCF_044805075.1,False,,Clean,Monoderm (Keep)
GCF_045009725.1,False,,Clean,Monoderm (Keep)
GCF_045005345.1,False,,Clean,Monoderm (Keep)
GCF_044794345.1,False,,Clean,Monoderm (Keep)
GCF_045006675.1,False,,Clean,Monoderm (Keep)
GCF_044795995.1,False,,Clean,Monoderm (Keep)
GCF_044905105.1,False,,Clean,Monoderm (Keep)
GCF_044796085.1,False,,Clean,Monoderm (Keep)
GCF_044813075.1,False,,Clean,Monoderm (Keep)
GCF_045007315.1,False,,Clean,Monoderm (Keep)
GCF_044794335.1,False,,Clean,Monoderm (Keep)
GCF_045010355.1,False,,Clean,Monoderm (Keep)
GCF_045009165.1,False,,Clean,Monoderm (Keep)
GCF_044794325.1,False,,Clean,Monoderm (Keep)
GCF_045009745.1,False,,Clean,Monoderm (Keep)
GCF_045008515.1,False,,Clean,Monoderm (Keep)
GCF_045009175.1,False,,Clean,Monoderm (Keep)
GCF_044794895.1,False,,Clean,Monoderm (Keep)
GCF_044809045.1,False,,Clean,Monoderm (Keep)
GCF_044866785.1,False,,Clean,Monoderm (Keep)
GCF_045005335.1,False,,Clean,Monoderm (Keep)
GCF_044879805.1,False,,Clean,Monoderm (Keep)
GCF_044880635.1,False,,Clean,Monoderm (Keep)
GCF_044793645.1,False,,Clean,Monoderm (Keep)
GCF_044799565.1,False,,Clean,Monoderm (Keep)
GCF_044795985.1,False,,Clean,Monoderm (Keep)
GCF_044872765.1,False,,Clean,Monoderm (Keep)
GCF_044866795.1,False,,Clean,Monoderm (Keep)
GCF_044987095.1,False,,Clean,Monoderm (Keep)
GCF_044794315.1,False,,Clean,Monoderm (Keep)
GCF_045002855.1,False,,Clean,Monoderm (Keep)
GCF_044807185.1,False,,Clean,Monoderm (Keep)
GCF_045002895.1,False,,Clean,Monoderm (Keep)
GCF_044801315.1,False,,Clean,Monoderm (Keep)
GCF_044797865.1,False,,Clean,Monoderm (Keep)
GCF_045001865.1,False,,Clean,Monoderm (Keep)
GCF_044794305.1,False,,Clean,Monoderm (Keep)
GCF_044794875.1,False,,Clean,Monoderm (Keep)
GCF_044794885.1,False,,Clean,Monoderm (Keep)
GCF_044809035.1,False,,Clean,Monoderm (Keep)
GCF_044803185.1,False,,Clean,Monoderm (Keep)
GCF_044865165.1,False,,Clean,Monoderm (Keep)
GCF_044905085.1,False,,Clean,Monoderm (Keep)
GCF_045009735.1,False,,Clean,Monoderm (Keep)
GCF_044987295.1,False,,Clean,Monoderm (Keep)
GCF_044987285.1,False,,Clean,Monoderm (Keep)
GCF_045002865.1,False,,Clean,Monoderm (Keep)
GCF_045010365.1,False,,Clean,Monoderm (Keep)
GCF_044999035.1,False,,Clean,Monoderm (Keep)
GCF_045010375.1,False,,Clean,Monoderm (Keep)
GCF_045010985.1,False,,Clean,Monoderm (Keep)
GCF_045037795.1,False,,Clean,Monoderm (Keep)
GCF_045037805.1,False,,Clean,Monoderm (Keep)
GCF_045012815.1,False,,Clean,Monoderm (Keep)
GCF_045016705.1,False,,Clean,Monoderm (Keep)
GCF_045012835.1,False,,Clean,Monoderm (Keep)
GCF_045040155.1,False,,Clean,Monoderm (Keep)
GCF_045038045.1,False,,Clean,Monoderm (Keep)
GCF_045039635.1,False,,Clean,Monoderm (Keep)
GCF_045039725.1,False,,Clean,Monoderm (Keep)
GCF_045039705.1,False,,Clean,Monoderm (Keep)
GCF_045040085.1,False,,Clean,Monoderm (Keep)
GCF_045040005.1,False,,Clean,Monoderm (Keep)
GCF_045039765.1,False,,Clean,Monoderm (Keep)
GCF_045039905.1,False,,Clean,Monoderm (Keep)
GCF_045040055.1,False,,Clean,Monoderm (Keep)
GCF_045039545.1,False,,Clean,Monoderm (Keep)
GCF_045039835.1,False,,Clean,Monoderm (Keep)
GCF_045039985.1,False,,Clean,Monoderm (Keep)
GCF_045039735.1,False,,Clean,Monoderm (Keep)
GCF_045039745.1,False,,Clean,Monoderm (Keep)
GCF_045038405.1,False,,Clean,Monoderm (Keep)
GCF_045039755.1,False,,Clean,Monoderm (Keep)
GCF_045039885.1,False,,Clean,Monoderm (Keep)
GCF_045039815.1,False,,Clean,Monoderm (Keep)
GCF_045039695.1,False,,Clean,Monoderm (Keep)
GCF_045011635.1,False,,Clean,Monoderm (Keep)
GCF_045040025.1,False,,Clean,Monoderm (Keep)
GCF_045039915.1,False,,Clean,Monoderm (Keep)
GCF_045040265.1,False,,Clean,Monoderm (Keep)
GCF_045039055.1,False,,Clean,Monoderm (Keep)
GCF_045040255.1,False,,Clean,Monoderm (Keep)
GCF_045039825.1,False,,Clean,Monoderm (Keep)
GCF_045038335.1,False,,Clean,Monoderm (Keep)
GCF_045037735.1,False,,Clean,Monoderm (Keep)
GCF_045011655.1,False,,Clean,Monoderm (Keep)
GCF_045038035.1,False,,Clean,Monoderm (Keep)
GCF_045039955.1,False,,Clean,Monoderm (Keep)
GCF_045039555.1,False,,Clean,Monoderm (Keep)
GCF_045039795.1,False,,Clean,Monoderm (Keep)
GCF_045040125.1,False,,Clean,Monoderm (Keep)
GCF_045040235.1,False,,Clean,Monoderm (Keep)
GCF_045039895.1,False,,Clean,Monoderm (Keep)
GCF_045040095.1,False,,Clean,Monoderm (Keep)
GCF_045040115.1,False,,Clean,Monoderm (Keep)
GCF_045039805.1,False,,Clean,Monoderm (Keep)
GCF_045039775.1,False,,Clean,Monoderm (Keep)
GCF_045040225.1,False,,Clean,Monoderm (Keep)
GCF_045039875.1,False,,Clean,Monoderm (Keep)
GCF_045039845.1,False,,Clean,Monoderm (Keep)
GCF_045039995.1,False,,Clean,Monoderm (Keep)
GCF_045040205.1,False,,Clean,Monoderm (Keep)
GCF_045039655.1,False,,Clean,Monoderm (Keep)
GCF_045000215.1,False,,Clean,Monoderm (Keep)
GCF_045039865.1,False,,Clean,Monoderm (Keep)
GCF_045039565.1,False,,Clean,Monoderm (Keep)
GCF_045039575.1,False,,Clean,Monoderm (Keep)
GCF_045040195.1,False,,Clean,Monoderm (Keep)
GCF_045040285.1,False,,Clean,Monoderm (Keep)
GCF_045039645.1,False,,Clean,Monoderm (Keep)
GCF_045039785.1,False,,Clean,Monoderm (Keep)
GCF_045040215.1,False,,Clean,Monoderm (Keep)
GCF_045040015.1,False,,Clean,Monoderm (Keep)
GCF_045040145.1,False,,Clean,Monoderm (Keep)
GCF_045040135.1,False,,Clean,Monoderm (Keep)
GCF_045039535.1,False,,Clean,Monoderm (Keep)
GCF_045039935.1,False,,Clean,Monoderm (Keep)
GCF_045040245.1,False,,Clean,Monoderm (Keep)
GCF_045039975.1,False,,Clean,Monoderm (Keep)
GCF_045040045.1,False,,Clean,Monoderm (Keep)
GCF_045039855.1,False,,Clean,Monoderm (Keep)
GCF_045039715.1,False,,Clean,Monoderm (Keep)
GCF_045040275.1,False,,Clean,Monoderm (Keep)
GCF_045040175.1,False,,Clean,Monoderm (Keep)
GCF_045040105.1,False,,Clean,Monoderm (Keep)
GCF_045040035.1,False,,Clean,Monoderm (Keep)
GCF_045040295.1,False,,Clean,Monoderm (Keep)
GCF_045159775.1,False,,Clean,Monoderm (Keep)
GCF_045159885.1,False,,Clean,Monoderm (Keep)
GCF_045063855.1,False,,Clean,Monoderm (Keep)
GCF_045159805.1,False,,Clean,Monoderm (Keep)
GCF_045159745.1,False,,Clean,Monoderm (Keep)
GCF_045063885.1,False,,Clean,Monoderm (Keep)
GCF_045159865.1,False,,Clean,Monoderm (Keep)
GCF_045159855.1,False,,Clean,Monoderm (Keep)
GCF_045159845.1,False,,Clean,Monoderm (Keep)
GCF_045040405.1,False,,Clean,Monoderm (Keep)
GCF_045057165.1,False,,Clean,Monoderm (Keep)
GCF_045040315.1,False,,Clean,Monoderm (Keep)
GCF_045041055.1,False,,Clean,Monoderm (Keep)
GCF_045061055.1,False,,Clean,Monoderm (Keep)
GCF_045063725.1,False,,Clean,Monoderm (Keep)
GCF_045061065.1,False,,Clean,Monoderm (Keep)
GCF_045040805.1,False,,Clean,Monoderm (Keep)
GCF_045061075.1,False,,Clean,Monoderm (Keep)
GCF_045040795.1,False,,Clean,Monoderm (Keep)
GCF_045040725.1,False,,Clean,Monoderm (Keep)
GCF_045040705.1,False,,Clean,Monoderm (Keep)
GCF_045040615.1,False,,Clean,Monoderm (Keep)
GCF_045040675.1,False,,Clean,Monoderm (Keep)
GCF_045040735.1,False,,Clean,Monoderm (Keep)
GCF_045040625.1,False,,Clean,Monoderm (Keep)
GCF_045040695.1,False,,Clean,Monoderm (Keep)
GCF_045040715.1,False,,Clean,Monoderm (Keep)
GCF_045040685.1,False,,Clean,Monoderm (Keep)
GCF_045041305.1,False,,Clean,Monoderm (Keep)
GCF_045040645.1,False,,Clean,Monoderm (Keep)
GCF_045041425.1,False,,Clean,Monoderm (Keep)
GCF_045040665.1,False,,Clean,Monoderm (Keep)
GCF_045041275.1,False,,Clean,Monoderm (Keep)
GCF_045040325.1,False,,Clean,Monoderm (Keep)
GCF_045040305.1,False,,Clean,Monoderm (Keep)
GCF_045040335.1,False,,Clean,Monoderm (Keep)
GCF_045159825.1,False,,Clean,Monoderm (Keep)
GCF_045040885.1,False,,Clean,Monoderm (Keep)
GCF_045040355.1,False,,Clean,Monoderm (Keep)
GCF_045041295.1,False,,Clean,Monoderm (Keep)
GCF_045040375.1,False,,Clean,Monoderm (Keep)
GCF_045040395.1,False,,Clean,Monoderm (Keep)
GCF_045041195.1,False,,Clean,Monoderm (Keep)
GCF_045041165.1,False,,Clean,Monoderm (Keep)
GCF_045041215.1,False,,Clean,Monoderm (Keep)
GCF_045041085.1,False,,Clean,Monoderm (Keep)
GCF_045041415.1,False,,Clean,Monoderm (Keep)
GCF_045041025.1,False,,Clean,Monoderm (Keep)
GCF_045041285.1,False,,Clean,Monoderm (Keep)
GCF_045041205.1,False,,Clean,Monoderm (Keep)
GCF_045041125.1,False,,Clean,Monoderm (Keep)
GCF_045041095.1,False,,Clean,Monoderm (Keep)
GCF_045070545.1,False,,Clean,Monoderm (Keep)
GCF_045040415.1,False,,Clean,Monoderm (Keep)
GCF_045041135.1,False,,Clean,Monoderm (Keep)
GCF_045041115.1,False,,Clean,Monoderm (Keep)
GCF_045040875.1,False,,Clean,Monoderm (Keep)
GCF_045041255.1,False,,Clean,Monoderm (Keep)
GCF_045041065.1,False,,Clean,Monoderm (Keep)
GCF_045041435.1,False,,Clean,Monoderm (Keep)
GCF_045040855.1,False,,Clean,Monoderm (Keep)
GCF_045041185.1,False,,Clean,Monoderm (Keep)
GCF_045041245.1,False,,Clean,Monoderm (Keep)
GCF_045041445.1,False,,Clean,Monoderm (Keep)
GCF_045040525.1,False,,Clean,Monoderm (Keep)
GCF_045041265.1,False,,Clean,Monoderm (Keep)
GCF_045040385.1,False,,Clean,Monoderm (Keep)
GCF_045040895.1,False,,Clean,Monoderm (Keep)
GCF_045041155.1,False,,Clean,Monoderm (Keep)
GCF_045040425.1,False,,Clean,Monoderm (Keep)
GCF_045040435.1,False,,Clean,Monoderm (Keep)
GCF_045040345.1,False,,Clean,Monoderm (Keep)
GCF_045040365.1,False,,Clean,Monoderm (Keep)
GCF_045040445.1,False,,Clean,Monoderm (Keep)
GCF_045040845.1,False,,Clean,Monoderm (Keep)
GCF_045160055.1,False,,Clean,Monoderm (Keep)
GCF_045040495.1,False,,Clean,Monoderm (Keep)
GCF_045041235.1,False,,Clean,Monoderm (Keep)
GCF_045041225.1,False,,Clean,Monoderm (Keep)
GCF_045041015.1,False,,Clean,Monoderm (Keep)
GCF_045161885.1,False,,Clean,Monoderm (Keep)
GCF_045161865.1,False,,Clean,Monoderm (Keep)
GCF_045161795.1,False,,Clean,Monoderm (Keep)
GCF_045160715.1,False,,Clean,Monoderm (Keep)
GCF_045160845.1,False,,Clean,Monoderm (Keep)
GCF_045161765.1,False,,Clean,Monoderm (Keep)
GCF_045161735.1,False,,Clean,Monoderm (Keep)
GCF_045161095.1,False,,Clean,Monoderm (Keep)
GCF_045161745.1,False,,Clean,Monoderm (Keep)
GCF_045160795.1,False,,Clean,Monoderm (Keep)
GCF_045161825.1,False,,Clean,Monoderm (Keep)
GCF_045161165.1,False,,Clean,Monoderm (Keep)
GCF_045160865.1,False,,Clean,Monoderm (Keep)
GCF_045161905.1,False,,Clean,Monoderm (Keep)
GCF_045160945.1,False,,Clean,Monoderm (Keep)
GCF_045161705.1,False,,Clean,Monoderm (Keep)
GCF_045160835.1,False,,Clean,Monoderm (Keep)
GCF_045160905.1,False,,Clean,Monoderm (Keep)
GCF_045161805.1,False,,Clean,Monoderm (Keep)
GCF_045160885.1,False,,Clean,Monoderm (Keep)
GCF_045160825.1,False,,Clean,Monoderm (Keep)
GCF_045161725.1,False,,Clean,Monoderm (Keep)
GCF_045161545.1,False,,Clean,Monoderm (Keep)
GCF_045160325.1,False,,Clean,Monoderm (Keep)
GCF_045160215.1,False,,Clean,Monoderm (Keep)
GCF_045160785.1,False,,Clean,Monoderm (Keep)
GCF_045160625.1,False,,Clean,Monoderm (Keep)
GCF_045160955.1,False,,Clean,Monoderm (Keep)
GCF_045161875.1,False,,Clean,Monoderm (Keep)
GCF_045160855.1,False,,Clean,Monoderm (Keep)
GCF_045161815.1,False,,Clean,Monoderm (Keep)
GCF_045161645.1,False,,Clean,Monoderm (Keep)
GCF_045161775.1,False,,Clean,Monoderm (Keep)
GCF_045160505.1,False,,Clean,Monoderm (Keep)
GCF_045160915.1,False,,Clean,Monoderm (Keep)
GCF_045161275.1,False,,Clean,Monoderm (Keep)
GCF_045161835.1,False,,Clean,Monoderm (Keep)
GCF_045161325.1,False,,Clean,Monoderm (Keep)
GCF_045161505.1,False,,Clean,Monoderm (Keep)
GCF_045160875.1,False,,Clean,Monoderm (Keep)
GCF_045160815.1,False,,Clean,Monoderm (Keep)
GCF_045161695.1,False,,Clean,Monoderm (Keep)
GCF_045161355.1,False,,Clean,Monoderm (Keep)
GCF_045161855.1,False,,Clean,Monoderm (Keep)
GCF_045161755.1,False,,Clean,Monoderm (Keep)
GCF_045160965.1,False,,Clean,Monoderm (Keep)
GCF_045160975.1,False,,Clean,Monoderm (Keep)
GCF_045161785.1,False,,Clean,Monoderm (Keep)
GCF_045160595.1,False,,Clean,Monoderm (Keep)
GCF_045160145.1,False,,Clean,Monoderm (Keep)
GCF_045161715.1,False,,Clean,Monoderm (Keep)
GCF_045160805.1,False,,Clean,Monoderm (Keep)
GCF_045160935.1,False,,Clean,Monoderm (Keep)
GCF_045160895.1,False,,Clean,Monoderm (Keep)
GCF_045160925.1,False,,Clean,Monoderm (Keep)
GCF_045160415.1,False,,Clean,Monoderm (Keep)
GCF_045161915.1,False,,Clean,Monoderm (Keep)
GCF_045161895.1,False,,Clean,Monoderm (Keep)
GCF_045162305.1,False,,Clean,Monoderm (Keep)
GCF_045161845.1,False,,Clean,Monoderm (Keep)
GCF_045161925.1,False,,Clean,Monoderm (Keep)
GCF_045162755.1,False,,Clean,Monoderm (Keep)
GCF_045162215.1,False,,Clean,Monoderm (Keep)
GCF_045162015.1,False,,Clean,Monoderm (Keep)
GCF_045162705.1,False,,Clean,Monoderm (Keep)
GCF_045162475.1,False,,Clean,Monoderm (Keep)
GCF_045162125.1,False,,Clean,Monoderm (Keep)
GCF_045162665.1,False,,Clean,Monoderm (Keep)
GCF_045162765.1,False,,Clean,Monoderm (Keep)
GCF_045162725.1,False,,Clean,Monoderm (Keep)
GCF_045162645.1,False,,Clean,Monoderm (Keep)
GCF_045162735.1,False,,Clean,Monoderm (Keep)
GCF_045162695.1,False,,Clean,Monoderm (Keep)
GCF_045162615.1,False,,Clean,Monoderm (Keep)
GCF_045162685.1,False,,Clean,Monoderm (Keep)
GCF_045162565.1,False,,Clean,Monoderm (Keep)
GCF_045162675.1,False,,Clean,Monoderm (Keep)
GCF_045162715.1,False,,Clean,Monoderm (Keep)
GCF_045162655.1,False,,Clean,Monoderm (Keep)
GCF_045164165.1,False,,Clean,Monoderm (Keep)
GCF_045183415.1,False,,Clean,Monoderm (Keep)
GCF_045206225.1,False,,Clean,Monoderm (Keep)
GCF_045206395.1,False,,Clean,Monoderm (Keep)
GCF_045206255.1,False,,Clean,Monoderm (Keep)
GCF_045162775.1,False,,Clean,Monoderm (Keep)
GCF_045207185.1,False,,Clean,Monoderm (Keep)
GCF_045207325.1,False,,Clean,Monoderm (Keep)
GCF_045205865.1,False,,Clean,Monoderm (Keep)
GCF_045206215.1,False,,Clean,Monoderm (Keep)
GCF_045162865.1,False,,Clean,Monoderm (Keep)
GCF_045206735.1,False,,Clean,Monoderm (Keep)
GCF_045162835.1,False,,Clean,Monoderm (Keep)
GCF_045206275.1,False,,Clean,Monoderm (Keep)
GCF_045207285.1,False,,Clean,Monoderm (Keep)
GCF_045162745.1,False,,Clean,Monoderm (Keep)
GCF_045206345.1,False,,Clean,Monoderm (Keep)
GCF_045207385.1,False,,Clean,Monoderm (Keep)
GCF_045206285.1,False,,Clean,Monoderm (Keep)
GCF_045206365.1,False,,Clean,Monoderm (Keep)
GCF_045206265.1,False,,Clean,Monoderm (Keep)
GCF_045207255.1,False,,Clean,Monoderm (Keep)
GCF_045205785.1,False,,Clean,Monoderm (Keep)
GCF_045206235.1,False,,Clean,Monoderm (Keep)
GCF_045207015.1,False,,Clean,Monoderm (Keep)
GCF_045206355.1,False,,Clean,Monoderm (Keep)
GCF_045206245.1,False,,Clean,Monoderm (Keep)
GCF_045181065.1,False,,Clean,Monoderm (Keep)
GCF_045207335.1,False,,Clean,Monoderm (Keep)
GCF_045206295.1,False,,Clean,Monoderm (Keep)
GCF_045162975.1,False,,Clean,Monoderm (Keep)
GCF_045206335.1,False,,Clean,Monoderm (Keep)
GCF_045207365.1,False,,Clean,Monoderm (Keep)
GCF_045206425.1,False,,Clean,Monoderm (Keep)
GCF_045206305.1,False,,Clean,Monoderm (Keep)
GCF_045206515.1,False,,Clean,Monoderm (Keep)
GCF_045207375.1,False,,Clean,Monoderm (Keep)
GCF_045206155.1,False,,Clean,Monoderm (Keep)
GCF_045162815.1,False,,Clean,Monoderm (Keep)
GCF_045206205.1,False,,Clean,Monoderm (Keep)
GCF_045162845.1,False,,Clean,Monoderm (Keep)
GCF_045206015.1,False,,Clean,Monoderm (Keep)
GCF_045162855.1,False,,Clean,Monoderm (Keep)
GCF_045205945.1,False,,Clean,Monoderm (Keep)
GCF_045207265.1,False,,Clean,Monoderm (Keep)
GCF_045206325.1,False,,Clean,Monoderm (Keep)
GCF_045206645.1,False,,Clean,Monoderm (Keep)
GCF_045207275.1,False,,Clean,Monoderm (Keep)
GCF_045206405.1,False,,Clean,Monoderm (Keep)
GCF_045162805.1,False,,Clean,Monoderm (Keep)
GCF_045206635.1,False,,Clean,Monoderm (Keep)
GCF_045207235.1,False,,Clean,Monoderm (Keep)
GCF_045206825.1,False,,Clean,Monoderm (Keep)
GCF_045207245.1,False,,Clean,Monoderm (Keep)
GCF_045207305.1,False,,Clean,Monoderm (Keep)
GCF_045206385.1,False,,Clean,Monoderm (Keep)
GCF_045206085.1,False,,Clean,Monoderm (Keep)
GCF_045207065.1,False,,Clean,Monoderm (Keep)
GCF_045206315.1,False,,Clean,Monoderm (Keep)
GCF_045162785.1,False,,Clean,Monoderm (Keep)
GCF_045206565.1,False,,Clean,Monoderm (Keep)
GCF_045162825.1,False,,Clean,Monoderm (Keep)
GCF_045206415.1,False,,Clean,Monoderm (Keep)
GCF_045206375.1,False,,Clean,Monoderm (Keep)
GCF_045207315.1,False,,Clean,Monoderm (Keep)
GCF_045162795.1,False,,Clean,Monoderm (Keep)
GCF_045207135.1,False,,Clean,Monoderm (Keep)
GCF_045206895.1,False,,Clean,Monoderm (Keep)
GCF_045206945.1,False,,Clean,Monoderm (Keep)
GCF_045207355.1,False,,Clean,Monoderm (Keep)
GCF_045207345.1,False,,Clean,Monoderm (Keep)
GCF_045207295.1,False,,Clean,Monoderm (Keep)
GCF_045207425.1,False,,Clean,Monoderm (Keep)
GCF_045256935.1,False,,Clean,Monoderm (Keep)
GCF_045209765.1,False,,Clean,Monoderm (Keep)
GCF_045208435.1,False,,Clean,Monoderm (Keep)
GCF_045208445.1,False,,Clean,Monoderm (Keep)
GCF_045209665.1,False,,Clean,Monoderm (Keep)
GCF_045207775.1,False,,Clean,Monoderm (Keep)
GCF_045209585.1,False,,Clean,Monoderm (Keep)
GCF_045209715.1,False,,Clean,Monoderm (Keep)
GCF_045210185.1,False,,Clean,Monoderm (Keep)
GCF_045207435.1,False,,Clean,Monoderm (Keep)
GCF_045209685.1,False,,Clean,Monoderm (Keep)
GCF_045208255.1,False,,Clean,Monoderm (Keep)
GCF_045208325.1,False,,Clean,Monoderm (Keep)
GCF_045208205.1,False,,Clean,Monoderm (Keep)
GCF_045208495.1,False,,Clean,Monoderm (Keep)
GCF_045209775.1,False,,Clean,Monoderm (Keep)
GCF_045208695.1,False,,Clean,Monoderm (Keep)
GCF_045208065.1,False,,Clean,Monoderm (Keep)
GCF_045208365.1,False,,Clean,Monoderm (Keep)
GCF_045209795.1,False,,Clean,Monoderm (Keep)
GCF_045208885.1,False,,Clean,Monoderm (Keep)
GCF_045207925.1,False,,Clean,Monoderm (Keep)
GCF_045207585.1,False,,Clean,Monoderm (Keep)
GCF_045208555.1,False,,Clean,Monoderm (Keep)
GCF_045207405.1,False,,Clean,Monoderm (Keep)
GCF_045208505.1,False,,Clean,Monoderm (Keep)
GCF_045207395.1,False,,Clean,Monoderm (Keep)
GCF_045207415.1,False,,Clean,Monoderm (Keep)
GCF_045208455.1,False,,Clean,Monoderm (Keep)
GCF_045208535.1,False,,Clean,Monoderm (Keep)
GCF_045208475.1,False,,Clean,Monoderm (Keep)
GCF_045209785.1,False,,Clean,Monoderm (Keep)
GCF_045207785.1,False,,Clean,Monoderm (Keep)
GCF_045209725.1,False,,Clean,Monoderm (Keep)
GCF_045210015.1,False,,Clean,Monoderm (Keep)
GCF_045208355.1,False,,Clean,Monoderm (Keep)
GCF_045208425.1,False,,Clean,Monoderm (Keep)
GCF_045209025.1,False,,Clean,Monoderm (Keep)
GCF_045209745.1,False,,Clean,Monoderm (Keep)
GCF_045207895.1,False,,Clean,Monoderm (Keep)
GCF_045209695.1,False,,Clean,Monoderm (Keep)
GCF_045208375.1,False,,Clean,Monoderm (Keep)
GCF_045207445.1,False,,Clean,Monoderm (Keep)
GCF_045209055.1,False,,Clean,Monoderm (Keep)
GCF_045209435.1,False,,Clean,Monoderm (Keep)
GCF_045209755.1,False,,Clean,Monoderm (Keep)
GCF_045209375.1,False,,Clean,Monoderm (Keep)
GCF_045208385.1,False,,Clean,Monoderm (Keep)
GCF_045208405.1,False,,Clean,Monoderm (Keep)
GCF_045208745.1,False,,Clean,Monoderm (Keep)
GCF_045207705.1,False,,Clean,Monoderm (Keep)
GCF_045209515.1,False,,Clean,Monoderm (Keep)
GCF_045208485.1,False,,Clean,Monoderm (Keep)
GCF_045209735.1,False,,Clean,Monoderm (Keep)
GCF_045208395.1,False,,Clean,Monoderm (Keep)
GCF_045208515.1,False,,Clean,Monoderm (Keep)
GCF_045208155.1,False,,Clean,Monoderm (Keep)
GCF_045208465.1,False,,Clean,Monoderm (Keep)
GCF_045208525.1,False,,Clean,Monoderm (Keep)
GCF_045209855.1,False,,Clean,Monoderm (Keep)
GCF_045208545.1,False,,Clean,Monoderm (Keep)
GCF_045209945.1,False,,Clean,Monoderm (Keep)
GCF_045208625.1,False,,Clean,Monoderm (Keep)
GCF_045209705.1,False,,Clean,Monoderm (Keep)
GCF_045208415.1,False,,Clean,Monoderm (Keep)
GCF_045207465.1,False,,Clean,Monoderm (Keep)
GCF_045208035.1,False,,Clean,Monoderm (Keep)
GCF_045207475.1,False,,Clean,Monoderm (Keep)
GCF_045207455.1,False,,Clean,Monoderm (Keep)
GCF_045209825.1,False,,Clean,Monoderm (Keep)
GCF_045209675.1,False,,Clean,Monoderm (Keep)
GCF_045209805.1,False,,Clean,Monoderm (Keep)
GCF_045209815.1,False,,Clean,Monoderm (Keep)
GCF_045209635.1,False,,Clean,Monoderm (Keep)
GCF_045209325.1,False,,Clean,Monoderm (Keep)
GCF_045208795.1,False,,Clean,Monoderm (Keep)
GCF_045209255.1,False,,Clean,Monoderm (Keep)
GCF_045209205.1,False,,Clean,Monoderm (Keep)
GCF_045256955.1,False,,Clean,Monoderm (Keep)
GCF_045207655.1,False,,Clean,Monoderm (Keep)
GCF_045276915.1,False,,Clean,Monoderm (Keep)
GCF_045276895.1,False,,Clean,Monoderm (Keep)
GCF_045276205.1,False,,Clean,Monoderm (Keep)
GCF_045277925.1,False,,Clean,Monoderm (Keep)
GCF_045276875.1,False,,Clean,Monoderm (Keep)
GCF_045277725.1,False,,Clean,Monoderm (Keep)
GCF_045276885.1,False,,Clean,Monoderm (Keep)
GCF_045278255.1,False,,Clean,Monoderm (Keep)
GCF_045276925.1,False,,Clean,Monoderm (Keep)
GCF_045276195.1,False,,Clean,Monoderm (Keep)
GCF_045277665.1,False,,Clean,Monoderm (Keep)
GCF_045277615.1,False,,Clean,Monoderm (Keep)
GCF_045277585.1,False,,Clean,Monoderm (Keep)
GCF_045276185.1,False,,Clean,Monoderm (Keep)
GCF_045276955.1,False,,Clean,Monoderm (Keep)
GCF_045277205.1,False,,Clean,Monoderm (Keep)
GCF_045277855.1,False,,Clean,Monoderm (Keep)
GCF_045278815.1,False,,Clean,Monoderm (Keep)
GCF_045277055.1,False,,Clean,Monoderm (Keep)
GCF_045276905.1,False,,Clean,Monoderm (Keep)
GCF_045278805.1,False,,Clean,Monoderm (Keep)
GCF_045290295.1,False,,Clean,Monoderm (Keep)
GCF_045277545.1,False,,Clean,Monoderm (Keep)
GCF_045277495.1,False,,Clean,Monoderm (Keep)
GCF_045277015.1,False,,Clean,Monoderm (Keep)
GCF_045277475.1,False,,Clean,Monoderm (Keep)
GCF_045277375.1,False,,Clean,Monoderm (Keep)
GCF_045277485.1,False,,Clean,Monoderm (Keep)
GCF_045277305.1,False,,Clean,Monoderm (Keep)
GCF_045277425.1,False,,Clean,Monoderm (Keep)
GCF_045277325.1,False,,Clean,Monoderm (Keep)
GCF_045277415.1,False,,Clean,Monoderm (Keep)
GCF_045277365.1,False,,Clean,Monoderm (Keep)
GCF_045277435.1,False,,Clean,Monoderm (Keep)
GCF_045277535.1,False,,Clean,Monoderm (Keep)
GCF_045277445.1,False,,Clean,Monoderm (Keep)
GCF_045277405.1,False,,Clean,Monoderm (Keep)
GCF_045277455.1,False,,Clean,Monoderm (Keep)
GCF_045277315.1,False,,Clean,Monoderm (Keep)
GCF_045277515.1,False,,Clean,Monoderm (Keep)
GCF_045277385.1,False,,Clean,Monoderm (Keep)
GCF_045277335.1,False,,Clean,Monoderm (Keep)
GCF_045277285.1,False,,Clean,Monoderm (Keep)
GCF_045277465.1,False,,Clean,Monoderm (Keep)
GCF_045277505.1,False,,Clean,Monoderm (Keep)
GCF_045277355.1,False,,Clean,Monoderm (Keep)
GCF_045288005.1,False,,Clean,Monoderm (Keep)
GCF_045277265.1,False,,Clean,Monoderm (Keep)
GCF_045277525.1,False,,Clean,Monoderm (Keep)
GCF_045277345.1,False,,Clean,Monoderm (Keep)
GCF_045277395.1,False,,Clean,Monoderm (Keep)
GCF_045277295.1,False,,Clean,Monoderm (Keep)
GCF_045278715.1,False,,Clean,Monoderm (Keep)
GCF_045288145.1,False,,Clean,Monoderm (Keep)
GCF_045276985.1,False,,Clean,Monoderm (Keep)
GCF_045287585.1,False,,Clean,Monoderm (Keep)
GCF_045257535.1,False,,Clean,Monoderm (Keep)
GCF_045257525.1,False,,Clean,Monoderm (Keep)
GCF_045257565.1,False,,Clean,Monoderm (Keep)
GCF_045257575.1,False,,Clean,Monoderm (Keep)
GCF_045257545.1,False,,Clean,Monoderm (Keep)
GCF_045278795.1,False,,Clean,Monoderm (Keep)
GCF_045278405.1,False,,Clean,Monoderm (Keep)
GCF_045257725.1,False,,Clean,Monoderm (Keep)
GCF_045277005.1,False,,Clean,Monoderm (Keep)
GCF_045276995.1,False,,Clean,Monoderm (Keep)
GCF_045276965.1,False,,Clean,Monoderm (Keep)
GCF_045276945.1,False,,Clean,Monoderm (Keep)
GCF_045277555.1,False,,Clean,Monoderm (Keep)
GCF_045287305.1,False,,Clean,Monoderm (Keep)
GCF_045290385.1,False,,Clean,Monoderm (Keep)
GCF_045290405.1,False,,Clean,Monoderm (Keep)
GCF_045290395.1,False,,Clean,Monoderm (Keep)
GCF_045290415.1,False,,Clean,Monoderm (Keep)
GCF_045290375.1,False,,Clean,Monoderm (Keep)
GCF_045286965.1,False,,Clean,Monoderm (Keep)
GCF_045348605.1,False,,Clean,Monoderm (Keep)
GCF_045290545.1,False,,Clean,Monoderm (Keep)
GCF_045290435.1,False,,Clean,Monoderm (Keep)
GCF_045288605.1,False,,Clean,Monoderm (Keep)
GCF_045278895.1,False,,Clean,Monoderm (Keep)
GCF_045346275.1,False,,Clean,Monoderm (Keep)
GCF_045348415.1,False,,Clean,Monoderm (Keep)
GCF_045346405.1,False,,Clean,Monoderm (Keep)
GCF_045348335.1,False,,Clean,Monoderm (Keep)
GCF_045346835.1,False,,Clean,Monoderm (Keep)
GCF_045346525.1,False,,Clean,Monoderm (Keep)
GCF_045346645.1,False,,Clean,Monoderm (Keep)
GCF_045346765.1,False,,Clean,Monoderm (Keep)
GCF_045346715.1,False,,Clean,Monoderm (Keep)
GCF_045347385.1,False,,Clean,Monoderm (Keep)
GCF_045347575.1,False,,Clean,Monoderm (Keep)
GCF_045348395.1,False,,Clean,Monoderm (Keep)
GCF_045347025.1,False,,Clean,Monoderm (Keep)
GCF_045347315.1,False,,Clean,Monoderm (Keep)
GCF_045347525.1,False,,Clean,Monoderm (Keep)
GCF_045343855.1,False,,Clean,Monoderm (Keep)
GCF_045348325.1,False,,Clean,Monoderm (Keep)
GCF_045348405.1,False,,Clean,Monoderm (Keep)
GCF_045346615.1,False,,Clean,Monoderm (Keep)
GCF_045345275.1,False,,Clean,Monoderm (Keep)
GCF_045348015.1,False,,Clean,Monoderm (Keep)
GCF_045346175.1,False,,Clean,Monoderm (Keep)
GCF_045346515.1,False,,Clean,Monoderm (Keep)
GCF_045347165.1,False,,Clean,Monoderm (Keep)
GCF_045347285.1,False,,Clean,Monoderm (Keep)
GCF_045347075.1,False,,Clean,Monoderm (Keep)
GCF_045348145.1,False,,Clean,Monoderm (Keep)
GCF_045348465.1,False,,Clean,Monoderm (Keep)
GCF_045346335.1,False,,Clean,Monoderm (Keep)
GCF_045343915.1,False,,Clean,Monoderm (Keep)
GCF_045290615.1,False,,Clean,Monoderm (Keep)
GCF_045345455.1,False,,Clean,Monoderm (Keep)
GCF_045348795.1,False,,Clean,Monoderm (Keep)
GCF_045290705.1,False,,Clean,Monoderm (Keep)
GCF_045343885.1,False,,Clean,Monoderm (Keep)
GCF_045348125.1,False,,Clean,Monoderm (Keep)
GCF_045290995.1,False,,Clean,Monoderm (Keep)
GCF_045345565.1,False,,Clean,Monoderm (Keep)
GCF_045348355.1,False,,Clean,Monoderm (Keep)
GCF_045348195.1,False,,Clean,Monoderm (Keep)
GCF_045348045.1,False,,Clean,Monoderm (Keep)
GCF_045346955.1,False,,Clean,Monoderm (Keep)
GCF_045348115.1,False,,Clean,Monoderm (Keep)
GCF_045348585.1,False,,Clean,Monoderm (Keep)
GCF_045344285.1,False,,Clean,Monoderm (Keep)
GCF_045347195.1,False,,Clean,Monoderm (Keep)
GCF_045347455.1,False,,Clean,Monoderm (Keep)
GCF_045348345.1,False,,Clean,Monoderm (Keep)
GCF_045346865.1,False,,Clean,Monoderm (Keep)
GCF_045291525.1,False,,Clean,Monoderm (Keep)
GCF_045348055.1,False,,Clean,Monoderm (Keep)
GCF_045291495.1,False,,Clean,Monoderm (Keep)
GCF_045291045.1,False,,Clean,Monoderm (Keep)
GCF_045291565.1,False,,Clean,Monoderm (Keep)
GCF_045348425.1,False,,Clean,Monoderm (Keep)
GCF_045345805.1,False,,Clean,Monoderm (Keep)
GCF_045345655.1,False,,Clean,Monoderm (Keep)
GCF_045348065.1,False,,Clean,Monoderm (Keep)
GCF_045348655.1,False,,Clean,Monoderm (Keep)
GCF_045348245.1,False,,Clean,Monoderm (Keep)
GCF_045348085.1,False,,Clean,Monoderm (Keep)
GCF_045348265.1,False,,Clean,Monoderm (Keep)
GCF_045348255.1,False,,Clean,Monoderm (Keep)
GCF_045348645.1,False,,Clean,Monoderm (Keep)
GCF_045348155.1,False,,Clean,Monoderm (Keep)
GCF_045291505.1,False,,Clean,Monoderm (Keep)
GCF_045348665.1,False,,Clean,Monoderm (Keep)
GCF_045679535.1,False,,Clean,Monoderm (Keep)
GCF_045571505.1,False,,Clean,Monoderm (Keep)
GCF_045678805.1,False,,Clean,Monoderm (Keep)
GCF_045588645.1,False,,Clean,Monoderm (Keep)
GCF_045689435.1,False,,Clean,Monoderm (Keep)
GCF_045689395.1,False,,Clean,Monoderm (Keep)
GCF_045291515.1,False,,Clean,Monoderm (Keep)
GCF_045689465.1,False,,Clean,Monoderm (Keep)
GCF_045343905.1,False,,Clean,Monoderm (Keep)
GCF_045401165.1,False,,Clean,Monoderm (Keep)
GCF_045348825.1,False,,Clean,Monoderm (Keep)
GCF_045689685.1,False,,Clean,Monoderm (Keep)
GCF_045689655.1,False,,Clean,Monoderm (Keep)
GCF_045689625.1,False,,Clean,Monoderm (Keep)
GCF_045786175.1,False,,Clean,Monoderm (Keep)
GCF_045786335.1,False,,Clean,Monoderm (Keep)
GCF_045689645.1,False,,Clean,Monoderm (Keep)
GCF_045689635.1,False,,Clean,Monoderm (Keep)
GCF_045786305.1,False,,Clean,Monoderm (Keep)
GCF_045690035.1,False,,Clean,Monoderm (Keep)
GCF_045782695.1,False,,Clean,Monoderm (Keep)
GCF_045690155.1,False,,Clean,Monoderm (Keep)
GCF_045690065.1,False,,Clean,Monoderm (Keep)
GCF_045690175.1,False,,Clean,Monoderm (Keep)
GCF_045782605.1,False,,Clean,Monoderm (Keep)
GCF_045690245.1,False,,Clean,Monoderm (Keep)
GCF_045689975.1,False,,Clean,Monoderm (Keep)
GCF_045516015.1,False,,Clean,Monoderm (Keep)
GCF_045690115.1,False,,Clean,Monoderm (Keep)
GCF_045690125.1,False,,Clean,Monoderm (Keep)
GCF_045690185.1,False,,Clean,Monoderm (Keep)
GCF_045690165.1,False,,Clean,Monoderm (Keep)
GCF_045690085.1,False,,Clean,Monoderm (Keep)
GCF_045690225.1,False,,Clean,Monoderm (Keep)
GCF_045690025.1,False,,Clean,Monoderm (Keep)
GCF_045690235.1,False,,Clean,Monoderm (Keep)
GCF_045690195.1,False,,Clean,Monoderm (Keep)
GCF_045690215.1,False,,Clean,Monoderm (Keep)
GCF_045690075.1,False,,Clean,Monoderm (Keep)
GCF_045690095.1,False,,Clean,Monoderm (Keep)
GCF_045690055.1,False,,Clean,Monoderm (Keep)
GCF_045690105.1,False,,Clean,Monoderm (Keep)
GCF_045690265.1,False,,Clean,Monoderm (Keep)
GCF_045690135.1,False,,Clean,Monoderm (Keep)
GCF_045690285.1,False,,Clean,Monoderm (Keep)
GCF_045690145.1,False,,Clean,Monoderm (Keep)
GCF_045690255.1,False,,Clean,Monoderm (Keep)
GCF_045519255.1,False,,Clean,Monoderm (Keep)
GCF_045690205.1,False,,Clean,Monoderm (Keep)
GCF_045690045.1,False,,Clean,Monoderm (Keep)
GCF_045689675.1,False,,Clean,Monoderm (Keep)
GCF_045689585.1,False,,Clean,Monoderm (Keep)
GCF_045789605.1,False,,Clean,Monoderm (Keep)
GCF_045790335.1,False,,Clean,Monoderm (Keep)
GCF_045788775.1,False,,Clean,Monoderm (Keep)
GCF_045788545.1,False,,Clean,Monoderm (Keep)
GCF_045789635.1,False,,Clean,Monoderm (Keep)
GCF_045788765.1,False,,Clean,Monoderm (Keep)
GCF_045789625.1,False,,Clean,Monoderm (Keep)
GCF_045789595.1,False,,Clean,Monoderm (Keep)
GCF_045789615.1,False,,Clean,Monoderm (Keep)
GCF_045789585.1,False,,Clean,Monoderm (Keep)
GCF_045788485.1,False,,Clean,Monoderm (Keep)
GCF_045788755.1,False,,Clean,Monoderm (Keep)
GCF_045689905.1,False,,Clean,Monoderm (Keep)
GCF_045780055.1,False,,Clean,Monoderm (Keep)
GCF_045780085.1,False,,Clean,Monoderm (Keep)
GCF_045690365.1,False,,Clean,Monoderm (Keep)
GCF_045790325.1,False,,Clean,Monoderm (Keep)
GCF_045784335.1,False,,Clean,Monoderm (Keep)
GCF_045791595.1,False,,Clean,Monoderm (Keep)
GCF_045791675.1,False,,Clean,Monoderm (Keep)
GCF_045801155.1,False,,Clean,Monoderm (Keep)
GCF_045780845.1,False,,Clean,Monoderm (Keep)
GCF_045790345.1,False,,Clean,Monoderm (Keep)
GCF_045791695.1,False,,Clean,Monoderm (Keep)
GCF_045781775.1,False,,Clean,Monoderm (Keep)
GCF_045782725.1,False,,Clean,Monoderm (Keep)
GCF_045781765.1,False,,Clean,Monoderm (Keep)
GCF_045927365.1,False,,Clean,Monoderm (Keep)
GCF_045933325.1,False,,Clean,Monoderm (Keep)
GCF_045926605.1,False,,Clean,Monoderm (Keep)
GCF_045924105.1,False,,Clean,Monoderm (Keep)
GCF_045938735.1,False,,Clean,Monoderm (Keep)
GCF_045926625.1,False,,Clean,Monoderm (Keep)
GCF_045933235.1,False,,Clean,Monoderm (Keep)
GCF_045936865.1,False,,Clean,Monoderm (Keep)
GCF_045940705.1,False,,Clean,Monoderm (Keep)
GCF_045924155.1,False,,Clean,Monoderm (Keep)
GCF_045934295.1,False,,Clean,Monoderm (Keep)
GCF_045939555.1,False,,Clean,Monoderm (Keep)
GCF_045931845.1,False,,Clean,Monoderm (Keep)
GCF_045929845.1,False,,Clean,Monoderm (Keep)
GCF_045928505.1,False,,Clean,Monoderm (Keep)
GCF_045936875.1,False,,Clean,Monoderm (Keep)
GCF_045939605.1,False,,Clean,Monoderm (Keep)
GCF_045937765.1,False,,Clean,Monoderm (Keep)
GCF_045939955.1,False,,Clean,Monoderm (Keep)
GCF_045866545.1,False,,Clean,Monoderm (Keep)
GCF_045934285.1,False,,Clean,Monoderm (Keep)
GCF_045938875.1,False,,Clean,Monoderm (Keep)
GCF_045926615.1,False,,Clean,Monoderm (Keep)
GCF_045927375.1,False,,Clean,Monoderm (Keep)
GCF_045933105.1,False,,Clean,Monoderm (Keep)
GCF_045927355.1,False,,Clean,Monoderm (Keep)
GCF_045866535.1,False,,Clean,Monoderm (Keep)
GCF_045931855.1,False,,Clean,Monoderm (Keep)
GCF_045940075.1,False,,Clean,Monoderm (Keep)
GCF_045930665.1,False,,Clean,Monoderm (Keep)
GCF_045929855.1,False,,Clean,Monoderm (Keep)
GCF_045928515.1,False,,Clean,Monoderm (Keep)
GCF_045936855.1,False,,Clean,Monoderm (Keep)
GCF_045930675.1,False,,Clean,Monoderm (Keep)
GCF_045935655.1,False,,Clean,Monoderm (Keep)
GCF_045931835.1,False,,Clean,Monoderm (Keep)
GCF_045938865.1,False,,Clean,Monoderm (Keep)
GCF_045935665.1,False,,Clean,Monoderm (Keep)
GCF_045939485.1,False,,Clean,Monoderm (Keep)
GCF_045934275.1,False,,Clean,Monoderm (Keep)
GCF_045923915.1,False,,Clean,Monoderm (Keep)
GCF_045937755.1,False,,Clean,Monoderm (Keep)
GCF_045865195.1,False,,Clean,Monoderm (Keep)
GCF_045928525.1,False,,Clean,Monoderm (Keep)
GCF_045862825.1,False,,Clean,Monoderm (Keep)
GCF_045937745.1,False,,Clean,Monoderm (Keep)
GCF_045819965.1,False,,Clean,Monoderm (Keep)
GCF_045930685.1,False,,Clean,Monoderm (Keep)
GCF_045940065.1,False,,Clean,Monoderm (Keep)
GCF_045935645.1,False,,Clean,Monoderm (Keep)
GCF_045929835.1,False,,Clean,Monoderm (Keep)
GCF_045925855.1,False,,Clean,Monoderm (Keep)
GCF_045865325.1,False,,Clean,Monoderm (Keep)
GCF_045919585.1,False,,Clean,Monoderm (Keep)
GCF_045866025.2,False,,Clean,Monoderm (Keep)
GCF_045820725.1,False,,Clean,Monoderm (Keep)
GCF_045819105.1,False,,Clean,Monoderm (Keep)
GCF_045865405.1,False,,Clean,Monoderm (Keep)
GCF_045865255.1,False,,Clean,Monoderm (Keep)
GCF_045822005.1,False,,Clean,Monoderm (Keep)
GCF_045866345.1,False,,Clean,Monoderm (Keep)
GCF_045819895.1,False,,Clean,Monoderm (Keep)
GCF_045819885.1,False,,Clean,Monoderm (Keep)
GCF_045835985.1,False,,Clean,Monoderm (Keep)
GCF_045862735.1,False,,Clean,Monoderm (Keep)
GCF_045833485.1,False,,Clean,Monoderm (Keep)
GCF_045925835.1,False,,Clean,Monoderm (Keep)
GCF_045865535.1,False,,Clean,Monoderm (Keep)
GCF_045924925.1,False,,Clean,Monoderm (Keep)
GCF_045924915.1,False,,Clean,Monoderm (Keep)
GCF_045920555.1,False,,Clean,Monoderm (Keep)
GCF_045866505.1,False,,Clean,Monoderm (Keep)
GCF_045865985.1,False,,Clean,Monoderm (Keep)
GCF_045865265.1,False,,Clean,Monoderm (Keep)
GCF_045865385.1,False,,Clean,Monoderm (Keep)
GCF_045865275.1,False,,Clean,Monoderm (Keep)
GCF_045941025.1,False,,Clean,Monoderm (Keep)
GCF_045940975.1,False,,Clean,Monoderm (Keep)
GCF_045942405.1,False,,Clean,Monoderm (Keep)
GCF_045942175.1,False,,Clean,Monoderm (Keep)
GCF_046119245.1,False,,Clean,Monoderm (Keep)
GCF_045943905.1,False,,Clean,Monoderm (Keep)
GCF_046115505.1,False,,Clean,Monoderm (Keep)
GCF_046105015.1,False,,Clean,Monoderm (Keep)
GCF_045944145.1,False,,Clean,Monoderm (Keep)
GCF_046058955.1,False,,Clean,Monoderm (Keep)
GCF_046119215.1,False,,Clean,Monoderm (Keep)
GCF_046097295.1,False,,Clean,Monoderm (Keep)
GCF_046097315.1,False,,Clean,Monoderm (Keep)
GCF_046116425.1,False,,Clean,Monoderm (Keep)
GCF_046127635.1,False,,Clean,Monoderm (Keep)
GCF_046109905.1,False,,Clean,Monoderm (Keep)
GCF_046058995.1,False,,Clean,Monoderm (Keep)
GCF_046101795.1,False,,Clean,Monoderm (Keep)
GCF_046097385.1,False,,Clean,Monoderm (Keep)
GCF_045944115.1,False,,Clean,Monoderm (Keep)
GCF_045942415.1,False,,Clean,Monoderm (Keep)
GCF_046119195.1,False,,Clean,Monoderm (Keep)
GCF_046097075.1,False,,Clean,Monoderm (Keep)
GCF_046119225.1,False,,Clean,Monoderm (Keep)
GCF_046111155.1,False,,Clean,Monoderm (Keep)
GCF_046097235.1,False,,Clean,Monoderm (Keep)
GCF_046097495.1,False,,Clean,Monoderm (Keep)
GCF_046195325.1,False,,Clean,Monoderm (Keep)
GCF_046109925.1,False,,Clean,Monoderm (Keep)
GCF_046127645.1,False,,Clean,Monoderm (Keep)
GCF_046197065.1,False,,Clean,Monoderm (Keep)
GCF_045946425.1,False,,Clean,Monoderm (Keep)
GCF_045945235.1,False,,Clean,Monoderm (Keep)
GCF_046119205.1,False,,Clean,Monoderm (Keep)
GCF_046119235.1,False,,Clean,Monoderm (Keep)
GCF_046042655.1,False,,Clean,Monoderm (Keep)
GCF_046111165.1,False,,Clean,Monoderm (Keep)
GCF_046237595.1,False,,Clean,Monoderm (Keep)
GCF_045999815.1,False,,Clean,Monoderm (Keep)
GCF_046097445.1,False,,Clean,Monoderm (Keep)
GCF_046058985.1,False,,Clean,Monoderm (Keep)
GCF_046113275.1,False,,Clean,Monoderm (Keep)
GCF_046097345.1,False,,Clean,Monoderm (Keep)
GCF_046109915.1,False,,Clean,Monoderm (Keep)
GCF_046097275.1,False,,Clean,Monoderm (Keep)
GCF_046097435.1,False,,Clean,Monoderm (Keep)
GCF_046097465.1,False,,Clean,Monoderm (Keep)
GCF_046097265.1,False,,Clean,Monoderm (Keep)
GCF_046097485.1,False,,Clean,Monoderm (Keep)
GCF_046097305.1,False,,Clean,Monoderm (Keep)
GCF_046097395.1,False,,Clean,Monoderm (Keep)
GCF_046097515.1,False,,Clean,Monoderm (Keep)
GCF_046097245.1,False,,Clean,Monoderm (Keep)
GCF_046097415.1,False,,Clean,Monoderm (Keep)
GCF_046097325.1,False,,Clean,Monoderm (Keep)
GCF_046058945.1,False,,Clean,Monoderm (Keep)
GCF_046097335.1,False,,Clean,Monoderm (Keep)
GCF_046097255.1,False,,Clean,Monoderm (Keep)
GCF_046112175.1,False,,Clean,Monoderm (Keep)
GCF_046097475.1,False,,Clean,Monoderm (Keep)
GCF_046097285.1,False,,Clean,Monoderm (Keep)
GCF_046097375.1,False,,Clean,Monoderm (Keep)
GCF_046097365.1,False,,Clean,Monoderm (Keep)
GCF_046199715.1,False,,Clean,Monoderm (Keep)
GCF_046097225.1,False,,Clean,Monoderm (Keep)
GCF_046097405.1,False,,Clean,Monoderm (Keep)
GCF_046097455.1,False,,Clean,Monoderm (Keep)
GCF_046097425.1,False,,Clean,Monoderm (Keep)
GCF_046097215.1,False,,Clean,Monoderm (Keep)
GCF_046097105.1,True,1.7e-44,ACKF5P_RS10635,Diderm (Exclude)
GCF_046127655.1,False,,Clean,Monoderm (Keep)
GCF_046115415.1,False,,Clean,Monoderm (Keep)
GCF_046058975.1,False,,Clean,Monoderm (Keep)
GCF_046118705.1,False,,Clean,Monoderm (Keep)
GCF_046101815.1,False,,Clean,Monoderm (Keep)
GCF_046196545.1,False,,Clean,Monoderm (Keep)
GCF_046237615.1,False,,Clean,Monoderm (Keep)
GCF_046058935.1,False,,Clean,Monoderm (Keep)
GCF_046237625.1,False,,Clean,Monoderm (Keep)
GCF_046237605.1,False,,Clean,Monoderm (Keep)
GCF_046237635.1,False,,Clean,Monoderm (Keep)
GCF_046097565.1,False,,Clean,Monoderm (Keep)
GCF_046103685.1,False,,Clean,Monoderm (Keep)
GCF_046195355.1,False,,Clean,Monoderm (Keep)
GCF_046268035.1,False,,Clean,Monoderm (Keep)
GCF_046272185.1,False,,Clean,Monoderm (Keep)
GCF_046268045.1,False,,Clean,Monoderm (Keep)
GCF_046272005.1,False,,Clean,Monoderm (Keep)
GCF_046352925.1,False,,Clean,Monoderm (Keep)
GCF_046523885.1,False,,Clean,Monoderm (Keep)
GCF_046245185.1,False,,Clean,Monoderm (Keep)
GCF_046529815.1,False,,Clean,Monoderm (Keep)
GCF_046529885.1,False,,Clean,Monoderm (Keep)
GCF_046529795.1,False,,Clean,Monoderm (Keep)
GCF_046244405.1,False,,Clean,Monoderm (Keep)
GCF_046267905.1,False,,Clean,Monoderm (Keep)
GCF_046529565.1,False,,Clean,Monoderm (Keep)
GCF_046529615.1,False,,Clean,Monoderm (Keep)
GCF_046267915.1,False,,Clean,Monoderm (Keep)
GCF_046529895.1,False,,Clean,Monoderm (Keep)
GCF_046272165.1,False,,Clean,Monoderm (Keep)
GCF_046272175.1,False,,Clean,Monoderm (Keep)
GCF_046268025.1,False,,Clean,Monoderm (Keep)
GCF_046529395.1,False,,Clean,Monoderm (Keep)
GCF_046267835.1,False,,Clean,Monoderm (Keep)
GCF_046529775.1,False,,Clean,Monoderm (Keep)
GCF_046529685.1,False,,Clean,Monoderm (Keep)
GCF_046529675.1,False,,Clean,Monoderm (Keep)
GCF_046250085.1,False,,Clean,Monoderm (Keep)
GCF_046529765.1,False,,Clean,Monoderm (Keep)
GCF_046267995.1,False,,Clean,Monoderm (Keep)
GCF_046529645.1,False,,Clean,Monoderm (Keep)
GCF_046529705.1,False,,Clean,Monoderm (Keep)
GCF_046529665.1,False,,Clean,Monoderm (Keep)
GCF_046267975.1,False,,Clean,Monoderm (Keep)
GCF_046529745.1,False,,Clean,Monoderm (Keep)
GCF_046523895.1,False,,Clean,Monoderm (Keep)
GCF_046244355.1,False,,Clean,Monoderm (Keep)
GCF_046529655.1,False,,Clean,Monoderm (Keep)
GCF_046271935.1,False,,Clean,Monoderm (Keep)
GCF_046529285.1,False,,Clean,Monoderm (Keep)
GCF_046529735.1,False,,Clean,Monoderm (Keep)
GCF_046271925.1,False,,Clean,Monoderm (Keep)
GCF_046529805.1,False,,Clean,Monoderm (Keep)
GCF_046271985.1,False,,Clean,Monoderm (Keep)
GCF_046271915.1,False,,Clean,Monoderm (Keep)
GCF_046268005.1,False,,Clean,Monoderm (Keep)
GCF_046272095.1,False,,Clean,Monoderm (Keep)
GCF_046245175.1,False,,Clean,Monoderm (Keep)
GCF_046268015.1,False,,Clean,Monoderm (Keep)
GCF_046529295.1,False,,Clean,Monoderm (Keep)
GCF_046529535.1,False,,Clean,Monoderm (Keep)
GCF_046529435.1,False,,Clean,Monoderm (Keep)
GCF_046237645.1,False,,Clean,Monoderm (Keep)
GCF_046245155.1,False,,Clean,Monoderm (Keep)
GCF_046529625.1,False,,Clean,Monoderm (Keep)
GCF_046529445.1,False,,Clean,Monoderm (Keep)
GCF_046529595.1,False,,Clean,Monoderm (Keep)
GCF_046529465.1,False,,Clean,Monoderm (Keep)
GCF_046250095.1,False,,Clean,Monoderm (Keep)
GCF_046267885.1,False,,Clean,Monoderm (Keep)
GCF_046267965.1,False,,Clean,Monoderm (Keep)
GCF_046250075.1,False,,Clean,Monoderm (Keep)
GCF_046529455.1,False,,Clean,Monoderm (Keep)
GCF_046267945.1,False,,Clean,Monoderm (Keep)
GCF_046529485.1,False,,Clean,Monoderm (Keep)
GCF_046267865.1,False,,Clean,Monoderm (Keep)
GCF_046529355.1,False,,Clean,Monoderm (Keep)
GCF_046244365.1,False,,Clean,Monoderm (Keep)
GCF_046267895.1,False,,Clean,Monoderm (Keep)
GCF_046529365.1,False,,Clean,Monoderm (Keep)
GCF_046529375.1,False,,Clean,Monoderm (Keep)
GCF_046271885.1,False,,Clean,Monoderm (Keep)
GCF_046529385.1,False,,Clean,Monoderm (Keep)
GCF_046529345.1,False,,Clean,Monoderm (Keep)
GCF_046529545.1,False,,Clean,Monoderm (Keep)
GCF_046529985.1,False,,Clean,Monoderm (Keep)
GCF_046529905.1,False,,Clean,Monoderm (Keep)
GCF_046530025.1,False,,Clean,Monoderm (Keep)
GCF_046530595.1,False,,Clean,Monoderm (Keep)
GCF_046529975.1,False,,Clean,Monoderm (Keep)
GCF_046530015.1,False,,Clean,Monoderm (Keep)
GCF_046529995.1,False,,Clean,Monoderm (Keep)
GCF_046530005.1,False,,Clean,Monoderm (Keep)
GCF_046581365.1,False,,Clean,Monoderm (Keep)
GCF_046717455.1,False,,Clean,Monoderm (Keep)
GCF_046531985.1,False,,Clean,Monoderm (Keep)
GCF_046717505.1,False,,Clean,Monoderm (Keep)
GCF_046530665.1,False,,Clean,Monoderm (Keep)
GCF_046530605.1,False,,Clean,Monoderm (Keep)
GCF_046717445.1,False,,Clean,Monoderm (Keep)
GCF_046581415.1,False,,Clean,Monoderm (Keep)
GCF_046530625.1,False,,Clean,Monoderm (Keep)
GCF_046531375.1,False,,Clean,Monoderm (Keep)
GCF_046581445.1,False,,Clean,Monoderm (Keep)
GCF_046530645.1,False,,Clean,Monoderm (Keep)
GCF_046530635.1,False,,Clean,Monoderm (Keep)
GCF_046530655.1,False,,Clean,Monoderm (Keep)
GCF_046531845.1,False,,Clean,Monoderm (Keep)
GCF_046531385.1,False,,Clean,Monoderm (Keep)
GCF_046581435.1,False,,Clean,Monoderm (Keep)
GCF_046717495.1,False,,Clean,Monoderm (Keep)
GCF_046619495.1,False,,Clean,Monoderm (Keep)
GCF_046603695.1,False,,Clean,Monoderm (Keep)
GCF_046581305.1,False,,Clean,Monoderm (Keep)
GCF_046603965.1,False,,Clean,Monoderm (Keep)
GCF_046628085.1,False,,Clean,Monoderm (Keep)
GCF_046599155.1,False,,Clean,Monoderm (Keep)
GCF_046603845.1,False,,Clean,Monoderm (Keep)
GCF_046618915.1,False,,Clean,Monoderm (Keep)
GCF_046531535.1,False,,Clean,Monoderm (Keep)
GCF_046531395.1,False,,Clean,Monoderm (Keep)
GCF_046628115.1,False,,Clean,Monoderm (Keep)
GCF_046603855.1,False,,Clean,Monoderm (Keep)
GCF_046603915.1,False,,Clean,Monoderm (Keep)
GCF_046531625.1,False,,Clean,Monoderm (Keep)
GCF_046531525.1,False,,Clean,Monoderm (Keep)
GCF_046622605.1,False,,Clean,Monoderm (Keep)
GCF_046531515.1,False,,Clean,Monoderm (Keep)
GCF_046531545.1,False,,Clean,Monoderm (Keep)
GCF_046531505.1,False,,Clean,Monoderm (Keep)
GCF_046628145.1,False,,Clean,Monoderm (Keep)
GCF_046531605.1,False,,Clean,Monoderm (Keep)
GCF_046531615.1,False,,Clean,Monoderm (Keep)
GCF_046603755.1,False,,Clean,Monoderm (Keep)
GCF_046603985.1,False,,Clean,Monoderm (Keep)
GCF_046530615.1,False,,Clean,Monoderm (Keep)
GCF_046581425.1,False,,Clean,Monoderm (Keep)
GCF_046531555.1,False,,Clean,Monoderm (Keep)
GCF_046603815.1,False,,Clean,Monoderm (Keep)
GCF_046603885.1,False,,Clean,Monoderm (Keep)
GCF_046717465.1,False,,Clean,Monoderm (Keep)
GCF_046603745.1,False,,Clean,Monoderm (Keep)
GCF_046603945.1,False,,Clean,Monoderm (Keep)
GCF_046603795.1,False,,Clean,Monoderm (Keep)
GCF_046605375.1,False,,Clean,Monoderm (Keep)
GCF_046581255.1,False,,Clean,Monoderm (Keep)
GCF_046603775.1,False,,Clean,Monoderm (Keep)
GCF_046603835.1,False,,Clean,Monoderm (Keep)
GCF_046603875.1,False,,Clean,Monoderm (Keep)
GCF_046619435.1,False,,Clean,Monoderm (Keep)
GCF_046603905.1,False,,Clean,Monoderm (Keep)
GCF_046603685.1,False,,Clean,Monoderm (Keep)
GCF_046603895.1,False,,Clean,Monoderm (Keep)
GCF_046619505.1,False,,Clean,Monoderm (Keep)
GCF_046603665.1,False,,Clean,Monoderm (Keep)
GCF_046603735.1,False,,Clean,Monoderm (Keep)
GCF_046619465.1,False,,Clean,Monoderm (Keep)
GCF_046619515.1,False,,Clean,Monoderm (Keep)
GCF_046715815.1,False,,Clean,Monoderm (Keep)
GCF_046619485.1,False,,Clean,Monoderm (Keep)
GCF_046713495.1,False,,Clean,Monoderm (Keep)
GCF_046603725.1,False,,Clean,Monoderm (Keep)
GCF_046717515.1,False,,Clean,Monoderm (Keep)
GCF_046717775.1,False,,Clean,Monoderm (Keep)
GCF_046717765.1,False,,Clean,Monoderm (Keep)
GCF_046718165.1,False,,Clean,Monoderm (Keep)
GCF_046717785.1,False,,Clean,Monoderm (Keep)
GCF_046736025.1,False,,Clean,Monoderm (Keep)
GCF_046736185.1,False,,Clean,Monoderm (Keep)
GCF_046736035.1,False,,Clean,Monoderm (Keep)
GCF_046736175.1,False,,Clean,Monoderm (Keep)
GCF_046736005.1,False,,Clean,Monoderm (Keep)
GCF_046736055.1,False,,Clean,Monoderm (Keep)
GCF_046741815.1,False,,Clean,Monoderm (Keep)
GCF_046742005.1,False,,Clean,Monoderm (Keep)
GCF_046741965.1,False,,Clean,Monoderm (Keep)
GCF_046741755.1,False,,Clean,Monoderm (Keep)
GCF_046742045.1,False,,Clean,Monoderm (Keep)
GCF_046741625.1,False,,Clean,Monoderm (Keep)
GCF_046742145.1,False,,Clean,Monoderm (Keep)
GCF_046741945.1,False,,Clean,Monoderm (Keep)
GCF_046742025.1,False,,Clean,Monoderm (Keep)
GCF_046742085.1,False,,Clean,Monoderm (Keep)
GCF_046741665.1,False,,Clean,Monoderm (Keep)
GCF_046741925.1,False,,Clean,Monoderm (Keep)
GCF_046741765.1,False,,Clean,Monoderm (Keep)
GCF_046741775.1,False,,Clean,Monoderm (Keep)
GCF_963227115.1,False,,Clean,Monoderm (Keep)
GCF_046742115.1,False,,Clean,Monoderm (Keep)
GCF_046741955.1,False,,Clean,Monoderm (Keep)
GCF_046742095.1,False,,Clean,Monoderm (Keep)
GCF_963227125.1,False,,Clean,Monoderm (Keep)
GCF_046741645.1,False,,Clean,Monoderm (Keep)
GCF_046741895.1,False,,Clean,Monoderm (Keep)
GCF_046741835.1,False,,Clean,Monoderm (Keep)
GCF_046741915.1,False,,Clean,Monoderm (Keep)
GCF_046741975.1,False,,Clean,Monoderm (Keep)
GCF_046741935.1,False,,Clean,Monoderm (Keep)
GCF_046742105.1,False,,Clean,Monoderm (Keep)
GCF_046741695.1,False,,Clean,Monoderm (Keep)
GCF_046742135.1,False,,Clean,Monoderm (Keep)
GCF_046742035.1,False,,Clean,Monoderm (Keep)
GCF_046741725.1,False,,Clean,Monoderm (Keep)
GCF_046741795.1,False,,Clean,Monoderm (Keep)
GCF_046741605.1,False,,Clean,Monoderm (Keep)
GCF_046741745.1,False,,Clean,Monoderm (Keep)
GCF_046741985.1,False,,Clean,Monoderm (Keep)
GCF_046741805.1,False,,Clean,Monoderm (Keep)
GCF_046741595.1,False,,Clean,Monoderm (Keep)
GCF_046741995.1,False,,Clean,Monoderm (Keep)
GCF_046741875.1,False,,Clean,Monoderm (Keep)
GCF_046741735.1,False,,Clean,Monoderm (Keep)
GCF_046742015.1,False,,Clean,Monoderm (Keep)
GCF_046741635.1,False,,Clean,Monoderm (Keep)
GCF_046741655.1,False,,Clean,Monoderm (Keep)
GCF_046741845.1,False,,Clean,Monoderm (Keep)
GCF_963227135.1,False,,Clean,Monoderm (Keep)
GCF_046741785.1,False,,Clean,Monoderm (Keep)
GCF_046741715.1,False,,Clean,Monoderm (Keep)
GCF_951392265.1,False,,Clean,Monoderm (Keep)
GCF_046763065.1,False,,Clean,Monoderm (Keep)
GCF_931185875.1,False,,Clean,Monoderm (Keep)
GCF_046763045.1,False,,Clean,Monoderm (Keep)
GCF_949787645.1,False,,Clean,Monoderm (Keep)
GCF_046741905.1,False,,Clean,Monoderm (Keep)
GCF_046763075.1,False,,Clean,Monoderm (Keep)
GCF_951217025.1,False,,Clean,Monoderm (Keep)
GCF_046741825.1,False,,Clean,Monoderm (Keep)
GCF_046763055.1,False,,Clean,Monoderm (Keep)
GCF_046741585.1,False,,Clean,Monoderm (Keep)
GCF_046741855.1,False,,Clean,Monoderm (Keep)
GCF_951792925.1,False,,Clean,Monoderm (Keep)
GCF_046741615.1,False,,Clean,Monoderm (Keep)
GCF_046741865.1,False,,Clean,Monoderm (Keep)
GCF_046742155.1,False,,Clean,Monoderm (Keep)
GCF_046736205.1,False,,Clean,Monoderm (Keep)
GCF_046741885.1,False,,Clean,Monoderm (Keep)
GCF_046741705.1,False,,Clean,Monoderm (Keep)
GCF_046736195.1,False,,Clean,Monoderm (Keep)
GCF_951803555.1,False,,Clean,Monoderm (Keep)
GCF_961514395.1,False,,Clean,Monoderm (Keep)
GCF_963227545.1,False,,Clean,Monoderm (Keep)
GCF_963227645.1,False,,Clean,Monoderm (Keep)
GCF_963227255.1,False,,Clean,Monoderm (Keep)
GCF_963227785.1,False,,Clean,Monoderm (Keep)
GCF_963237045.1,False,,Clean,Monoderm (Keep)
GCF_963227695.1,False,,Clean,Monoderm (Keep)
GCF_046736375.1,False,,Clean,Monoderm (Keep)
GCF_963243745.1,False,,Clean,Monoderm (Keep)
GCF_963242175.1,False,,Clean,Monoderm (Keep)
GCF_963243495.1,False,,Clean,Monoderm (Keep)
GCF_963506705.1,False,,Clean,Monoderm (Keep)
GCF_963378075.1,False,,Clean,Monoderm (Keep)
GCF_963311185.1,False,,Clean,Monoderm (Keep)
GCF_964019765.1,False,,Clean,Monoderm (Keep)
GCF_964019625.1,False,,Clean,Monoderm (Keep)
GCF_964020035.1,False,,Clean,Monoderm (Keep)
GCF_964019485.1,False,,Clean,Monoderm (Keep)
GCF_963506805.1,False,,Clean,Monoderm (Keep)
GCF_964019755.1,False,,Clean,Monoderm (Keep)
GCF_964019505.1,False,,Clean,Monoderm (Keep)
GCF_964020065.1,False,,Clean,Monoderm (Keep)
GCF_964020005.1,False,,Clean,Monoderm (Keep)
GCF_964019535.1,False,,Clean,Monoderm (Keep)
GCF_964019925.1,False,,Clean,Monoderm (Keep)
GCF_964019845.1,False,,Clean,Monoderm (Keep)
GCF_964019705.1,False,,Clean,Monoderm (Keep)
GCF_964019665.1,False,,Clean,Monoderm (Keep)
GCF_964019525.1,False,,Clean,Monoderm (Keep)
GCF_964019715.1,False,,Clean,Monoderm (Keep)
GCF_964019975.1,False,,Clean,Monoderm (Keep)
GCF_964019495.1,False,,Clean,Monoderm (Keep)
GCF_964019575.1,False,,Clean,Monoderm (Keep)
GCF_963378085.1,False,,Clean,Monoderm (Keep)
GCF_964019735.1,False,,Clean,Monoderm (Keep)
GCF_963931325.1,False,,Clean,Monoderm (Keep)
GCF_963931665.1,False,,Clean,Monoderm (Keep)
GCF_963556565.1,False,,Clean,Monoderm (Keep)
GCF_963931535.1,False,,Clean,Monoderm (Keep)
GCF_963669195.1,False,,Clean,Monoderm (Keep)
GCF_963931595.1,False,,Clean,Monoderm (Keep)
GCF_964019595.1,False,,Clean,Monoderm (Keep)
GCF_963931175.1,False,,Clean,Monoderm (Keep)
GCF_963556635.1,False,,Clean,Monoderm (Keep)
GCF_963931465.1,False,,Clean,Monoderm (Keep)
GCF_963666195.1,False,,Clean,Monoderm (Keep)
GCF_963663565.1,False,,Clean,Monoderm (Keep)
GCF_963971585.2,False,,Clean,Monoderm (Keep)
GCF_963664915.1,False,,Clean,Monoderm (Keep)
GCF_963664355.1,False,,Clean,Monoderm (Keep)
GCF_963667775.1,False,,Clean,Monoderm (Keep)
GCF_963556575.1,False,,Clean,Monoderm (Keep)
GCF_963662535.1,False,,Clean,Monoderm (Keep)
GCF_963506725.1,False,,Clean,Monoderm (Keep)
GCF_963667385.1,False,,Clean,Monoderm (Keep)
GCF_964020195.1,False,,Clean,Monoderm (Keep)
GCF_963426535.1,False,,Clean,Monoderm (Keep)
GCF_963663745.1,False,,Clean,Monoderm (Keep)
GCF_963993295.1,False,,Clean,Monoderm (Keep)
GCF_963993225.1,False,,Clean,Monoderm (Keep)
GCF_963993185.1,False,,Clean,Monoderm (Keep)
GCF_963993275.1,False,,Clean,Monoderm (Keep)
GCF_963993285.1,False,,Clean,Monoderm (Keep)
GCF_963993245.1,False,,Clean,Monoderm (Keep)
GCF_963993255.1,False,,Clean,Monoderm (Keep)
GCF_963993135.1,False,,Clean,Monoderm (Keep)
GCF_963993195.1,False,,Clean,Monoderm (Keep)
GCF_963993165.1,False,,Clean,Monoderm (Keep)
GCF_963993155.1,False,,Clean,Monoderm (Keep)
GCF_963378105.1,False,,Clean,Monoderm (Keep)
GCF_963993145.1,False,,Clean,Monoderm (Keep)
GCF_963993215.1,False,,Clean,Monoderm (Keep)
GCF_963993175.1,False,,Clean,Monoderm (Keep)
GCF_963993265.1,False,,Clean,Monoderm (Keep)
GCF_963378095.1,False,,Clean,Monoderm (Keep)
GCF_963853675.1,False,,Clean,Monoderm (Keep)
GCF_963525475.1,False,,Clean,Monoderm (Keep)
GCF_963993235.1,False,,Clean,Monoderm (Keep)
GCF_963853655.1,False,,Clean,Monoderm (Keep)
GCF_963853665.1,False,,Clean,Monoderm (Keep)
GCF_964020095.1,False,,Clean,Monoderm (Keep)
GCF_963993205.1,False,,Clean,Monoderm (Keep)
GCF_964020205.1,False,,Clean,Monoderm (Keep)
GCF_964030685.1,False,,Clean,Monoderm (Keep)
GCF_963777305.1,False,,Clean,Monoderm (Keep)
GCF_964020225.1,False,,Clean,Monoderm (Keep)
GCF_964020235.1,False,,Clean,Monoderm (Keep)
GCF_964030655.1,False,,Clean,Monoderm (Keep)
GCF_964017255.1,False,,Clean,Monoderm (Keep)
GCF_963853645.1,False,,Clean,Monoderm (Keep)
GCF_964030835.1,False,,Clean,Monoderm (Keep)
GCF_964020965.1,False,,Clean,Monoderm (Keep)
GCF_964031155.1,False,,Clean,Monoderm (Keep)
GCF_964030985.1,False,,Clean,Monoderm (Keep)
GCF_964031085.1,False,,Clean,Monoderm (Keep)
GCF_964031045.1,False,,Clean,Monoderm (Keep)
GCF_964030865.1,False,,Clean,Monoderm (Keep)
GCF_964031275.1,False,,Clean,Monoderm (Keep)
GCF_964030895.1,False,,Clean,Monoderm (Keep)
GCF_964030795.1,False,,Clean,Monoderm (Keep)
GCF_964030805.1,False,,Clean,Monoderm (Keep)
GCF_964065235.1,False,,Clean,Monoderm (Keep)
GCF_964084875.1,False,,Clean,Monoderm (Keep)
GCF_964063155.1,False,,Clean,Monoderm (Keep)
GCF_964063395.1,False,,Clean,Monoderm (Keep)
GCF_964063355.1,False,,Clean,Monoderm (Keep)
GCF_964063445.1,False,,Clean,Monoderm (Keep)
GCF_964065095.1,False,,Clean,Monoderm (Keep)
GCF_964065465.1,False,,Clean,Monoderm (Keep)
GCF_964065115.1,False,,Clean,Monoderm (Keep)
GCF_964263245.1,False,,Clean,Monoderm (Keep)
GCF_964063405.1,False,,Clean,Monoderm (Keep)
GCF_964063315.1,False,,Clean,Monoderm (Keep)
GCF_964065445.1,False,,Clean,Monoderm (Keep)
GCF_964062635.1,False,,Clean,Monoderm (Keep)
GCF_964065205.1,False,,Clean,Monoderm (Keep)
GCF_964063415.1,False,,Clean,Monoderm (Keep)
GCF_964065165.1,False,,Clean,Monoderm (Keep)
GCF_964065285.1,False,,Clean,Monoderm (Keep)
GCF_964062605.1,False,,Clean,Monoderm (Keep)
GCF_964065435.1,False,,Clean,Monoderm (Keep)
GCF_964068245.1,False,,Clean,Monoderm (Keep)
GCF_964062735.1,False,,Clean,Monoderm (Keep)
GCF_964063755.1,False,,Clean,Monoderm (Keep)
GCF_964065245.1,False,,Clean,Monoderm (Keep)
GCF_964063375.1,False,,Clean,Monoderm (Keep)
GCF_964084915.1,False,,Clean,Monoderm (Keep)
GCF_964060345.1,False,,Clean,Monoderm (Keep)
GCF_964063385.1,False,,Clean,Monoderm (Keep)
GCF_964062745.1,False,,Clean,Monoderm (Keep)
GCF_964063425.1,False,,Clean,Monoderm (Keep)
GCF_964062795.1,False,,Clean,Monoderm (Keep)
GCF_964264785.1,False,,Clean,Monoderm (Keep)
GCF_964264745.1,False,,Clean,Monoderm (Keep)
GCF_964031115.1,False,,Clean,Monoderm (Keep)
GCF_964030925.1,False,,Clean,Monoderm (Keep)
GCF_964062525.1,False,,Clean,Monoderm (Keep)
GCF_964030965.1,False,,Clean,Monoderm (Keep)
GCF_964057085.1,False,,Clean,Monoderm (Keep)
GCF_964057115.1,False,,Clean,Monoderm (Keep)
GCF_964057045.1,False,,Clean,Monoderm (Keep)
GCF_964062975.1,False,,Clean,Monoderm (Keep)
GCF_964057135.1,False,,Clean,Monoderm (Keep)
GCF_964057145.1,False,,Clean,Monoderm (Keep)
GCF_964057125.1,False,,Clean,Monoderm (Keep)
GCF_964057185.1,False,,Clean,Monoderm (Keep)
GCF_964271885.1,False,,Clean,Monoderm (Keep)
GCF_964069135.1,False,,Clean,Monoderm (Keep)
GCF_964199395.1,False,,Clean,Monoderm (Keep)
GCF_964057155.1,False,,Clean,Monoderm (Keep)
GCF_964057165.1,False,,Clean,Monoderm (Keep)
GCF_964186585.1,False,,Clean,Monoderm (Keep)
GCF_964271895.1,False,,Clean,Monoderm (Keep)
GCF_964199355.1,False,,Clean,Monoderm (Keep)
GCF_964271915.1,False,,Clean,Monoderm (Keep)
GCF_964205045.1,False,,Clean,Monoderm (Keep)
GCF_964271905.1,False,,Clean,Monoderm (Keep)
GCF_964271935.1,False,,Clean,Monoderm (Keep)
GCF_964271925.1,False,,Clean,Monoderm (Keep)
GCF_964271945.1,False,,Clean,Monoderm (Keep)
GCF_964271955.1,False,,Clean,Monoderm (Keep)
GCF_964271965.1,False,,Clean,Monoderm (Keep)
GCF_964205035.1,False,,Clean,Monoderm (Keep)
GCF_964272025.1,False,,Clean,Monoderm (Keep)
GCF_964272005.1,False,,Clean,Monoderm (Keep)
GCF_964272125.1,False,,Clean,Monoderm (Keep)
GCF_964272035.1,False,,Clean,Monoderm (Keep)
GCF_964272085.1,False,,Clean,Monoderm (Keep)
GCF_964271975.1,False,,Clean,Monoderm (Keep)
GCF_964272135.1,False,,Clean,Monoderm (Keep)
GCF_964271985.1,False,,Clean,Monoderm (Keep)
GCF_964272115.1,False,,Clean,Monoderm (Keep)
GCF_964272145.1,False,,Clean,Monoderm (Keep)
GCF_964272045.1,False,,Clean,Monoderm (Keep)
GCF_964272105.1,False,,Clean,Monoderm (Keep)
GCF_964272075.1,False,,Clean,Monoderm (Keep)
GCF_964271995.1,False,,Clean,Monoderm (Keep)
GCF_964272015.1,False,,Clean,Monoderm (Keep)
GCF_964272055.1,False,,Clean,Monoderm (Keep)
GCF_964272065.1,False,,Clean,Monoderm (Keep)
GCF_964272155.1,False,,Clean,Monoderm (Keep)
GCF_964340835.1,False,,Clean,Monoderm (Keep)
GCF_964276765.1,False,,Clean,Monoderm (Keep)
GCF_964277355.1,False,,Clean,Monoderm (Keep)
GCF_964272235.1,False,,Clean,Monoderm (Keep)
GCF_964272265.1,False,,Clean,Monoderm (Keep)
GCF_964272205.1,False,,Clean,Monoderm (Keep)
GCF_965111715.1,False,,Clean,Monoderm (Keep)
GCF_964272295.1,False,,Clean,Monoderm (Keep)
GCF_965111695.1,False,,Clean,Monoderm (Keep)
GCF_965111725.1,False,,Clean,Monoderm (Keep)
GCF_965111745.1,False,,Clean,Monoderm (Keep)
GCF_965111705.1,False,,Clean,Monoderm (Keep)
GCF_965111735.1,False,,Clean,Monoderm (Keep)
GCF_965111685.1,False,,Clean,Monoderm (Keep)
GCF_964272305.1,False,,Clean,Monoderm (Keep)
GCF_964272175.1,False,,Clean,Monoderm (Keep)
GCF_964272165.1,False,,Clean,Monoderm (Keep)
GCF_964272255.1,False,,Clean,Monoderm (Keep)
GCF_964272185.1,False,,Clean,Monoderm (Keep)
GCF_964272315.1,False,,Clean,Monoderm (Keep)
GCF_964272325.1,False,,Clean,Monoderm (Keep)
GCF_964272215.1,False,,Clean,Monoderm (Keep)
GCF_964272275.1,False,,Clean,Monoderm (Keep)
GCF_964272245.1,False,,Clean,Monoderm (Keep)
GCF_964272225.1,False,,Clean,Monoderm (Keep)
GCF_964272285.1,False,,Clean,Monoderm (Keep)
GCF_964341285.1,False,,Clean,Monoderm (Keep)
GCF_964272455.1,False,,Clean,Monoderm (Keep)
GCF_964272335.1,False,,Clean,Monoderm (Keep)
GCF_964272505.1,False,,Clean,Monoderm (Keep)
